timestamp,net_sentiment_percent,average_compound_score,total_posts,run_id
2026-01-30T21:02:50Z,8.96493645129212,0.0896493645129212,9620,run-1769806900451410947
2026-01-30T21:32:48Z,8.26319862335848,0.0826319862335848,9635,run-1769808700363332180
2026-01-30T22:02:55Z,8.77192051081043,0.0877192051081043,9648,run-1769810500373427235
2026-01-30T22:32:47Z,8.24261358203887,0.0824261358203887,9625,run-1769812300352160065
2026-01-30T23:02:51Z,9.33365632134306,0.0933365632134306,9663,run-1769814100403384089
2026-01-30T23:32:47Z,8.27892689014526,0.0827892689014526,9641,run-1769815900212391395
2026-01-31T00:02:46Z,8.96176343480521,0.0896176343480521,9691,run-1769817700441223772
2026-01-31T00:32:50Z,9.85089930329147,0.0985089930329147,9542,run-1769819500421956933
2026-01-31T01:02:47Z,9.51353772369449,0.0951353772369449,9698,run-1769821300461337046
2026-01-31T01:32:46Z,9.63471278463676,0.0963471278463676,9723,run-1769823100229926701
2026-01-31T02:02:45Z,9.79098305144416,0.0979098305144416,9691,run-1769824900401568718
2026-01-31T02:32:50Z,9.75331299717197,0.0975331299717197,9677,run-1769826700328181545
2026-01-31T03:02:47Z,9.17599944040531,0.0917599944040531,9690,run-1769828500581626377
2026-01-31T03:32:49Z,9.68716000482802,0.0968716000482802,9667,run-1769830300515422325
2026-01-31T04:02:48Z,8.44742131609537,0.0844742131609537,9702,run-1769832100528450882
2026-01-31T04:32:44Z,7.78507835897957,0.0778507835897957,9729,run-1769833900287712524
2026-01-31T05:02:45Z,10.0886261352764,0.100886261352764,9682,run-1769835700409125177
2026-01-31T05:32:47Z,9.57037506732573,0.0957037506732573,9672,run-1769837500449281404
2026-01-31T06:02:47Z,9.1348505813428,0.091348505813428,9677,run-1769839300659900818
2026-01-31T06:32:44Z,8.37312572435701,0.0837312572435701,9678,run-1769841100391384646
2026-01-31T07:02:51Z,9.46625185402179,0.0946625185402179,9629,run-1769842900391091788
2026-01-31T07:32:55Z,8.93874459971402,0.0893874459971402,9643,run-1769844700330143074
2026-01-31T08:02:42Z,9.20495550114729,0.0920495550114729,9716,run-1769846500304887025
2026-01-31T08:32:47Z,11.14200438517,0.1114200438517,9659,run-1769848300503235755
2026-01-31T09:02:47Z,12.4165076378964,0.124165076378964,9693,run-1769850100191065977
2026-01-31T09:32:45Z,11.5340516989217,0.115340516989217,9542,run-1769851900404279828
2026-01-31T10:02:52Z,12.4448294217236,0.124448294217236,9703,run-1769853700279639001
2026-01-31T10:32:54Z,11.7882831721942,0.117882831721942,9487,run-1769855500532234337
2026-01-31T11:02:44Z,10.9415734875597,0.109415734875597,9640,run-1769857300220248762
2026-01-31T11:32:45Z,11.3721855545615,0.113721855545615,9673,run-1769859100257248451
2026-01-31T12:02:45Z,11.3752485755428,0.113752485755428,9659,run-1769860900331913377
2026-01-31T12:32:46Z,10.9915947481716,0.109915947481716,9663,run-1769862700300398191
2026-01-31T13:02:48Z,11.004562053755,0.11004562053755,9671,run-1769864500419011782
2026-01-31T13:33:00Z,12.0516126503995,0.120516126503995,9616,run-1769866300331384697
2026-01-31T14:02:52Z,11.1860566673918,0.111860566673918,9747,run-1769868100456399881
2026-01-31T14:32:47Z,11.2594176285433,0.112594176285433,9611,run-1769869900362625551
2026-01-31T15:03:35Z,7.98951054120313,0.0798951054120313,4923,run-1769871700276924231
2026-01-31T15:32:46Z,9.69835060283861,0.0969835060283861,9653,run-1769873500317088632
2026-01-31T16:02:54Z,9.6701474362184,0.096701474362184,9643,run-1769875300428196739
2026-01-31T16:32:46Z,11.0147240757279,0.110147240757279,9663,run-1769877100418822604
2026-01-31T17:02:48Z,9.34981445946828,0.0934981445946828,9647,run-1769878900415659378
2026-01-31T17:32:45Z,9.8042791495124,0.098042791495124,9613,run-1769880700326925165
2026-01-31T18:02:58Z,9.91838457461413,0.0991838457461413,9684,run-1769882500379701243
2026-01-31T18:32:46Z,9.00102222505826,0.0900102222505826,9600,run-1769884300372205804
2026-01-31T19:02:52Z,9.26716089936871,0.0926716089936871,9709,run-1769886100349441629
2026-01-31T19:32:49Z,10.1730213935097,0.101730213935097,9695,run-1769887900400443635
2026-01-31T20:02:51Z,10.0857557249471,0.100857557249471,9698,run-1769889700567042008
2026-01-31T20:32:52Z,10.4800555409578,0.104800555409578,9640,run-1769891500477385871
2026-01-31T21:02:52Z,9.63735475141283,0.0963735475141283,9655,run-1769893300270894272
2026-01-31T21:32:52Z,9.45698984120096,0.0945698984120096,9702,run-1769895100323901072
2026-01-31T22:02:50Z,10.0302385572146,0.100302385572146,9633,run-1769896900211848253
2026-01-31T22:32:50Z,9.40890771240471,0.0940890771240471,9687,run-1769898700351237093
2026-01-31T23:02:46Z,10.5299856569082,0.105299856569082,9712,run-1769900500131193395
2026-01-31T23:32:43Z,10.3869050243538,0.103869050243538,9661,run-1769902300363417853
2026-02-01T00:02:48Z,10.5441802154595,0.105441802154595,9644,run-1769904100316197026
2026-02-01T00:32:46Z,9.68562338080177,0.0968562338080177,9664,run-1769905900363397537
2026-02-01T01:02:46Z,11.8193240712648,0.118193240712648,9640,run-1769907700207899961
2026-02-01T01:32:45Z,11.1239286564705,0.111239286564705,9707,run-1769909500308594719
2026-02-01T02:02:46Z,10.5299860502376,0.105299860502376,9637,run-1769911300401593249
2026-02-01T02:32:53Z,10.3942497232797,0.103942497232797,9693,run-1769913100343133565
2026-02-01T03:02:47Z,9.47539908093286,0.0947539908093286,9598,run-1769914900245226835
2026-02-01T03:32:48Z,10.0951592308699,0.100951592308699,9677,run-1769916700449631269
2026-02-01T04:02:47Z,9.86885775006563,0.0986885775006563,9704,run-1769918500324792248
2026-02-01T04:32:49Z,8.93949077293206,0.0893949077293206,9717,run-1769920300337726646
2026-02-01T05:02:45Z,10.2400308141885,0.102400308141885,9682,run-1769922100296045482
2026-02-01T05:32:53Z,10.4428006653989,0.104428006653989,9724,run-1769923900266993619
2026-02-01T06:02:53Z,10.7555524581686,0.107555524581686,9643,run-1769925700332114155
2026-02-01T06:32:38Z,9.88830423105135,0.0988830423105135,8319,run-1769927500281642769
2026-02-01T07:02:46Z,9.07735893064349,0.0907735893064349,9656,run-1769929300202840172
2026-02-01T07:32:47Z,10.3674691287601,0.103674691287601,9626,run-1769931100228096694
2026-02-01T08:02:42Z,9.637130677774,0.09637130677774,9683,run-1769932900280639278
2026-02-01T08:32:47Z,11.6818371025966,0.116818371025966,9589,run-1769934700199613318
2026-02-01T09:02:42Z,9.8008401230068,0.098008401230068,9314,run-1769936500344867278
2026-02-01T09:32:47Z,11.915700818188,0.11915700818188,9619,run-1769938300367383677
2026-02-01T10:02:46Z,13.0090885397299,0.130090885397299,9653,run-1769940100262284496
2026-02-01T10:32:44Z,11.765372873042,0.11765372873042,9679,run-1769941900365313929
2026-02-01T11:02:46Z,11.1827457183331,0.111827457183331,9689,run-1769943700253453634
2026-02-01T11:32:46Z,12.6195861886271,0.126195861886271,9653,run-1769945500156913842
2026-02-01T12:02:46Z,12.6414752425866,0.126414752425866,9667,run-1769947300219650593
2026-02-01T12:32:50Z,11.9895144501802,0.119895144501802,9678,run-1769949100320965656
2026-02-01T13:02:49Z,11.5328203207464,0.115328203207464,9646,run-1769950900453590492
2026-02-01T13:32:47Z,12.1692754070132,0.121692754070132,9628,run-1769952700316835526
2026-02-01T14:02:48Z,12.1906144859277,0.121906144859277,9659,run-1769954500470098414
2026-02-01T14:32:49Z,10.9970575733577,0.109970575733577,9615,run-1769956300309122434
2026-02-01T15:04:55Z,11.0142682076957,0.110142682076957,9678,run-1769958100323017792
2026-02-01T15:32:56Z,11.1799867526037,0.111799867526037,9525,run-1769959900503931149
2026-02-01T16:02:50Z,9.35691377258623,0.0935691377258623,9625,run-1769961700269564806
2026-02-01T16:32:51Z,10.7379344244829,0.107379344244829,9625,run-1769963500472144909
2026-02-01T17:02:53Z,11.1804111694584,0.111804111694584,9643,run-1769965300378276966
2026-02-01T17:32:49Z,8.36921047759159,0.0836921047759159,9685,run-1769967100391418994
2026-02-01T18:03:13Z,10.5458458485421,0.105458458485421,9672,run-1769968900475791400
2026-02-01T18:32:49Z,9.08920457249129,0.0908920457249129,9629,run-1769970700326172164
2026-02-01T19:02:48Z,10.9265064451041,0.109265064451041,9654,run-1769972500379657399
2026-02-01T19:32:51Z,10.3888436880859,0.103888436880859,9686,run-1769974300373019051
2026-02-01T20:02:49Z,11.2451725673922,0.112451725673922,9652,run-1769976100309588392
2026-02-01T20:32:47Z,11.0989035152953,0.110989035152953,9592,run-1769977900360825855
2026-02-01T21:02:49Z,10.4113710228022,0.104113710228022,9650,run-1769979700294098201
2026-02-01T21:32:50Z,10.6642305794672,0.106642305794672,9633,run-1769981500278200777
2026-02-01T22:02:49Z,10.5996407273063,0.105996407273063,9478,run-1769983300381611745
2026-02-01T22:32:50Z,11.0479075042076,0.110479075042076,9655,run-1769985100460067036
2026-02-01T23:02:47Z,10.0733520757055,0.100733520757055,9678,run-1769986900331626680
2026-02-01T23:33:14Z,10.5978590722379,0.105978590722379,9606,run-1769988700264385372
2026-02-02T00:03:15Z,9.65662203844956,0.0965662203844956,9672,run-1769990500434964301
2026-02-02T00:32:57Z,9.72226014497911,0.0972226014497911,9618,run-1769992300339397312
2026-02-02T01:02:52Z,10.2114198417517,0.102114198417517,9582,run-1769994100330350442
2026-02-02T01:32:50Z,10.4891718263106,0.104891718263106,9655,run-1769995900242182498
2026-02-02T02:03:02Z,10.766319658083,0.10766319658083,9655,run-1769997700466139735
2026-02-02T02:33:20Z,10.2693430527827,0.102693430527827,9663,run-1769999500184090623
2026-02-02T03:03:12Z,11.1044945767964,0.111044945767964,9680,run-1770001300428776787
2026-02-02T03:32:47Z,11.0089925930831,0.110089925930831,9719,run-1770003100260370512
2026-02-02T04:02:44Z,10.5803223157168,0.105803223157168,9717,run-1770004900285385908
2026-02-02T04:32:46Z,9.91516312229949,0.0991516312229949,9707,run-1770006700328688217
2026-02-02T05:32:43Z,10.5415366213703,0.105415366213703,9648,run-1770010300262090909
2026-02-02T06:02:47Z,10.4008668423134,0.104008668423134,9618,run-1770012100414409279
2026-02-02T06:32:48Z,10.8656971703758,0.108656971703758,9609,run-1770013900188938055
2026-02-02T07:02:52Z,9.85707072845223,0.0985707072845223,9476,run-1770015700542329772
2026-02-02T07:32:46Z,11.0352546809501,0.110352546809501,9640,run-1770017500439116997
2026-02-02T08:02:44Z,11.3127710972282,0.113127710972282,9665,run-1770019300255388856
2026-02-02T08:32:48Z,10.2069486375325,0.102069486375325,9683,run-1770021100387361192
2026-02-02T09:02:47Z,8.92778561372717,0.0892778561372717,9751,run-1770022900337586408
2026-02-02T09:32:10Z,11.9161094864562,0.119161094864562,3746,run-1770024700405033425
2026-02-02T10:02:47Z,12.0142006166739,0.120142006166739,9578,run-1770026500234523024
2026-02-02T10:32:48Z,11.4196987438627,0.114196987438627,9592,run-1770028300241877360
2026-02-02T11:02:53Z,11.565603497212,0.11565603497212,9633,run-1770030100181543568
2026-02-02T11:32:46Z,11.3170978795794,0.113170978795794,9669,run-1770031900284867969
2026-02-02T12:02:46Z,11.2064775095067,0.112064775095067,9649,run-1770033700208244149
2026-02-02T13:02:51Z,9.7182116137493,0.097182116137493,9613,run-1770037300510036409
2026-02-02T13:32:55Z,9.23559688970193,0.0923559688970193,9630,run-1770039100484404406
2026-02-02T14:02:54Z,9.83403349945976,0.0983403349945976,9658,run-1770040900447556016
2026-02-02T14:32:50Z,9.85723429091329,0.0985723429091329,9667,run-1770042700364032171
2026-02-02T15:05:43Z,11.2038897592307,0.112038897592307,9745,run-1770044500412452285
2026-02-02T15:33:00Z,10.5390837675509,0.105390837675509,9489,run-1770046300668389063
2026-02-02T16:02:53Z,10.1973293347208,0.101973293347208,9673,run-1770048100405478303
2026-02-02T16:32:54Z,9.48044723553328,0.0948044723553328,9660,run-1770049900260142351
2026-02-02T17:03:00Z,10.4339691199131,0.104339691199131,9639,run-1770051700424500366
2026-02-02T17:32:48Z,9.88233974965737,0.0988233974965737,9644,run-1770053500550888790
2026-02-02T18:02:53Z,10.4199114358064,0.104199114358064,9611,run-1770055300649760197
2026-02-02T18:32:51Z,10.4193207967403,0.104193207967403,9628,run-1770057100475418699
2026-02-02T19:02:50Z,9.84573856393546,0.0984573856393545,9585,run-1770058900651870683
2026-02-02T19:32:55Z,9.44697510416871,0.0944697510416871,9610,run-1770060700563320152
2026-02-02T20:02:53Z,10.311989807767,0.10311989807767,9685,run-1770062500560556624
2026-02-02T20:32:25Z,8.16466226240738,0.0816466226240739,5746,run-1770064300234178737
2026-02-02T21:02:51Z,9.69792496438748,0.0969792496438748,9686,run-1770066100258813984
2026-02-02T21:32:50Z,10.4585684433643,0.104585684433643,9622,run-1770067900442703289
2026-02-02T22:02:45Z,10.0055771588919,0.100055771588919,9614,run-1770069700319330996
2026-02-02T22:32:47Z,9.66015747155067,0.0966015747155067,9589,run-1770071500533590365
2026-02-02T23:02:54Z,10.3508056760618,0.103508056760618,9658,run-1770073300502427791
2026-02-02T23:32:56Z,9.3122126088944,0.0931221260889439,9558,run-1770075100386199031
2026-02-03T00:02:53Z,9.81804684665588,0.0981804684665588,9643,run-1770076900429026580
2026-02-03T00:32:56Z,10.491060996262,0.10491060996262,9641,run-1770078700529866456
2026-02-03T01:02:49Z,9.26332940989634,0.0926332940989634,9708,run-1770080500588668399
2026-02-03T01:32:47Z,9.382567587457,0.09382567587457,9502,run-1770082300446094394
2026-02-03T02:02:48Z,9.99863954991164,0.0999863954991164,9556,run-1770084100440572166
2026-02-03T02:32:48Z,8.65736543622943,0.0865736543622943,9513,run-1770085900348426368
2026-02-03T03:02:47Z,9.44725579359389,0.0944725579359389,9532,run-1770087700611476291
2026-02-03T03:32:47Z,8.83490277018828,0.0883490277018828,9552,run-1770089500313643550
2026-02-03T04:02:16Z,9.73300709079269,0.0973300709079269,4671,run-1770091300333047642
2026-02-03T04:32:48Z,8.34255073341588,0.0834255073341588,9374,run-1770093100545288359
2026-02-03T05:02:42Z,9.0083324414961,0.090083324414961,9468,run-1770094900343032654
2026-02-03T05:32:52Z,9.02248656720157,0.0902248656720157,9475,run-1770096700365663900
2026-02-03T06:02:46Z,9.23482099432221,0.0923482099432221,9419,run-1770098500411154867
2026-02-03T06:32:32Z,8.46921608739974,0.0846921608739974,7265,run-1770100300233555863
2026-02-03T07:02:27Z,9.83499378404037,0.0983499378404037,5821,run-1770102100347222069
2026-02-03T07:32:52Z,10.178556564467,0.10178556564467,9503,run-1770103900164375229
2026-02-03T08:02:55Z,9.68929014718094,0.0968929014718094,9708,run-1770105700398326990
2026-02-03T08:32:47Z,10.508786757035,0.10508786757035,9663,run-1770107500237228558
2026-02-03T09:02:48Z,8.75160774520251,0.0875160774520251,9714,run-1770109300405905039
2026-02-03T09:32:46Z,10.0969900307096,0.100969900307096,9714,run-1770111100448645737
2026-02-03T10:02:47Z,10.7560990641834,0.107560990641834,9689,run-1770112900234836851
2026-02-03T10:32:49Z,10.2183661169008,0.102183661169008,9650,run-1770114700245992388
2026-02-03T11:02:48Z,8.91991749687924,0.0891991749687924,9624,run-1770116500300185283
2026-02-03T11:32:51Z,10.6033150145711,0.106033150145711,9607,run-1770118300291964986
2026-02-03T12:02:47Z,10.0795365154657,0.100795365154657,9644,run-1770120100622852497
2026-02-03T12:32:49Z,10.6097605340404,0.106097605340404,9608,run-1770121900184387780
2026-02-03T13:02:49Z,9.67295387333791,0.0967295387333791,9678,run-1770123700275618943
2026-02-03T13:32:50Z,8.74734190521688,0.0874734190521688,9649,run-1770125500341147419
2026-02-03T14:02:52Z,9.86876292864991,0.0986876292864991,9387,run-1770127300708928746
2026-02-03T14:32:56Z,9.65262292184385,0.0965262292184385,9629,run-1770129100378436945
2026-02-03T15:32:57Z,8.66827385358297,0.0866827385358297,9650,run-1770132700394303767
2026-02-03T16:03:03Z,10.1677595534799,0.101677595534799,9503,run-1770134500445089031
2026-02-03T16:32:56Z,8.61462566061785,0.0861462566061785,9561,run-1770136300443779596
2026-02-03T17:03:03Z,8.44637485317861,0.0844637485317861,9674,run-1770138100488956115
2026-02-03T17:32:53Z,9.02075475676643,0.0902075475676643,9644,run-1770139900379923585
2026-02-03T18:02:49Z,8.21391538006809,0.0821391538006809,9656,run-1770141700295106493
2026-02-03T18:32:46Z,10.3696825030024,0.103696825030024,9639,run-1770143500498872528
2026-02-03T19:02:49Z,8.67766730260764,0.0867766730260764,9585,run-1770145300379946192
2026-02-03T19:32:52Z,9.30623075288054,0.0930623075288054,9675,run-1770147100311890296
2026-02-03T20:02:13Z,10.0600422993385,0.100600422993385,3665,run-1770148900330886341
2026-02-03T20:33:06Z,9.30940568687056,0.0930940568687056,9600,run-1770150700388804541
2026-02-03T21:02:50Z,8.7161051936111,0.0871610519361111,9569,run-1770152500563979196
2026-02-03T21:32:49Z,8.39020732899363,0.0839020732899363,9601,run-1770154300462181900
2026-02-03T22:02:53Z,8.38626018608374,0.0838626018608374,9560,run-1770156100376911264
2026-02-03T22:33:07Z,7.78105942676402,0.0778105942676402,9518,run-1770157900406730276
2026-02-03T23:02:59Z,7.65752221186157,0.0765752221186157,9588,run-1770159700243276567
2026-02-03T23:32:50Z,8.21652523986521,0.0821652523986521,9478,run-1770161500466321985
2026-02-04T00:02:48Z,8.6657493044423,0.086657493044423,9465,run-1770163300479463407
2026-02-04T00:32:50Z,8.25711943896143,0.0825711943896143,9444,run-1770165100501363378
2026-02-04T01:02:48Z,8.72813395618856,0.0872813395618856,9411,run-1770166900607496594
2026-02-04T01:32:45Z,10.3495283862874,0.103495283862874,9550,run-1770168700440495124
2026-02-04T02:02:45Z,9.46925411935985,0.0946925411935985,9440,run-1770170500389111503
2026-02-04T02:32:47Z,10.2781956912398,0.102781956912398,9539,run-1770172300242155755
2026-02-04T03:02:49Z,9.34202350508442,0.0934202350508442,9679,run-1770174100397398665
2026-02-04T03:32:06Z,9.47422742504731,0.0947422742504731,3203,run-1770175900318203378
2026-02-04T04:02:53Z,10.244993293998,0.10244993293998,9645,run-1770177700323846774
2026-02-04T04:32:47Z,10.1648290480243,0.101648290480243,9467,run-1770179500433351889
2026-02-04T05:02:34Z,9.39578138441692,0.0939578138441692,7253,run-1770181300373553041
2026-02-04T05:32:46Z,9.38884176543535,0.0938884176543535,9315,run-1770183100215790881
2026-02-04T06:02:47Z,9.74516939078523,0.0974516939078523,9259,run-1770184900420332502
2026-02-04T06:32:46Z,8.90110094925439,0.0890110094925439,9684,run-1770186700348101145
2026-02-04T07:02:41Z,10.4528748794141,0.104528748794141,9552,run-1770188500312031931
2026-02-04T07:32:38Z,10.3449107540595,0.103449107540595,8326,run-1770190300406462279
2026-02-04T08:02:45Z,10.5692270070962,0.105692270070962,9336,run-1770192100218165469
2026-02-04T08:32:52Z,10.529831204076,0.10529831204076,9344,run-1770193900387415260
2026-02-04T09:02:46Z,10.8322966820619,0.108322966820619,9495,run-1770195700457092384
2026-02-04T09:32:44Z,11.2128322108292,0.112128322108292,9137,run-1770197500366598607
2026-02-04T10:02:44Z,8.6169653748926,0.086169653748926,9215,run-1770199300422010311
2026-02-04T10:32:54Z,10.5492295151071,0.105492295151071,9343,run-1770201100344895119
2026-02-04T11:02:47Z,11.349176755877,0.11349176755877,9396,run-1770202900337243204
2026-02-04T11:32:50Z,10.9928975353717,0.109928975353717,9626,run-1770204700275682934
2026-02-04T12:02:48Z,10.1998881159004,0.101998881159004,9643,run-1770206500304045476
2026-02-04T12:32:53Z,11.4035391456672,0.114035391456672,9652,run-1770208300402419449
2026-02-04T13:02:48Z,9.50291072827403,0.0950291072827403,9651,run-1770210100304555411
2026-02-04T13:32:49Z,10.4129706988868,0.104129706988868,9633,run-1770211900244645611
2026-02-04T14:02:47Z,9.78123575430373,0.0978123575430373,9574,run-1770213700331031311
2026-02-04T14:32:52Z,8.83769839076879,0.0883769839076879,9599,run-1770215500566912857
2026-02-04T15:07:30Z,8.89230266627914,0.0889230266627914,9650,run-1770217300529067725
2026-02-04T15:32:51Z,10.3731964192077,0.103731964192077,9611,run-1770219100277626128
2026-02-04T16:02:56Z,9.47249168674676,0.0947249168674675,9692,run-1770220900488353175
2026-02-04T16:32:51Z,9.59130821841366,0.0959130821841366,9657,run-1770222700518022288
2026-02-04T17:02:51Z,9.89995606985611,0.0989995606985611,9623,run-1770224500418698336
2026-02-04T17:32:50Z,9.06862952132797,0.0906862952132797,9625,run-1770226300434603580
2026-02-04T18:02:52Z,9.42527963650837,0.0942527963650837,9071,run-1770228100333160930
2026-02-04T18:32:53Z,11.1794377475994,0.111794377475994,9655,run-1770229900296392708
2026-02-04T19:02:52Z,11.1247236920668,0.111247236920668,9656,run-1770231700508201915
2026-02-04T19:32:55Z,9.9530578949592,0.099530578949592,9789,run-1770233500248059075
2026-02-04T20:02:49Z,8.93862833136186,0.0893862833136186,9698,run-1770235300383836429
2026-02-04T20:32:46Z,9.26374547561857,0.0926374547561857,9607,run-1770237100438916306
2026-02-04T21:03:58Z,10.8731155185332,0.108731155185332,9621,run-1770238900470123932
2026-02-04T21:32:56Z,10.165828312916,0.10165828312916,9656,run-1770240700490230781
2026-02-04T22:02:14Z,9.55728809007831,0.0955728809007831,4430,run-1770242500339334798
2026-02-04T22:33:04Z,10.3408606819824,0.103408606819824,9672,run-1770244300491106457
2026-02-04T23:02:50Z,9.70515981369603,0.0970515981369603,9601,run-1770246100430600139
2026-02-04T23:32:48Z,10.5350441936234,0.105350441936234,9516,run-1770247900276123691
2026-02-05T00:02:44Z,11.0315586224059,0.110315586224059,9459,run-1770249700284752421
2026-02-05T00:32:45Z,9.79036546983958,0.0979036546983958,9567,run-1770251500463675252
2026-02-05T01:02:45Z,9.92415030157437,0.0992415030157437,9586,run-1770253300292475054
2026-02-05T01:32:43Z,10.421996846325,0.10421996846325,9651,run-1770255100373411183
2026-02-05T02:02:49Z,9.57625107701548,0.0957625107701549,9553,run-1770256900566214008
2026-02-05T02:32:45Z,9.90722128581394,0.0990722128581394,9540,run-1770258700248357501
2026-02-05T03:02:45Z,9.34866045918011,0.0934866045918011,9568,run-1770260500583593940
2026-02-05T03:32:44Z,10.3564859503585,0.103564859503585,9623,run-1770262300259172750
2026-02-05T04:02:52Z,10.2296177183172,0.102296177183172,9646,run-1770264100364052828
2026-02-05T04:32:46Z,9.74977727386609,0.0974977727386609,9547,run-1770265900251925955
2026-02-05T05:02:41Z,10.5613580113795,0.105613580113795,9448,run-1770267700309674768
2026-02-05T05:32:43Z,8.92762131058079,0.0892762131058079,9474,run-1770269500391224249
2026-02-05T06:02:43Z,9.80753365106741,0.0980753365106741,9449,run-1770271300439534781
2026-02-05T06:32:46Z,8.82239640944936,0.0882239640944936,9484,run-1770273100371897636
2026-02-05T07:02:46Z,9.47768420184138,0.0947768420184138,9633,run-1770274900596557333
2026-02-05T07:32:49Z,10.3429127877018,0.103429127877018,9360,run-1770276700490751283
2026-02-05T08:02:51Z,10.3093424674029,0.103093424674029,9662,run-1770278500424948286
2026-02-05T08:32:54Z,10.8978063592448,0.108978063592448,9640,run-1770280300526490238
2026-02-05T09:02:43Z,9.86661256465065,0.0986661256465065,9746,run-1770282100422489879
2026-02-05T09:32:48Z,11.3066629409499,0.113066629409499,9742,run-1770283900513120237
2026-02-05T10:02:45Z,10.0453018482052,0.100453018482052,9674,run-1770285700478088942
2026-02-05T10:32:47Z,11.9325820168888,0.119325820168888,9710,run-1770287500344914637
2026-02-05T11:02:48Z,10.0372150345228,0.100372150345228,9644,run-1770289300333287444
2026-02-05T11:32:42Z,10.6982405522949,0.106982405522949,9673,run-1770291100535796735
2026-02-05T12:02:47Z,10.6374633852801,0.106374633852801,9634,run-1770292900514700533
2026-02-05T12:32:49Z,9.99932268863771,0.0999932268863771,9632,run-1770294700521858331
2026-02-05T13:02:48Z,10.5259989842423,0.105259989842423,9662,run-1770296500518065453
2026-02-05T13:32:51Z,10.4366355400443,0.104366355400443,9596,run-1770298300267373682
2026-02-05T14:02:52Z,9.7437370679893,0.097437370679893,9656,run-1770300100568143919
2026-02-05T14:32:48Z,7.79514857028644,0.0779514857028644,9552,run-1770301900465335650
2026-02-05T15:32:50Z,9.66300712902509,0.0966300712902509,9525,run-1770305500373292651
2026-02-05T16:02:51Z,10.181691447148,0.10181691447148,9669,run-1770307300391405955
2026-02-05T16:32:50Z,10.5798924102413,0.105798924102413,9682,run-1770309100354374988
2026-02-05T17:02:58Z,10.1486599155394,0.101486599155394,9671,run-1770310900347473530
2026-02-05T17:32:53Z,10.0339331948066,0.100339331948066,9662,run-1770312700498410037
2026-02-05T18:02:51Z,10.9293008562385,0.109293008562385,9666,run-1770314500239516074
2026-02-05T18:33:00Z,11.0232031344443,0.110232031344443,9698,run-1770316300511559583
2026-02-05T19:02:44Z,10.3280343240422,0.103280343240422,9676,run-1770318100465049516
2026-02-05T19:32:45Z,9.98935857192297,0.0998935857192297,9718,run-1770319900451349514
2026-02-05T20:03:20Z,10.0849291835983,0.100849291835983,9663,run-1770321700444722423
2026-02-05T20:32:52Z,9.53591692576396,0.0953591692576396,9651,run-1770323500323863787
2026-02-05T21:03:02Z,8.88427693423811,0.0888427693423811,9678,run-1770325300363970209
2026-02-05T21:32:49Z,10.4165218823013,0.104165218823013,9696,run-1770327100450141072
2026-02-05T22:02:46Z,10.6413637599631,0.106413637599631,9682,run-1770328900383280872
2026-02-05T22:32:53Z,9.70639327360477,0.0970639327360477,9695,run-1770330700489902952
2026-02-05T23:03:05Z,10.0925308749949,0.100925308749949,9704,run-1770332500431302613
2026-02-05T23:32:55Z,10.4254610812018,0.104254610812018,9692,run-1770334300221906591
2026-02-06T00:02:47Z,9.13695936838874,0.0913695936838874,9641,run-1770336100517949733
2026-02-06T00:32:49Z,11.2064011770249,0.112064011770249,9608,run-1770337900628802352
2026-02-06T01:02:47Z,11.0769166846788,0.110769166846788,9670,run-1770339700591452579
2026-02-06T01:32:45Z,10.6990505871021,0.106990505871021,9631,run-1770341500541136919
2026-02-06T02:02:48Z,9.50196238629917,0.0950196238629917,9696,run-1770343300526587789
2026-02-06T02:32:38Z,10.1796419639782,0.101796419639782,9648,run-1770345100467456957
2026-02-06T03:02:43Z,10.1326437512776,0.101326437512776,9682,run-1770346900212069263
2026-02-06T03:32:43Z,9.32373740721104,0.0932373740721104,9698,run-1770348700541860355
2026-02-06T04:02:52Z,9.90298187049783,0.0990298187049783,9672,run-1770350500546258600
2026-02-06T04:32:49Z,10.37161589232,0.1037161589232,9687,run-1770352300357686040
2026-02-06T05:02:46Z,9.75499167556604,0.0975499167556604,9696,run-1770354100314058538
2026-02-06T05:32:44Z,8.26821942549498,0.0826821942549498,9734,run-1770355900412194310
2026-02-06T06:02:48Z,9.07828245573309,0.0907828245573309,9678,run-1770357700419491142
2026-02-06T06:32:44Z,10.5671928259561,0.105671928259561,9663,run-1770359500387008534
2026-02-06T07:02:51Z,10.3629345378276,0.103629345378276,9672,run-1770361300348255835
2026-02-06T07:32:44Z,10.0778415134719,0.100778415134719,9578,run-1770363100352983615
2026-02-06T08:02:48Z,10.1039034815523,0.101039034815523,9611,run-1770364900259122955
2026-02-06T08:32:47Z,10.6999489840399,0.106999489840399,9455,run-1770366700439502094
2026-02-06T09:02:39Z,10.6300887199491,0.106300887199491,9706,run-1770368500446564460
2026-02-06T09:32:55Z,9.28366939807112,0.0928366939807112,9655,run-1770370300382879753
2026-02-06T10:02:48Z,9.55589056506313,0.0955589056506313,9712,run-1770372101029503274
2026-02-06T10:32:51Z,11.3699344270506,0.113699344270506,9653,run-1770373900373333234
2026-02-06T11:02:46Z,10.4439705871431,0.104439705871431,9624,run-1770375700497762382
2026-02-06T11:32:46Z,11.0109679662765,0.110109679662765,9582,run-1770377500351568504
2026-02-06T12:32:51Z,9.4287196204521,0.094287196204521,9624,run-1770381100451660089
2026-02-06T13:02:55Z,7.81779728200747,0.0781779728200747,9653,run-1770382900323179914
2026-02-06T13:32:55Z,10.9086088238526,0.109086088238526,9635,run-1770384700365786279
2026-02-06T14:02:56Z,9.64376077106318,0.0964376077106318,9616,run-1770386500547747326
2026-02-06T14:32:52Z,8.79604288510696,0.0879604288510696,9622,run-1770388300460845220
2026-02-06T15:06:06Z,8.80695018136554,0.0880695018136554,13919,run-1770390100422078362
2026-02-06T15:32:59Z,9.58665342150114,0.0958665342150114,9642,run-1770391900445820154
2026-02-06T16:02:55Z,9.5433434972919,0.095433434972919,9657,run-1770393700467069058
2026-02-06T16:32:57Z,9.27348096910366,0.0927348096910366,9521,run-1770395500488281022
2026-02-06T17:02:49Z,8.79372717745716,0.0879372717745716,9597,run-1770397300350125261
2026-02-06T17:32:59Z,7.40576582006293,0.0740576582006293,9648,run-1770399100398380214
2026-02-06T18:02:59Z,8.62917452441568,0.0862917452441568,9633,run-1770400900211047448
2026-02-06T18:32:45Z,7.75064103577604,0.0775064103577604,9639,run-1770402700628326275
2026-02-06T19:02:53Z,9.23650177436947,0.0923650177436947,9680,run-1770404500344782470
2026-02-06T19:32:56Z,10.6305938500522,0.106305938500522,9663,run-1770406300270859754
2026-02-06T20:02:54Z,10.537194324755,0.10537194324755,9641,run-1770408100359177938
2026-02-06T20:32:53Z,9.36051948491861,0.0936051948491861,9623,run-1770409900566572702
2026-02-06T21:02:47Z,9.71024755538567,0.0971024755538567,9667,run-1770411700243395034
2026-02-06T21:32:28Z,9.85737635488462,0.0985737635488462,6771,run-1770413500233742436
2026-02-06T22:02:56Z,10.6410702307284,0.106410702307284,9579,run-1770415300334101887
2026-02-06T22:32:48Z,10.8007462548993,0.108007462548993,9671,run-1770417100309037033
2026-02-06T23:02:58Z,9.99095766525074,0.0999095766525074,9595,run-1770418900398421007
2026-02-06T23:32:49Z,10.4530063062318,0.104530063062318,9703,run-1770420700422927455
2026-02-07T00:02:50Z,8.71234323695938,0.0871234323695938,9683,run-1770422500352459127
2026-02-07T00:32:47Z,10.3496065631734,0.103496065631734,9664,run-1770424300447130723
2026-02-07T01:02:50Z,8.88017915741827,0.0888017915741827,9686,run-1770426100336757599
2026-02-07T01:32:50Z,10.2192224134427,0.102192224134427,9570,run-1770427900328524165
2026-02-07T02:02:42Z,9.42829023641026,0.0942829023641026,9652,run-1770429700379067290
2026-02-07T02:32:45Z,8.95770603410935,0.0895770603410935,9649,run-1770431500453165264
2026-02-07T03:02:43Z,9.46819941403052,0.0946819941403052,9636,run-1770433300488434772
2026-02-07T03:32:47Z,9.08149905593438,0.0908149905593438,9599,run-1770435100474118546
2026-02-07T04:02:53Z,11.0606286051407,0.110606286051407,9644,run-1770436900231087219
2026-02-07T04:32:46Z,10.4138672523103,0.104138672523103,9645,run-1770438700447458630
2026-02-07T05:02:44Z,10.6566668951005,0.106566668951005,9672,run-1770440500382107660
2026-02-07T05:32:44Z,9.93228438370751,0.0993228438370751,9643,run-1770442300223843822
2026-02-07T06:02:44Z,9.97354554433812,0.0997354554433812,9596,run-1770444100228130120
2026-02-07T06:32:42Z,9.01990553418137,0.0901990553418137,9677,run-1770445900433583601
2026-02-07T07:02:52Z,10.6394520948582,0.106394520948582,9648,run-1770447700340056421
2026-02-07T07:32:52Z,11.1109250686112,0.111109250686112,9675,run-1770449500332552569
2026-02-07T08:02:46Z,11.5262419004281,0.115262419004281,9624,run-1770451300398640570
2026-02-07T08:32:45Z,11.2286668736648,0.112286668736648,9609,run-1770453100165503768
2026-02-07T09:02:45Z,10.7248823526263,0.107248823526263,9678,run-1770454900362960457
2026-02-07T09:32:46Z,11.92212363152,0.1192212363152,9667,run-1770456700299435808
2026-02-07T10:02:46Z,10.4951526265494,0.104951526265494,9713,run-1770458500473719811
2026-02-07T10:32:46Z,11.2879214955891,0.112879214955891,9583,run-1770460300318628387
2026-02-07T11:02:40Z,9.72671578950606,0.0972671578950606,9656,run-1770462100367996537
2026-02-07T11:32:46Z,12.3670869558222,0.123670869558222,9513,run-1770463900410901812
2026-02-07T12:02:51Z,11.705067810496,0.11705067810496,9625,run-1770465700348577689
2026-02-07T12:32:45Z,12.1756945705242,0.121756945705242,9656,run-1770467500289713926
2026-02-07T13:02:49Z,10.8941386134565,0.108941386134565,9624,run-1770469300400715733
2026-02-07T13:32:47Z,10.5271176156234,0.105271176156234,9681,run-1770471100438390901
2026-02-07T14:02:49Z,11.4140671668016,0.114140671668016,9629,run-1770472900489481078
2026-02-07T14:32:47Z,11.2185802853815,0.112185802853815,9671,run-1770474700395028686
2026-02-07T15:07:07Z,11.513183376632,0.11513183376632,9666,run-1770476500499582718
2026-02-07T15:32:47Z,10.7461949009861,0.107461949009861,9606,run-1770478300306936624
2026-02-07T16:02:55Z,11.9271748672793,0.119271748672793,9631,run-1770480100266358046
2026-02-07T16:32:45Z,11.4680356020689,0.114680356020689,9645,run-1770481900327254714
2026-02-07T17:02:46Z,11.924803900074,0.11924803900074,9656,run-1770483700450221846
2026-02-07T17:32:51Z,11.7103675728664,0.117103675728664,9677,run-1770485500523852747
2026-02-07T18:02:48Z,10.90242922532,0.1090242922532,9671,run-1770487300307204946
2026-02-07T18:32:46Z,10.7550332176413,0.107550332176413,9633,run-1770489100432159580
2026-02-07T19:02:49Z,11.0981706975944,0.110981706975944,9698,run-1770490900431557366
2026-02-07T19:32:53Z,10.4626810921642,0.104626810921642,9678,run-1770492700355589208
2026-02-07T20:02:44Z,11.2913982681903,0.112913982681903,9668,run-1770494500414387588
2026-02-07T20:32:46Z,11.6613718434556,0.116613718434556,9733,run-1770496300365752782
2026-02-07T21:02:45Z,10.9459458182052,0.109459458182052,9643,run-1770498100401395182
2026-02-07T22:02:52Z,11.5220317188706,0.115220317188706,9699,run-1770501700487727668
2026-02-07T22:32:45Z,10.5186380157875,0.105186380157875,9636,run-1770503500369745712
2026-02-07T22:41:03Z,10.2107750014688,0.102107750014688,9708,run-1770503999623122705
2026-02-07T23:02:45Z,9.97409642504645,0.0997409642504645,9690,run-1770505300225341626
2026-02-07T23:32:45Z,10.888795623071,0.10888795623071,9613,run-1770507100307081928
2026-02-08T00:02:44Z,12.5295522572058,0.125295522572058,9656,run-1770508900336867763
2026-02-08T00:32:44Z,10.6780170927112,0.106780170927112,9698,run-1770510700256489543
2026-02-08T01:02:52Z,9.92782298014053,0.0992782298014054,9592,run-1770512500561972285
2026-02-08T01:32:42Z,11.8991814697826,0.118991814697826,9680,run-1770514300432552560
2026-02-08T02:02:41Z,11.209320560814,0.11209320560814,9653,run-1770516100753972185
2026-02-08T02:32:45Z,10.3431954587886,0.103431954587886,9630,run-1770517900415914261
2026-02-08T03:02:48Z,10.6963872212268,0.106963872212268,9642,run-1770519700409827570
2026-02-08T03:32:49Z,10.61717011029,0.1061717011029,9678,run-1770521500355149228
2026-02-08T04:02:46Z,10.35042643369,0.1035042643369,9627,run-1770523300497616938
2026-02-08T04:32:54Z,10.7237679633318,0.107237679633318,9647,run-1770525100428795212
2026-02-08T05:02:47Z,11.3584553126237,0.113584553126237,9693,run-1770526900418524215
2026-02-08T05:32:46Z,10.8259416465766,0.108259416465766,9667,run-1770528700441996296
2026-02-08T06:02:47Z,9.99559250143227,0.0999559250143227,9613,run-1770530500305776616
2026-02-08T06:32:45Z,8.73108680370773,0.0873108680370773,9653,run-1770532300437824750
2026-02-08T07:02:52Z,10.1433032763484,0.101433032763484,9685,run-1770534100269290860
2026-02-08T07:32:47Z,9.78215701643558,0.0978215701643558,9603,run-1770535900403317058
2026-02-08T08:02:45Z,11.3389557277539,0.113389557277539,9660,run-1770537700234241967
2026-02-08T08:32:46Z,11.7327521722223,0.117327521722223,9605,run-1770539500488046333
2026-02-08T09:02:47Z,12.409351475426,0.12409351475426,9597,run-1770541300381163138
2026-02-08T09:32:51Z,12.8147036146066,0.128147036146066,9672,run-1770543100358549654
2026-02-08T10:02:44Z,10.3652457303878,0.103652457303878,9717,run-1770544900337976342
2026-02-08T10:32:49Z,12.1449987151834,0.121449987151834,9683,run-1770546700280495976
2026-02-08T11:02:50Z,9.60468403530747,0.0960468403530747,9715,run-1770548500459276444
2026-02-08T11:32:54Z,10.4719494801389,0.104719494801389,9651,run-1770550300422491892
2026-02-08T12:02:44Z,11.2265648474171,0.112265648474171,9596,run-1770552100427164244
2026-02-08T12:32:48Z,10.9329126866796,0.109329126866796,9631,run-1770553900312164310
2026-02-08T13:02:47Z,11.3382322544524,0.113382322544524,9633,run-1770555700255728833
2026-02-08T13:32:53Z,11.7194050842796,0.117194050842796,9658,run-1770557500605202218
2026-02-08T14:02:45Z,11.569434455169,0.11569434455169,9709,run-1770559300478377863
2026-02-08T14:32:49Z,10.7027000684476,0.107027000684476,9633,run-1770561100371538514
2026-02-08T15:32:49Z,11.3895080810101,0.113895080810101,9605,run-1770564700382062876
2026-02-08T16:02:49Z,12.8399408023034,0.128399408023034,9611,run-1770566500527406617
2026-02-08T16:32:47Z,11.5524762706856,0.115524762706856,9600,run-1770568300438123002
2026-02-08T17:02:47Z,11.0798186051795,0.110798186051795,9686,run-1770570100298203510
2026-02-08T17:32:51Z,11.6113110564339,0.116113110564338,9678,run-1770571900360393584
2026-02-08T18:02:43Z,11.8283359683473,0.118283359683473,9643,run-1770573700287859877
2026-02-08T18:32:51Z,10.2848534360301,0.102848534360301,9693,run-1770575500377663573
2026-02-08T19:02:51Z,11.1770806611029,0.111770806611029,9672,run-1770577300536626476
2026-02-08T19:32:50Z,12.5104119264339,0.125104119264339,9642,run-1770579100534953127
2026-02-08T20:02:46Z,11.5065207988475,0.115065207988475,9661,run-1770580900357285232
2026-02-08T20:32:53Z,11.2385683904872,0.112385683904872,9632,run-1770582700321075761
2026-02-08T21:02:45Z,12.4574856828907,0.124574856828907,9660,run-1770584500388377338
2026-02-08T21:32:51Z,12.3156418842555,0.123156418842555,9707,run-1770586300230868306
2026-02-08T22:02:50Z,12.0293269792804,0.120293269792804,9632,run-1770588100336515178
2026-02-08T22:32:57Z,13.1557989223626,0.131557989223626,9642,run-1770589900563841255
2026-02-08T23:02:47Z,12.0149640968692,0.120149640968692,9698,run-1770591700466889560
2026-02-08T23:32:46Z,12.1660059691834,0.121660059691834,9739,run-1770593500465617274
2026-02-09T00:02:46Z,10.9529168994427,0.109529168994427,9704,run-1770595300322003443
2026-02-09T00:32:45Z,11.7911889339413,0.117911889339413,9755,run-1770597100500140984
2026-02-09T01:02:45Z,9.14448360168974,0.0914448360168974,9711,run-1770598900453108387
2026-02-09T01:32:47Z,10.2624459027828,0.102624459027828,9839,run-1770600700586935229
2026-02-09T02:02:47Z,10.646577444437,0.10646577444437,9752,run-1770602500367874388
2026-02-09T02:32:45Z,9.25543172649145,0.0925543172649145,9747,run-1770604300419946215
2026-02-09T03:02:44Z,11.5782016605873,0.115782016605873,9816,run-1770606100452966553
2026-02-09T03:32:47Z,15.1286131495444,0.151286131495444,9717,run-1770607900421365648
2026-02-09T04:02:48Z,11.8314651845464,0.118314651845464,9627,run-1770609700419657159
2026-02-09T04:32:48Z,12.2145075024774,0.122145075024774,9651,run-1770611500425501960
2026-02-09T05:02:47Z,11.5441391764069,0.115441391764069,9657,run-1770613300399473664
2026-02-09T05:32:47Z,11.3577929553797,0.113577929553797,9680,run-1770615100548212958
2026-02-09T06:02:48Z,10.8495462972367,0.108495462972367,9695,run-1770616900522329370
2026-02-09T06:32:45Z,8.53608946479678,0.0853608946479679,9703,run-1770618700439410602
2026-02-09T07:02:45Z,10.4506976647777,0.104506976647777,9649,run-1770620500416122982
2026-02-09T07:32:50Z,11.2589891180603,0.112589891180603,9634,run-1770622300411951279
2026-02-09T08:02:44Z,11.8877378267187,0.118877378267187,9573,run-1770624100383192228
2026-02-09T08:32:46Z,11.9290245262125,0.119290245262125,9677,run-1770625900609407721
2026-02-09T09:02:46Z,12.2167014301603,0.122167014301603,9708,run-1770627700393335996
2026-02-09T09:32:47Z,11.0961086667912,0.110961086667912,9590,run-1770629500336677937
2026-02-09T10:02:42Z,10.1630028238323,0.101630028238323,9682,run-1770631300683065744
2026-02-09T10:32:44Z,10.8584878264965,0.108584878264965,9605,run-1770633100408210223
2026-02-09T11:02:44Z,10.2059251044696,0.102059251044696,9690,run-1770634900543492561
2026-02-09T11:32:48Z,10.9926940168354,0.109926940168354,9657,run-1770636700481436209
2026-02-09T12:02:53Z,12.5934110992413,0.125934110992413,9638,run-1770638500504080768
2026-02-09T12:32:56Z,10.9997617083077,0.109997617083077,9627,run-1770640300555100662
2026-02-09T13:02:51Z,10.486003926274,0.10486003926274,9681,run-1770642100370652702
2026-02-09T13:33:02Z,11.5583238607295,0.115583238607295,9641,run-1770643900433284582
2026-02-09T14:02:50Z,11.0913283064136,0.110913283064136,9682,run-1770645700405215556
2026-02-09T14:32:18Z,10.9768165104398,0.109768165104398,4438,run-1770647500429981897
2026-02-09T15:32:51Z,10.5148297831726,0.105148297831726,9675,run-1770651100408701585
2026-02-09T16:03:03Z,9.82694475682277,0.0982694475682277,9654,run-1770652900461083175
2026-02-09T16:33:00Z,9.89333181782857,0.0989333181782857,9667,run-1770654700538025108
2026-02-09T17:03:03Z,10.6878569601394,0.106878569601394,9659,run-1770656500409212937
2026-02-09T17:32:51Z,9.28793018521098,0.0928793018521098,9689,run-1770658300375089196
2026-02-09T18:02:58Z,9.1368062177674,0.091368062177674,9649,run-1770660100552240129
2026-02-09T18:32:55Z,9.09008681613352,0.0909008681613352,9659,run-1770661900317304354
2026-02-09T19:02:56Z,8.73546320981007,0.0873546320981007,9802,run-1770663700277904851
2026-02-09T19:32:57Z,9.65094865724736,0.0965094865724736,9675,run-1770665500594128186
2026-02-09T20:01:54Z,8.57934487536649,0.0857934487536649,1259,run-1770667300553248550
2026-02-09T20:32:55Z,9.07723871300738,0.0907723871300738,9679,run-1770669100406733812
2026-02-09T21:02:50Z,9.43547481212106,0.0943547481212106,9703,run-1770670900551527425
2026-02-09T21:32:49Z,9.74272739831292,0.0974272739831292,9692,run-1770672700498782215
2026-02-09T22:02:47Z,9.58795200994176,0.0958795200994176,9644,run-1770674500546543760
2026-02-09T22:32:51Z,9.51870044090074,0.0951870044090073,9799,run-1770676300511151639
2026-02-09T23:02:46Z,9.60638655671127,0.0960638655671127,9524,run-1770678100476899853
2026-02-09T23:32:53Z,8.82480092515996,0.0882480092515996,9662,run-1770679900373028894
2026-02-10T00:02:52Z,8.187274396931,0.08187274396931,9711,run-1770681700469648936
2026-02-10T00:32:52Z,8.20516674950811,0.0820516674950811,9686,run-1770683500636512438
2026-02-10T01:02:48Z,8.23295792684201,0.0823295792684201,9647,run-1770685300395593145
2026-02-10T01:32:46Z,9.1025992181843,0.091025992181843,9638,run-1770687100411460277
2026-02-10T02:02:52Z,8.4623678150494,0.084623678150494,9699,run-1770688900489467530
2026-02-10T02:32:51Z,8.45641295747211,0.0845641295747211,9666,run-1770690700401910685
2026-02-10T03:02:47Z,8.81095101835834,0.0881095101835834,9664,run-1770692500536573976
2026-02-10T03:32:49Z,8.02154526650012,0.0802154526650012,9688,run-1770694300373670444
2026-02-10T04:02:49Z,8.62951454617727,0.0862951454617727,9652,run-1770696100389808823
2026-02-10T04:32:58Z,9.58969282048613,0.0958969282048613,9664,run-1770697900343361281
2026-02-10T05:02:49Z,8.26624159009642,0.0826624159009642,9601,run-1770699700457150678
2026-02-10T05:32:49Z,9.87203107986939,0.0987203107986939,9658,run-1770701500482860228
2026-02-10T06:02:48Z,8.74048743755628,0.0874048743755628,9483,run-1770703300506748547
2026-02-10T06:32:46Z,8.25681829927572,0.0825681829927572,9762,run-1770705100553564945
2026-02-10T07:02:52Z,9.61262718004652,0.0961262718004652,9621,run-1770706900465173191
2026-02-10T07:32:46Z,9.50229983671155,0.0950229983671155,9674,run-1770708700373095797
2026-02-10T08:02:51Z,9.36940911030384,0.0936940911030384,9656,run-1770710500452774737
2026-02-10T08:32:46Z,9.7892447616969,0.0978924476169691,9701,run-1770712300426273194
2026-02-10T09:02:51Z,10.9433833535812,0.109433833535812,9697,run-1770714100228924603
2026-02-10T09:32:51Z,10.1013052987393,0.101013052987393,9710,run-1770715900470406818
2026-02-10T10:02:48Z,8.96363086251941,0.0896363086251941,9423,run-1770717700465166886
2026-02-10T10:32:56Z,10.5662944717779,0.105662944717779,9637,run-1770719500389622181
2026-02-10T11:02:47Z,9.1980746648264,0.091980746648264,9687,run-1770721300951959962
2026-02-10T11:32:49Z,9.27491661237964,0.0927491661237964,9486,run-1770723100349703979
2026-02-10T12:02:49Z,10.6332793023971,0.106332793023971,9642,run-1770724900537988326
2026-02-10T12:32:47Z,11.3453137362374,0.113453137362374,9610,run-1770726700460940418
2026-02-10T13:02:54Z,10.143388208785,0.10143388208785,9571,run-1770728500387463468
2026-02-10T13:32:55Z,10.4695655254579,0.104695655254579,9654,run-1770730300415903089
2026-02-10T14:02:51Z,9.39392393896388,0.0939392393896388,9543,run-1770732100552912696
2026-02-10T14:32:55Z,9.29873297992515,0.0929873297992515,9613,run-1770733900543392287
2026-02-10T15:32:52Z,9.54022617895508,0.0954022617895508,9544,run-1770737500625713196
2026-02-10T16:02:51Z,8.82613740028249,0.0882613740028249,9621,run-1770739300469364692
2026-02-10T16:32:53Z,9.50173046462549,0.0950173046462549,9684,run-1770741100444556463
2026-02-10T17:02:52Z,9.62468161204926,0.0962468161204926,9675,run-1770742900566206447
2026-02-10T17:32:50Z,10.1593151583325,0.101593151583325,9596,run-1770744700399721304
2026-02-10T18:02:55Z,9.36594358626994,0.0936594358626994,9716,run-1770746500639829878
2026-02-10T18:32:53Z,9.94119225095995,0.0994119225095995,9642,run-1770748300693105012
2026-02-10T19:03:04Z,11.0078253227873,0.110078253227873,9625,run-1770750100567425851
2026-02-10T19:32:52Z,9.23637008719739,0.0923637008719739,9627,run-1770751900466059087
2026-02-10T20:02:57Z,10.617137520339,0.10617137520339,9628,run-1770753700543492095
2026-02-10T20:32:50Z,10.1530363625873,0.101530363625873,9672,run-1770755500353978778
2026-02-10T21:02:56Z,9.80310458459572,0.0980310458459572,9642,run-1770757300822000445
2026-02-10T21:32:49Z,9.43092409346735,0.0943092409346735,9670,run-1770759100463660905
2026-02-10T22:02:48Z,10.2688036614097,0.102688036614097,9664,run-1770760900517836692
2026-02-10T22:32:50Z,8.26656511871309,0.0826656511871309,9667,run-1770762700442917643
2026-02-10T23:02:50Z,9.83458934418671,0.098345893441867,9646,run-1770764500340896639
2026-02-10T23:32:52Z,9.58466262521913,0.0958466262521913,9613,run-1770766300359540822
2026-02-11T00:02:53Z,9.503785762987,0.09503785762987,9661,run-1770768100447513103
2026-02-11T00:33:00Z,9.41230640602571,0.0941230640602571,9678,run-1770769900353424749
2026-02-11T01:02:48Z,8.8308247710259,0.088308247710259,9677,run-1770771700614267242
2026-02-11T01:32:52Z,9.16748395721429,0.0916748395721429,9643,run-1770773500440858799
2026-02-11T02:02:53Z,8.45124537089345,0.0845124537089345,9644,run-1770775300450815759
2026-02-11T02:32:52Z,9.18468159899262,0.0918468159899262,9647,run-1770777100646482095
2026-02-11T03:02:41Z,8.94549099420143,0.0894549099420143,7854,run-1770778900448930879
2026-02-11T03:32:56Z,8.8439139723327,0.088439139723327,9704,run-1770780700622450592
2026-02-11T04:02:48Z,10.0869843809748,0.100869843809748,9678,run-1770782500478986823
2026-02-11T04:32:53Z,9.31042089487147,0.0931042089487147,9639,run-1770784300350990438
2026-02-11T05:02:48Z,9.75599335785568,0.0975599335785568,9628,run-1770786100429397107
2026-02-11T05:32:44Z,9.95829093138392,0.0995829093138392,9671,run-1770787900392754248
2026-02-11T06:02:48Z,9.00029863603852,0.0900029863603852,9612,run-1770789700267717539
2026-02-11T06:32:42Z,8.08614268937085,0.0808614268937085,9758,run-1770791500381475029
2026-02-11T07:02:44Z,9.43356323812345,0.0943356323812345,9470,run-1770793300423746461
2026-02-11T07:32:51Z,9.17513183927299,0.0917513183927299,9685,run-1770795100415023260
2026-02-11T08:03:00Z,9.75267543573752,0.0975267543573752,9656,run-1770796900523498228
2026-02-11T08:32:47Z,11.7169738848484,0.117169738848484,9670,run-1770798700250124930
2026-02-11T09:02:45Z,11.1067605818034,0.111067605818034,9658,run-1770800500359122282
2026-02-11T09:32:43Z,10.3299203465824,0.103299203465824,9651,run-1770802300446327897
2026-02-11T10:02:49Z,10.640544167093,0.10640544167093,9618,run-1770804100625944904
2026-02-11T10:32:42Z,10.8932808498343,0.108932808498343,9670,run-1770805900283390558
2026-02-11T11:02:07Z,9.17366476776968,0.0917366476776968,3669,run-1770807700548767433
2026-02-11T11:32:42Z,9.318074080526,0.09318074080526,9690,run-1770809500385057364
2026-02-11T12:02:46Z,11.0303112186741,0.110303112186741,9632,run-1770811300348396695
2026-02-11T12:32:54Z,8.46131718667704,0.0846131718667704,9646,run-1770813100357261018
2026-02-11T13:02:47Z,10.0779303025076,0.100779303025076,9616,run-1770814900572319610
2026-02-11T13:32:47Z,9.02305256753322,0.0902305256753322,9592,run-1770816700649604264
2026-02-11T14:02:48Z,8.85223359648359,0.0885223359648359,9598,run-1770818500604699082
2026-02-11T14:32:49Z,7.71888843545953,0.0771888843545953,9599,run-1770820300545691763
2026-02-11T15:08:29Z,9.62571908515009,0.0962571908515009,9671,run-1770822440226745737
2026-02-11T15:33:01Z,9.74602908408221,0.0974602908408221,9571,run-1770823900529610245
2026-02-11T16:02:59Z,8.16627954819256,0.0816627954819256,9672,run-1770825700698621935
2026-02-11T16:32:52Z,8.66164697172867,0.0866164697172867,9633,run-1770827500663529391
2026-02-11T17:02:47Z,8.31255971528223,0.0831255971528223,9574,run-1770829300315142574
2026-02-11T17:32:44Z,8.06596488955115,0.0806596488955115,9654,run-1770831100340823526
2026-02-11T18:02:46Z,7.92261751210749,0.0792261751210749,9586,run-1770832900600707098
2026-02-11T18:32:03Z,6.8543151727365,0.068543151727365,1904,run-1770834700557326381
2026-02-11T19:02:49Z,8.4927960218396,0.084927960218396,9589,run-1770836500508895955
2026-02-11T19:33:12Z,7.60776408644799,0.0760776408644799,9647,run-1770838300399118168
2026-02-11T20:02:51Z,7.48375222705266,0.0748375222705266,9670,run-1770840100765023718
2026-02-11T20:32:48Z,8.05598871876316,0.0805598871876316,9673,run-1770841900568287972
2026-02-11T21:02:48Z,7.11480458115713,0.0711480458115713,9668,run-1770843700442978510
2026-02-11T21:32:47Z,8.52505963973413,0.0852505963973413,9632,run-1770845500369440345
2026-02-11T22:02:39Z,8.4886509022518,0.084886509022518,9571,run-1770847300556782917
2026-02-11T22:32:48Z,8.52261151916277,0.0852261151916277,9638,run-1770849100524842407
2026-02-11T23:02:47Z,9.05129005544621,0.0905129005544621,9646,run-1770850900590357960
2026-02-11T23:32:47Z,8.72090944688153,0.0872090944688153,9663,run-1770852700529983455
2026-02-12T00:02:43Z,8.05872257456323,0.0805872257456323,9618,run-1770854500466399852
2026-02-12T00:32:47Z,9.60679843857393,0.0960679843857393,9659,run-1770856300521610588
2026-02-12T01:02:45Z,9.66591934115761,0.0966591934115762,9700,run-1770858100398599353
2026-02-12T01:32:42Z,8.55245690794211,0.0855245690794211,9703,run-1770859900625554474
2026-02-12T02:02:43Z,9.06103367698806,0.0906103367698806,9587,run-1770861700374743246
2026-02-12T02:32:46Z,9.76004334167998,0.0976004334167998,9749,run-1770863500435915052
2026-02-12T03:02:46Z,9.47706220397955,0.0947706220397955,9656,run-1770865300565397379
2026-02-12T03:32:43Z,9.77949011227281,0.0977949011227281,9678,run-1770867100558855687
2026-02-12T04:02:42Z,9.76498094619151,0.0976498094619151,9655,run-1770868900471577813
2026-02-12T04:32:43Z,9.4078658497521,0.094078658497521,9669,run-1770870700284406625
2026-02-12T05:02:51Z,8.96008996029615,0.0896008996029615,9650,run-1770872500374358074
2026-02-12T05:32:44Z,9.20915807990479,0.0920915807990479,9632,run-1770874300457502458
2026-02-12T06:02:49Z,10.3394752265376,0.103394752265376,9589,run-1770876100512473287
2026-02-12T06:32:46Z,9.36626185964219,0.0936626185964219,9654,run-1770877900281949936
2026-02-12T07:02:41Z,8.44435460668227,0.0844435460668227,9675,run-1770879700342429081
2026-02-12T07:32:46Z,10.0896601316271,0.100896601316271,9670,run-1770881500429095948
2026-02-12T08:02:45Z,9.87551537255539,0.0987551537255539,9621,run-1770883300326339914
2026-02-12T08:32:45Z,9.9640058531121,0.099640058531121,9317,run-1770885100405377969
2026-02-12T09:02:46Z,10.6788804640208,0.106788804640208,9420,run-1770886900385276511
2026-02-12T09:32:21Z,10.3479679266481,0.103479679266481,5795,run-1770888700608467432
2026-02-12T10:02:47Z,10.4612846356167,0.104612846356167,9672,run-1770890500468356609
2026-02-12T10:32:44Z,8.86349538511119,0.0886349538511119,9634,run-1770892300664186752
2026-02-12T11:02:46Z,10.2139171032867,0.102139171032867,9695,run-1770894100406117266
2026-02-12T11:32:40Z,8.73181882504475,0.0873181882504475,9681,run-1770895900692504508
2026-02-12T12:02:47Z,10.5944752729837,0.105944752729837,9657,run-1770897700501950740
2026-02-12T12:32:45Z,10.1061037079078,0.101061037079078,9635,run-1770899500402357495
2026-02-12T13:02:51Z,9.38786523403611,0.0938786523403611,9605,run-1770901300432896738
2026-02-12T13:32:49Z,10.0496561242256,0.100496561242256,9634,run-1770903100586741032
2026-02-12T14:02:51Z,9.90424652070673,0.0990424652070673,9707,run-1770904900340693319
2026-02-12T14:32:52Z,8.24712998080209,0.0824712998080209,9630,run-1770906700322910730
2026-02-12T15:08:43Z,8.50767711644267,0.0850767711644267,9610,run-1770908860635552679
2026-02-12T15:32:45Z,10.1314395282216,0.101314395282216,9571,run-1770910300557449747
2026-02-12T16:02:48Z,9.61304584365127,0.0961304584365127,9683,run-1770912100371820956
2026-02-12T16:32:49Z,9.27122739433489,0.0927122739433489,9641,run-1770913900642769748
2026-02-12T17:02:50Z,10.2887098349898,0.102887098349898,9678,run-1770915700411451005
2026-02-12T17:32:44Z,9.76855115824588,0.0976855115824588,9590,run-1770917500427637830
2026-02-12T18:02:54Z,9.36800680236526,0.0936800680236526,9697,run-1770919300419652786
2026-02-12T18:32:49Z,8.88560482091649,0.0888560482091649,9659,run-1770921100488207756
2026-02-12T19:02:47Z,9.642449641443,0.09642449641443,9601,run-1770922900532086762
2026-02-12T19:32:47Z,10.3198352150767,0.103198352150767,9592,run-1770924700454903362
2026-02-12T20:02:46Z,9.24593034470086,0.0924593034470086,9657,run-1770926500364074194
2026-02-12T20:32:43Z,8.75410733951101,0.0875410733951101,9604,run-1770928300258316367
2026-02-12T21:02:45Z,9.14136639642054,0.0914136639642053,9690,run-1770930100381768036
2026-02-12T21:32:44Z,8.35745048008361,0.0835745048008361,9710,run-1770931900439239137
2026-02-12T22:02:46Z,9.25923395164942,0.0925923395164942,9720,run-1770933700428676113
2026-02-12T22:32:47Z,9.21616643073838,0.0921616643073838,9702,run-1770935500449107181
2026-02-12T23:02:53Z,9.54919033554527,0.0954919033554527,9635,run-1770937300332833872
2026-02-12T23:32:57Z,10.4518459205332,0.104518459205332,9724,run-1770939100475814183
2026-02-13T00:02:42Z,9.37787162248976,0.0937787162248976,9715,run-1770940900423151114
2026-02-13T00:32:44Z,9.51369628943326,0.0951369628943326,9712,run-1770942700599634212
2026-02-13T01:02:49Z,9.79115513472598,0.0979115513472598,9700,run-1770944500415716160
2026-02-13T01:32:43Z,10.6462527053972,0.106462527053972,9632,run-1770946300597027709
2026-02-13T02:02:41Z,9.57917289176591,0.0957917289176591,9673,run-1770948100323841527
2026-02-13T02:32:46Z,10.1923523886616,0.101923523886616,9691,run-1770949900469124350
2026-02-13T03:02:43Z,10.4550716974156,0.104550716974156,9697,run-1770951700414486015
2026-02-13T03:32:50Z,9.07505785893902,0.0907505785893902,9663,run-1770953500271294631
2026-02-13T04:02:40Z,9.6936963871763,0.096936963871763,9668,run-1770955300363111979
2026-02-13T04:32:46Z,9.29301430423477,0.0929301430423477,9655,run-1770957100621685125
2026-02-13T05:02:50Z,8.47399156819401,0.0847399156819401,9639,run-1770958900292294047
2026-02-13T05:32:45Z,8.89634581401415,0.0889634581401415,9711,run-1770960700382985497
2026-02-13T06:02:44Z,10.2724207581966,0.102724207581966,9522,run-1770962500285444692
2026-02-13T06:32:41Z,10.6366262514513,0.106366262514513,9511,run-1770964300495659400
2026-02-13T07:02:42Z,9.08080643157822,0.0908080643157822,9662,run-1770966100580412309
2026-02-13T07:32:23Z,10.3976514944924,0.103976514944924,6518,run-1770967900263958259
2026-02-13T08:02:41Z,10.6666359949476,0.106666359949476,9166,run-1770969700392291139
2026-02-13T08:32:44Z,11.953170065828,0.11953170065828,9580,run-1770971500441206624
2026-02-13T09:02:45Z,10.2178200486295,0.102178200486295,9652,run-1770973300375692559
2026-02-13T09:32:45Z,12.6395801886226,0.126395801886226,9673,run-1770975100322128948
2026-02-13T10:02:45Z,12.324109335163,0.12324109335163,9616,run-1770976900370214949
2026-02-13T10:32:46Z,9.47916670757033,0.0947916670757033,9670,run-1770978700510131003
2026-02-13T11:02:46Z,10.7312251657187,0.107312251657187,9605,run-1770980500272940321
2026-02-13T11:32:43Z,9.00416302708422,0.0900416302708422,9684,run-1770982300506915249
2026-02-13T12:02:55Z,10.0825761325025,0.100825761325025,9603,run-1770984100592037928
2026-02-13T12:32:52Z,10.7029604035605,0.107029604035605,9618,run-1770985900309814233
2026-02-13T13:02:48Z,9.02687813115644,0.0902687813115644,9646,run-1770987700505639600
2026-02-13T13:32:52Z,11.0568582221126,0.110568582221126,9628,run-1770989500415044701
2026-02-13T14:02:51Z,10.7098033632632,0.107098033632632,9609,run-1770991300285469803
2026-02-13T14:32:50Z,11.21585544288,0.1121585544288,9645,run-1770993100455343638
2026-02-13T15:32:48Z,10.3764633603087,0.103764633603087,9641,run-1770996700396772679
2026-02-13T16:02:47Z,11.4967033086299,0.114967033086299,9677,run-1770998500378586247
2026-02-13T16:32:44Z,10.7954875008495,0.107954875008495,9650,run-1771000300469743253
2026-02-13T17:02:46Z,11.124604718767,0.11124604718767,9670,run-1771002100351723050
2026-02-13T17:32:41Z,10.9475326352722,0.109475326352722,9627,run-1771003900358715648
2026-02-13T18:02:48Z,11.7916087655314,0.117916087655314,9683,run-1771005700437112916
2026-02-13T18:32:46Z,10.8432865188695,0.108432865188695,9627,run-1771007500412849344
2026-02-13T19:02:47Z,11.3652732118665,0.113652732118665,9607,run-1771009300486734792
2026-02-13T19:32:47Z,11.1329818894185,0.111329818894185,9642,run-1771011100543305759
2026-02-13T20:02:42Z,10.8387584131956,0.108387584131956,9714,run-1771012900470082739
2026-02-13T20:32:47Z,10.880458110557,0.10880458110557,9689,run-1771014700529838104
2026-02-13T21:02:41Z,12.2174642080788,0.122174642080788,9663,run-1771016500418487390
2026-02-13T21:31:49Z,11.0800192430385,0.110800192430385,21791,run-20260213-213000
2026-02-13T22:05:31Z,9.72908429103808,0.0972908429103808,62920,run-20260213-220014
2026-02-13T22:35:17Z,10.9647048008026,0.109647048008026,62004,run-20260213-223000
2026-02-13T23:05:12Z,10.3704553723818,0.103704553723818,57854,run-20260213-230019
2026-02-13T23:35:01Z,10.6321668076088,0.106321668076088,55181,run-20260213-233020
2026-02-14T00:06:52Z,10.6654950539513,0.106654950539513,53041,run-20260214-000223
2026-02-14T00:34:57Z,11.1132771699232,0.111132771699232,51784,run-20260214-003022
2026-02-14T01:05:02Z,11.1335931412543,0.111335931412543,50823,run-20260214-010023
2026-02-14T01:35:04Z,11.0910688288901,0.110910688288901,49846,run-20260214-013022
2026-02-14T02:04:53Z,11.2867034085929,0.112867034085929,48522,run-20260214-020020
2026-02-14T02:34:51Z,11.0049724854597,0.110049724854597,47003,run-20260214-023021
2026-02-14T03:04:42Z,11.5758445763448,0.115758445763448,45037,run-20260214-030020
2026-02-14T03:34:45Z,11.6417786007361,0.116417786007361,44024,run-20260214-033020
2026-02-14T04:04:29Z,11.5690340069135,0.115690340069135,40896,run-20260214-040018
2026-02-14T04:34:17Z,11.2719434246833,0.112719434246833,37330,run-20260214-043018
2026-02-14T05:04:02Z,11.483701794287,0.11483701794287,35228,run-20260214-050019
2026-02-14T05:33:50Z,12.0651515146283,0.120651515146283,32303,run-20260214-053020
2026-02-14T06:03:42Z,11.3512827809605,0.113512827809605,31411,run-20260214-060022
2026-02-14T06:45:54Z,11.5561198808118,0.115561198808118,25974,run-20260214-064103
2026-02-14T07:04:49Z,10.9800512286147,0.109800512286147,26925,run-20260214-070018
2026-02-14T07:32:57Z,12.2085426774436,0.122085426774436,23776,run-20260214-073018
2026-02-14T08:03:05Z,12.20301029574,0.1220301029574,25397,run-20260214-080019
2026-02-14T08:33:09Z,12.4266881648825,0.124266881648825,26672,run-20260214-083021
2026-02-14T09:02:51Z,13.7293228837832,0.137293228837832,24185,run-20260214-090020
2026-02-14T09:33:04Z,12.7474740496383,0.127474740496383,26809,run-20260214-093022
2026-02-14T10:02:02Z,13.9518806568477,0.139518806568477,23128,run-20260214-100000
2026-02-14T10:32:32Z,13.2943293940587,0.132943293940587,26058,run-20260214-103020
2026-02-14T11:02:28Z,13.748995995608,0.13748995995608,26085,run-20260214-110016
2026-02-14T11:32:46Z,13.4657117797573,0.134657117797573,28450,run-20260214-113021
2026-02-14T12:02:48Z,14.1859619501913,0.141859619501913,28229,run-20260214-120020
2026-02-14T12:32:56Z,14.7539998852299,0.147539998852299,29564,run-20260214-123021
2026-02-14T13:03:18Z,16.0290798742919,0.160290798742919,33199,run-20260214-130020
2026-02-14T13:33:47Z,14.7405279265009,0.147405279265009,38768,run-20260214-133019
2026-02-14T14:04:10Z,14.6749294033912,0.146749294033912,42085,run-20260214-140021
2026-02-14T14:34:40Z,14.8845157157823,0.148845157157823,46740,run-20260214-143020
2026-02-14T15:04:51Z,15.3484903442344,0.153484903442344,47798,run-20260214-150023
2026-02-14T15:35:10Z,15.4252530551446,0.154252530551446,51738,run-20260214-153021
2026-02-14T16:05:22Z,15.5334195920415,0.155334195920415,53696,run-20260214-160021
2026-02-14T16:35:38Z,15.213870695807,0.15213870695807,56471,run-20260214-163020
2026-02-14T17:05:45Z,15.4106312400271,0.154106312400271,57033,run-20260214-170021
2026-02-14T17:35:42Z,15.5832884323938,0.155832884323938,56633,run-20260214-173019
2026-02-14T18:05:53Z,16.011115019868,0.16011115019868,57845,run-20260214-180020
2026-02-14T18:37:04Z,15.2590677982833,0.152590677982833,58306,run-20260214-183023
2026-02-14T19:06:55Z,15.0365699732877,0.150365699732877,57981,run-20260214-190020
2026-02-14T19:36:58Z,14.8891996258349,0.148891996258349,55981,run-20260214-193019
2026-02-14T20:07:01Z,15.3654747351475,0.153654747351475,55182,run-20260214-200022
2026-02-14T20:37:08Z,14.9952555841162,0.149952555841162,54171,run-20260214-203019
2026-02-14T21:06:41Z,14.7429690508237,0.147429690508237,54015,run-20260214-210020
2026-02-14T22:04:47Z,14.5515992590116,0.145515992590116,52776,run-20260214-220000
2026-02-14T22:34:30Z,14.4435070568878,0.144435070568878,52003,run-20260214-223000
2026-02-14T23:04:31Z,14.3991406546234,0.143991406546234,51102,run-20260214-230000
2026-02-14T23:36:14Z,14.8078252707137,0.148078252707137,49892,run-20260214-233000
2026-02-15T01:03:19Z,14.1398712159793,0.141398712159793,94289,run-20260215-005500
2026-02-15T02:02:54Z,13.8357111828483,0.138357111828483,91479,run-20260215-015500
2026-02-15T03:02:36Z,13.2145793861952,0.132145793861952,84510,run-20260215-025500
2026-02-15T04:02:07Z,13.1179681406696,0.131179681406696,78684,run-20260215-035500
2026-02-15T05:05:57Z,12.4401038845872,0.124401038845872,69586,run-20260215-045620
2026-02-15T06:05:53Z,11.7040288685453,0.117040288685453,60761,run-20260215-055759
2026-02-15T06:59:45Z,10.3648527884255,0.103648527884255,51287,run-20260215-065500
2026-02-15T07:59:03Z,11.4148642179048,0.114148642179048,41552,run-20260215-075500
2026-02-15T08:59:10Z,10.7673805673023,0.107673805673023,44174,run-20260215-085500
2026-02-15T09:59:12Z,11.5655711687408,0.115655711687408,46743,run-20260215-095500
2026-02-15T10:59:01Z,11.9071561839421,0.119071561839421,44923,run-20260215-105500
2026-02-15T11:59:08Z,11.8871133975413,0.118871133975413,48569,run-20260215-115500
2026-02-15T12:59:53Z,12.0663439254869,0.120663439254869,56202,run-20260215-125500
2026-02-15T14:00:47Z,12.4174284994143,0.124174284994143,66651,run-20260215-135500
2026-02-15T15:02:33Z,12.021505553464,0.12021505553464,82171,run-20260215-145500
2026-02-15T16:03:36Z,11.5222668622955,0.115222668622955,94356,run-20260215-155500
2026-02-15T17:04:41Z,11.681249284146,0.11681249284146,105201,run-20260215-165500
2026-02-15T19:04:37Z,11.1580231849342,0.111580231849342,109518,run-20260215-185500
2026-02-15T20:04:39Z,11.6794819643471,0.116794819643471,105626,run-20260215-195500
2026-02-15T21:04:32Z,11.4650919328375,0.114650919328375,103501,run-20260215-205500
2026-02-15T22:07:09Z,11.2816254519967,0.112816254519967,103026,run-20260215-215500
2026-02-16T00:03:18Z,11.751424871037,0.11751424871037,94533,run-20260215-235500
2026-02-16T01:03:15Z,11.4247872969374,0.114247872969374,89214,run-20260216-005500
2026-02-16T02:02:35Z,11.7116722590938,0.117116722590938,84093,run-20260216-015500
2026-02-16T03:02:14Z,11.032838585431,0.11032838585431,79918,run-20260216-025500
2026-02-16T04:01:41Z,11.3180380491199,0.113180380491199,72936,run-20260216-035500
2026-02-16T05:01:07Z,10.7642552794198,0.107642552794198,65026,run-20260216-045500
2026-02-16T06:00:34Z,10.5958502368512,0.105958502368512,57017,run-20260216-055500
2026-02-16T06:59:48Z,10.756288444051,0.10756288444051,48985,run-20260216-065500
2026-02-16T07:59:20Z,10.7735059758089,0.107735059758089,44165,run-20260216-075500
2026-02-16T08:59:08Z,11.8658107873253,0.118658107873253,43359,run-20260216-085500
2026-02-16T09:58:59Z,11.1639775772711,0.111639775772711,42708,run-20260216-095500
2026-02-16T10:59:10Z,10.5607570415683,0.105607570415683,45361,run-20260216-105500
2026-02-16T11:59:44Z,11.4486011347146,0.114486011347146,51026,run-20260216-115500
2026-02-16T13:00:36Z,11.4887990688992,0.114887990688992,61347,run-20260216-125500
2026-02-16T14:01:52Z,11.2492935665169,0.112492935665169,76326,run-20260216-135500
2026-02-16T15:03:33Z,11.1102870271456,0.111102870271456,94999,run-20260216-145500
2026-02-16T16:04:15Z,11.4000446329717,0.114000446329717,102781,run-20260216-155500
2026-02-16T17:05:02Z,11.5637990801301,0.115637990801301,110037,run-20260216-165500
2026-02-16T18:05:33Z,11.5750170157131,0.115750170157131,115372,run-20260216-175500
2026-02-16T20:05:02Z,11.5213358550746,0.115213358550746,114307,run-20260216-195500
2026-02-16T22:05:00Z,11.3740967315736,0.113740967315736,113954,run-20260216-215500
2026-02-16T23:04:58Z,11.6401974205022,0.116401974205022,109965,run-20260216-225500
2026-02-17T00:04:17Z,11.3802120616069,0.113802120616069,100938,run-20260216-235500
2026-02-17T01:03:53Z,10.9708725328774,0.109708725328774,94779,run-20260217-005500
2026-02-17T02:06:31Z,11.0694991296073,0.110694991296073,91006,run-20260217-015500
2026-02-17T03:09:01Z,10.7213334161767,0.107213334161767,85818,run-20260217-025500
2026-02-17T04:08:03Z,10.7536128657478,0.107536128657478,80615,run-20260217-035500
2026-02-17T05:05:34Z,10.855566054327,0.10855566054327,69351,run-20260217-045500
2026-02-17T06:00:43Z,10.2615221524965,0.102615221524965,56678,run-20260217-055500
2026-02-17T06:59:58Z,10.2910409261809,0.102910409261809,51378,run-20260217-065500
2026-02-17T07:59:25Z,11.0993548801843,0.110993548801843,45726,run-20260217-075500
2026-02-17T08:59:17Z,10.9949203178866,0.109949203178866,44917,run-20260217-085500
2026-02-17T09:59:06Z,11.8920335273593,0.118920335273593,43475,run-20260217-095500
2026-02-17T10:59:21Z,10.7173747149705,0.107173747149705,47064,run-20260217-105500
2026-02-17T11:59:52Z,11.173791219304,0.11173791219304,53739,run-20260217-115500
2026-02-17T13:00:56Z,11.3534779588618,0.113534779588618,66470,run-20260217-125500
2026-02-17T14:02:23Z,10.5178008074444,0.105178008074444,82661,run-20260217-135500
2026-02-17T15:03:31Z,11.0348119176898,0.110348119176898,95112,run-20260217-145500
2026-02-17T16:04:36Z,11.6881525618902,0.116881525618902,106027,run-20260217-155500
2026-02-17T18:05:20Z,10.922937539107,0.10922937539107,118048,run-20260217-175500
2026-02-17T19:05:40Z,11.2286231176847,0.112286231176847,118879,run-20260217-185500
2026-02-17T20:09:10Z,10.7908767088783,0.107908767088783,116002,run-20260217-195500
2026-02-17T22:05:23Z,10.383687909264,0.10383687909264,117977,run-20260217-215500
2026-02-17T23:05:13Z,10.2489821826959,0.102489821826959,112367,run-20260217-225500
2026-02-18T00:09:39Z,10.4325580754887,0.104325580754887,107541,run-20260217-235500
2026-02-18T02:03:54Z,9.61029785220694,0.0961029785220694,101933,run-20260218-015500
2026-02-18T03:03:37Z,10.0695936652933,0.100695936652933,96677,run-20260218-025500
2026-02-18T04:02:43Z,10.2253582897247,0.102253582897247,83699,run-20260218-035500
2026-02-18T05:01:35Z,10.7519286262795,0.107519286262795,69673,run-20260218-045500
2026-02-18T06:00:37Z,10.9545437647638,0.109545437647638,57844,run-20260218-055500
2026-02-18T07:00:00Z,10.6021849740224,0.106021849740224,51584,run-20260218-065500
2026-02-18T07:59:51Z,9.7791545546149,0.097791545546149,48354,run-20260218-075500
2026-02-18T08:59:33Z,10.7271350330415,0.107271350330415,47517,run-20260218-085500
2026-02-18T09:59:12Z,11.0057532578513,0.110057532578513,44007,run-20260218-095500
2026-02-18T10:59:24Z,10.6355694871514,0.106355694871514,47183,run-20260218-105500
2026-02-18T11:59:51Z,11.0626994292948,0.110626994292948,52956,run-20260218-115500
2026-02-18T13:01:03Z,11.1476110758489,0.111476110758489,66501,run-20260218-125500
2026-02-18T14:02:31Z,11.0533483922582,0.110533483922582,84073,run-20260218-135500
2026-02-18T15:03:48Z,10.6537183196531,0.106537183196531,97613,run-20260218-145500
2026-02-18T16:04:57Z,11.5609199137529,0.115609199137529,108656,run-20260218-155500
2026-02-18T18:05:30Z,10.7348628913851,0.107348628913851,119317,run-20260218-175500
2026-02-18T19:11:11Z,10.9349656556119,0.109349656556119,119584,run-20260218-185500
2026-02-18T20:05:31Z,10.8238276171896,0.108238276171896,122736,run-20260218-195500
2026-02-18T21:05:12Z,10.4534015703983,0.104534015703983,120216,run-20260218-205500
2026-02-18T22:05:19Z,9.51394817517746,0.0951394817517746,121567,run-20260218-215500
2026-02-18T23:05:31Z,8.76608329075835,0.0876608329075835,122286,run-20260218-225500
2026-02-19T00:04:05Z,9.28523895161159,0.0928523895161159,106133,run-20260218-235500
2026-02-19T01:03:38Z,9.363097735237,0.09363097735237,100908,run-20260219-005500
2026-02-19T02:03:28Z,10.1426406756224,0.101426406756224,97826,run-20260219-015500
2026-02-19T03:02:51Z,10.0976507191855,0.100976507191855,91964,run-20260219-025500
2026-02-19T04:02:12Z,9.70112308430043,0.0970112308430043,83687,run-20260219-035500
2026-02-19T05:00:46Z,10.696351642449,0.10696351642449,67163,run-20260219-045500
2026-02-19T05:59:52Z,10.5191662096358,0.105191662096358,56460,run-20260219-055500
2026-02-19T06:59:23Z,9.48515015269594,0.0948515015269594,50998,run-20260219-065500
2026-02-19T07:59:17Z,9.51671474187675,0.0951671474187675,46826,run-20260219-075500
2026-02-19T08:58:46Z,10.6605888082089,0.106605888082089,44128,run-20260219-085500
2026-02-19T09:58:46Z,10.6687108922075,0.106687108922075,44217,run-20260219-095500
2026-02-19T10:59:38Z,9.19903396454864,0.0919903396454864,54470,run-20260219-105500
2026-02-19T12:00:12Z,8.98453944981684,0.0898453944981684,61108,run-20260219-115500
2026-02-19T13:01:24Z,9.3828640148144,0.093828640148144,75578,run-20260219-125500
2026-02-19T14:02:44Z,9.57741951375631,0.0957741951375631,91483,run-20260219-135500
2026-02-19T15:03:55Z,9.40908817138153,0.0940908817138153,104995,run-20260219-145500
2026-02-19T16:05:01Z,9.82410542909786,0.0982410542909786,117636,run-20260219-155500
2026-02-19T17:05:31Z,9.67817742226852,0.0967817742226852,122389,run-20260219-165500
2026-02-19T18:05:50Z,9.79424774936081,0.0979424774936081,124148,run-20260219-175500
2026-02-19T19:06:04Z,9.98172590778986,0.0998172590778986,126608,run-20260219-185500
2026-02-19T20:06:49Z,9.49102169007008,0.0949102169007008,129379,run-20260219-195500
2026-02-19T21:07:05Z,9.10017119728997,0.0910017119728997,130741,run-20260219-205500
2026-02-19T22:07:11Z,10.5037020529672,0.105037020529672,132562,run-20260219-215500
2026-02-19T23:09:32Z,10.2327269250427,0.102327269250427,118954,run-20260219-225500
2026-02-20T00:07:44Z,9.84789217272096,0.0984789217272096,107690,run-20260219-235500
2026-02-20T01:03:50Z,9.87057798197802,0.0987057798197802,102293,run-20260220-005500
2026-02-20T02:03:19Z,10.0152954031095,0.100152954031095,97370,run-20260220-015500
2026-02-20T03:03:01Z,9.0534907592015,0.090534907592015,93539,run-20260220-025500
2026-02-20T04:02:17Z,9.42944862476154,0.0942944862476154,84197,run-20260220-035500
2026-02-20T05:01:16Z,10.1897330620335,0.101897330620335,71932,run-20260220-045500
2026-02-20T06:00:08Z,10.8116183672396,0.108116183672396,59972,run-20260220-055500
2026-02-20T06:59:25Z,10.3638756747559,0.103638756747559,51637,run-20260220-065500
2026-02-20T07:59:15Z,10.1031221324497,0.101031221324497,49380,run-20260220-075500
2026-02-20T08:59:06Z,11.2358957058073,0.112358957058073,47818,run-20260220-085500
2026-02-20T09:58:57Z,11.805085848829,0.11805085848829,46112,run-20260220-095500
2026-02-20T10:59:03Z,11.62164778451,0.1162164778451,47354,run-20260220-105500
2026-02-20T11:59:42Z,11.4254760225969,0.114254760225969,55178,run-20260220-115500
2026-02-20T13:00:59Z,11.1561267073714,0.111561267073714,70441,run-20260220-125500
2026-02-20T14:02:25Z,10.6679685349881,0.106679685349881,87269,run-20260220-135500
2026-02-20T15:03:47Z,11.1796368366565,0.111796368366565,103082,run-20260220-145500
2026-02-20T16:06:07Z,10.3516651849804,0.103516651849804,129825,run-20260220-155500
2026-02-20T17:06:24Z,10.9039735696525,0.109039735696525,131618,run-20260220-165500
2026-02-20T18:06:19Z,11.3493547825021,0.113493547825021,129889,run-20260220-175500
2026-02-20T19:07:33Z,9.67402057229933,0.0967402057229933,142337,run-20260220-185500
2026-02-20T20:07:21Z,9.32225872393803,0.0932225872393803,136071,run-20260220-195500
2026-02-20T21:06:54Z,10.0329013990306,0.100329013990306,129775,run-20260220-205500
2026-02-20T22:06:29Z,10.1017993481672,0.101017993481672,122915,run-20260220-215500
2026-02-20T23:08:11Z,10.806511014644,0.10806511014644,114213,run-20260220-225500
2026-02-21T00:10:13Z,10.6011479333429,0.106011479333429,104287,run-20260220-235500
2026-02-21T01:05:43Z,10.959549113994,0.10959549113994,100867,run-20260221-005500
2026-02-21T02:03:23Z,11.2525518138867,0.112525518138867,93548,run-20260221-015500
2026-02-21T03:02:49Z,10.7941027879754,0.107941027879754,88336,run-20260221-025500
2026-02-21T04:02:08Z,11.2345529961779,0.112345529961779,80746,run-20260221-035500
2026-02-21T05:00:51Z,10.8598049684934,0.108598049684934,67405,run-20260221-045500
2026-02-21T05:59:55Z,10.2848088341215,0.102848088341215,57147,run-20260221-055500
2026-02-21T06:59:06Z,10.404000142099,0.10404000142099,47444,run-20260221-065500
2026-02-21T07:58:41Z,11.2337108439263,0.112337108439263,42842,run-20260221-075500
2026-02-21T08:58:48Z,11.5513522659249,0.115513522659249,44465,run-20260221-085500
2026-02-21T09:58:55Z,11.5611246260125,0.115611246260125,45927,run-20260221-095500
2026-02-21T10:58:54Z,11.0945681062657,0.110945681062657,45633,run-20260221-105500
2026-02-21T11:59:05Z,11.6881651154111,0.116881651154111,47953,run-20260221-115500
2026-02-21T13:00:03Z,11.3237194847304,0.113237194847304,59532,run-20260221-125500
2026-02-21T14:01:12Z,11.5478460019263,0.115478460019263,73179,run-20260221-135500
2026-02-21T15:02:22Z,11.5302906722565,0.115302906722565,86766,run-20260221-145500
2026-02-21T16:03:31Z,11.5277316183247,0.115277316183247,99919,run-20260221-155500
2026-02-21T17:04:14Z,11.2342096227626,0.112342096227626,108199,run-20260221-165500
2026-02-21T18:04:26Z,11.484252544263,0.11484252544263,109561,run-20260221-175500
2026-02-21T19:04:40Z,11.3674697173351,0.113674697173351,110840,run-20260221-185500
2026-02-21T20:04:35Z,11.5466406297734,0.115466406297734,109469,run-20260221-195500
2026-02-21T21:04:31Z,11.5686846902399,0.115686846902399,107684,run-20260221-205500
2026-02-21T22:04:22Z,11.7994346190456,0.117994346190456,105497,run-20260221-215500
2026-02-21T23:03:53Z,11.5932086275199,0.115932086275199,100188,run-20260221-225500
2026-02-22T00:03:31Z,11.5443044880183,0.115443044880183,95713,run-20260221-235500
2026-02-22T01:03:08Z,11.5130306483969,0.115130306483969,92734,run-20260222-005500
2026-02-22T02:02:50Z,11.2204673732507,0.112204673732507,91209,run-20260222-015500
2026-02-22T03:02:21Z,11.0716829585421,0.110716829585421,85971,run-20260222-025500
2026-02-22T04:01:42Z,11.0766465958061,0.110766465958061,78259,run-20260222-035500
2026-02-22T05:00:57Z,11.5396640011564,0.115396640011564,69322,run-20260222-045500
2026-02-22T06:00:00Z,11.4616732941416,0.114616732941416,58627,run-20260222-055500
2026-02-22T06:59:05Z,10.9071283499097,0.109071283499097,47455,run-20260222-065500
2026-02-22T07:58:37Z,11.5355218502775,0.115355218502775,42011,run-20260222-075500
2026-02-22T08:58:30Z,11.4996794160244,0.114996794160244,40797,run-20260222-085500
2026-02-22T09:58:38Z,11.8059140856805,0.118059140856805,42531,run-20260222-095500
2026-02-22T10:58:39Z,11.9149022549282,0.119149022549282,42880,run-20260222-105500
2026-02-22T11:59:03Z,11.558000976553,0.11558000976553,47564,run-20260222-115500
2026-02-22T12:59:52Z,12.083650872167,0.12083650872167,57171,run-20260222-125500
2026-02-22T14:01:46Z,11.4730879852654,0.114730879852654,79784,run-20260222-135500
2026-02-22T15:03:32Z,9.85455884840819,0.0985455884840818,100923,run-20260222-145500
2026-02-22T16:05:34Z,9.78415308751348,0.0978415308751348,124949,run-20260222-155500
2026-02-22T17:06:40Z,12.3383920721098,0.123383920721098,136386,run-20260222-165500
2026-02-22T18:05:01Z,11.2592873355556,0.112592873355556,116811,run-20260222-175500
2026-02-22T19:05:13Z,11.3212859909197,0.113212859909197,117595,run-20260222-185500
2026-02-22T20:04:43Z,11.8478466146493,0.118478466146493,111108,run-20260222-195500
2026-02-22T21:04:33Z,11.9073575470137,0.119073575470137,108534,run-20260222-205500
2026-02-22T22:04:32Z,11.8251789852292,0.118251789852292,107752,run-20260222-215500
2026-02-22T23:03:50Z,11.8441638359163,0.118441638359163,102844,run-20260222-225500
2026-02-23T00:03:17Z,11.1836192441736,0.111836192441736,96875,run-20260222-235500
2026-02-23T01:03:14Z,10.3988305948259,0.103988305948259,96260,run-20260223-005500
2026-02-23T02:03:15Z,9.76336616833655,0.0976336616833655,96742,run-20260223-015500
2026-02-23T03:02:45Z,10.2490582879895,0.102490582879895,90212,run-20260223-025500
2026-02-23T04:02:15Z,10.7992266730001,0.107992266730001,83923,run-20260223-035500
2026-02-23T05:01:08Z,10.201374071944,0.10201374071944,71465,run-20260223-045500
2026-02-23T06:00:11Z,10.1274359727917,0.101274359727917,59943,run-20260223-055500
2026-02-23T06:59:20Z,10.5923432776985,0.105923432776985,50231,run-20260223-065500
2026-02-23T07:58:58Z,11.131394881189,0.11131394881189,45859,run-20260223-075500
2026-02-23T08:58:47Z,10.6418129165824,0.106418129165824,44200,run-20260223-085500
2026-02-23T09:58:49Z,11.275409468852,0.11275409468852,44782,run-20260223-095500
2026-02-23T10:59:06Z,11.3632637802978,0.113632637802978,48222,run-20260223-105500
2026-02-23T11:59:38Z,10.4664273990971,0.104664273990971,54664,run-20260223-115500
2026-02-23T13:00:53Z,10.9808474311513,0.109808474311513,69438,run-20260223-125500
2026-02-23T14:02:25Z,10.8830740479964,0.108830740479964,87609,run-20260223-135500
2026-02-23T15:03:59Z,10.4489383436691,0.104489383436691,105943,run-20260223-145500
2026-02-23T16:05:05Z,10.0766802709313,0.100766802709313,118022,run-20260223-155500
2026-02-23T17:05:50Z,9.97331094056662,0.0997331094056662,126177,run-20260223-165500
2026-02-23T18:06:17Z,10.031372923129,0.10031372923129,128943,run-20260223-175500
2026-02-23T19:05:59Z,10.4312700437548,0.104312700437548,125058,run-20260223-185500
2026-02-23T20:06:01Z,10.3413715257362,0.103413715257362,124363,run-20260223-195500
2026-02-23T21:06:02Z,10.6523186951236,0.106523186951236,121908,run-20260223-205500
2026-02-23T22:05:42Z,10.4801465055244,0.104801465055244,121262,run-20260223-215500
2026-02-23T23:05:34Z,10.2765886373596,0.102765886373596,115454,run-20260223-225500
2026-02-24T00:04:51Z,10.1946720231258,0.101946720231258,107446,run-20260223-235500
2026-02-24T01:04:24Z,10.0305351282698,0.100305351282698,105635,run-20260224-005500
2026-02-24T02:04:11Z,10.1684795971545,0.101684795971545,103930,run-20260224-015500
2026-02-24T03:03:27Z,10.2868376024585,0.102868376024585,95263,run-20260224-025500
2026-02-24T04:02:32Z,10.3838467286779,0.103838467286779,85604,run-20260224-035500
2026-02-24T05:01:23Z,10.5439589729526,0.105439589729526,73096,run-20260224-045500
2026-02-24T06:00:09Z,10.5512480501679,0.105512480501679,57614,run-20260224-055500
2026-02-24T06:59:34Z,10.4287635419506,0.104287635419506,53126,run-20260224-065500
2026-02-24T07:59:14Z,10.3888976801505,0.103888976801505,49392,run-20260224-075500
2026-02-24T08:59:01Z,10.6139596649856,0.106139596649856,46064,run-20260224-085500
2026-02-24T09:59:02Z,11.0449196142415,0.110449196142415,47368,run-20260224-095500
2026-02-24T10:59:09Z,10.5076908008263,0.105076908008263,48635,run-20260224-105500
2026-02-24T11:59:37Z,10.2928246837919,0.102928246837919,54391,run-20260224-115500
2026-02-24T13:00:49Z,10.6186163398996,0.106186163398996,68788,run-20260224-125500
2026-02-24T14:02:36Z,10.9520143883964,0.109520143883964,89517,run-20260224-135500
2026-02-24T15:03:51Z,10.3042034069962,0.103042034069962,104338,run-20260224-145500
2026-02-24T16:04:54Z,10.1093064915674,0.101093064915674,115819,run-20260224-155500
2026-02-24T17:05:20Z,10.2715566000532,0.102715566000532,120498,run-20260224-165500
2026-02-24T18:05:46Z,10.2160559226803,0.102160559226803,124303,run-20260224-175500
2026-02-24T19:05:59Z,10.0227984151503,0.100227984151503,124889,run-20260224-185500
2026-02-24T20:05:43Z,9.93622956570721,0.0993622956570721,121211,run-20260224-195500
2026-02-24T21:06:01Z,10.257266663981,0.10257266663981,120713,run-20260224-205500
2026-02-24T22:06:04Z,9.94911491769731,0.0994911491769731,121599,run-20260224-215500
2026-02-24T23:06:03Z,9.77887295716791,0.0977887295716791,119920,run-20260224-225500
2026-02-25T00:07:18Z,9.47374431305171,0.0947374431305171,112764,run-20260224-235500
2026-02-25T01:07:42Z,9.82080219805789,0.0982080219805788,107030,run-20260225-005500
2026-02-25T02:04:50Z,9.64303432808486,0.0964303432808486,110467,run-20260225-015500
2026-02-25T03:06:26Z,8.41539556595718,0.0841539556595718,127444,run-20260225-025500
2026-02-25T04:05:45Z,5.56863298845408,0.0556863298845408,120890,run-20260225-035500
2026-02-25T05:03:07Z,8.33985839532007,0.0833985839532007,90593,run-20260225-045500
2026-02-25T06:01:00Z,9.59006388702088,0.0959006388702088,66844,run-20260225-055500
2026-02-25T06:59:59Z,9.84472573175434,0.0984472573175434,57744,run-20260225-065500
2026-02-25T07:59:22Z,10.1508183025457,0.101508183025457,50947,run-20260225-075500
2026-02-25T08:58:58Z,11.2456223840137,0.112456223840137,46534,run-20260225-085500
2026-02-25T09:58:50Z,11.352464154475,0.11352464154475,44513,run-20260225-095500
2026-02-25T10:58:56Z,11.3355960206149,0.113355960206149,46124,run-20260225-105500
2026-02-25T11:59:34Z,11.5675685614357,0.115675685614357,53689,run-20260225-115500
2026-02-25T13:01:10Z,10.6058763115001,0.106058763115001,72621,run-20260225-125500
2026-02-25T14:02:42Z,10.9453184829552,0.109453184829552,90990,run-20260225-135500
2026-02-25T15:03:45Z,10.4208099098506,0.104208099098506,102674,run-20260225-145500
2026-02-25T16:04:28Z,10.1164294234368,0.101164294234368,110891,run-20260225-155500
2026-02-25T17:05:13Z,10.1772278094983,0.101772278094983,118884,run-20260225-165500
2026-02-25T18:05:32Z,10.435553951199,0.10435553951199,121449,run-20260225-175500
2026-02-25T19:06:22Z,10.5687544571441,0.105687544571441,121779,run-20260225-185500
2026-02-25T20:05:39Z,10.1094865443616,0.101094865443616,120846,run-20260225-195500
2026-02-25T21:05:29Z,10.4377962880718,0.104377962880718,115699,run-20260225-205500
2026-02-25T22:05:18Z,9.65789870719011,0.0965789870719011,114048,run-20260225-215500
2026-02-25T23:05:36Z,8.70562373392854,0.0870562373392854,114609,run-20260225-225500
2026-02-26T00:05:05Z,8.65222888706491,0.0865222888706491,108290,run-20260225-235500
2026-02-26T01:04:13Z,9.36400569689477,0.0936400569689477,102980,run-20260226-005500
2026-02-26T02:04:00Z,9.58647078847584,0.0958647078847584,101881,run-20260226-015500
2026-02-26T03:03:45Z,8.4929350227079,0.084929350227079,98779,run-20260226-025500
2026-02-26T04:02:54Z,9.39027682331769,0.0939027682331769,89063,run-20260226-035500
2026-02-26T05:01:26Z,9.98105572387268,0.0998105572387268,72537,run-20260226-045500
2026-02-26T06:00:15Z,9.97432169718075,0.0997432169718075,60481,run-20260226-055500
2026-02-26T06:59:33Z,9.8419262029629,0.098419262029629,51097,run-20260226-065500
2026-02-26T07:58:59Z,10.1139688889613,0.101139688889613,46369,run-20260226-075500
2026-02-26T08:58:51Z,11.0695440326534,0.110695440326534,44845,run-20260226-085500
2026-02-26T09:58:40Z,11.0153725458987,0.110153725458987,42815,run-20260226-095500
2026-02-26T10:58:56Z,11.3703288957797,0.113703288957797,46131,run-20260226-105500
2026-02-26T11:59:37Z,11.2105205797944,0.112105205797944,54450,run-20260226-115500
2026-02-26T13:00:43Z,11.0939583867415,0.110939583867415,67458,run-20260226-125500
2026-02-26T14:02:27Z,10.8167772071825,0.108167772071825,88160,run-20260226-135500
2026-02-26T15:03:43Z,9.90829876109431,0.0990829876109431,102834,run-20260226-145500
2026-02-26T16:04:38Z,9.93561529718892,0.0993561529718892,111140,run-20260226-155500
2026-02-26T17:04:54Z,10.5546475863566,0.105546475863566,114851,run-20260226-165500
2026-02-26T18:05:06Z,9.92527129346521,0.0992527129346521,116569,run-20260226-175500
2026-02-26T19:05:25Z,9.510279006381,0.09510279006381,119195,run-20260226-185500
2026-02-26T20:05:22Z,9.51248564100427,0.0951248564100427,110982,run-20260226-195500
2026-02-26T21:05:50Z,10.4467241643488,0.104467241643488,119806,run-20260226-205500
2026-02-26T22:05:51Z,11.0353519223569,0.110353519223569,117761,run-20260226-215500
2026-02-26T23:05:15Z,10.2299349132897,0.102299349132897,110728,run-20260226-225500
2026-02-27T00:05:18Z,9.30281260985907,0.0930281260985907,111433,run-20260226-235500
2026-02-27T01:04:32Z,9.25452704688634,0.0925452704688634,106078,run-20260227-005500
2026-02-27T02:04:00Z,9.46359757145329,0.0946359757145329,100982,run-20260227-015500
2026-02-27T03:03:29Z,9.48077657818217,0.0948077657818217,96090,run-20260227-025500
2026-02-27T04:03:00Z,9.45301427629096,0.0945301427629096,90594,run-20260227-035500
2026-02-27T05:01:49Z,9.35350969223244,0.0935350969223245,76251,run-20260227-045500
2026-02-27T06:00:34Z,10.3915235666189,0.103915235666189,63449,run-20260227-055500
2026-02-27T06:59:51Z,10.9350947021118,0.109350947021118,56191,run-20260227-065500
2026-02-27T07:59:43Z,11.8476741299957,0.118476741299957,53947,run-20260227-075500
2026-02-27T08:59:29Z,12.0977654961851,0.120977654961851,52500,run-20260227-085500
2026-02-27T09:59:18Z,12.4601263401263,0.124601263401263,50601,run-20260227-095500
2026-02-27T10:59:21Z,12.4343037607488,0.124343037607488,50855,run-20260227-105500
2026-02-27T11:59:55Z,11.8271398360548,0.118271398360548,57304,run-20260227-115500
2026-02-27T13:01:10Z,11.7410075084714,0.117410075084714,72538,run-20260227-125500
2026-02-27T14:02:52Z,11.7742347114874,0.117742347114874,92333,run-20260227-135500
2026-02-27T15:05:34Z,11.9346509082111,0.119346509082111,124140,run-20260227-145500
2026-02-27T16:06:05Z,11.7464554024938,0.117464554024938,128288,run-20260227-155500
2026-02-27T17:05:45Z,11.8431961296326,0.118431961296326,124498,run-20260227-165500
2026-02-27T18:06:58Z,16.4984971147336,0.164984971147336,137041,run-20260227-175500
2026-02-27T19:06:25Z,10.9168899532809,0.109168899532809,126403,run-20260227-185500
2026-02-27T20:06:07Z,10.5137808130313,0.105137808130313,122173,run-20260227-195500
2026-02-27T21:06:01Z,10.4463419761407,0.104463419761407,119256,run-20260227-205500
2026-02-27T22:05:50Z,10.8788328433684,0.108788328433684,117201,run-20260227-215500
2026-02-27T23:10:27Z,10.4267352045719,0.104267352045719,103323,run-20260227-225500
2026-02-28T00:06:26Z,10.5534106424758,0.105534106424758,107247,run-20260227-235500
2026-02-28T01:05:33Z,10.5989834335071,0.105989834335071,99582,run-20260228-005500
2026-02-28T02:03:27Z,10.8981433207191,0.108981433207191,95077,run-20260228-015500
2026-02-28T03:02:54Z,10.4378908736636,0.104378908736636,87919,run-20260228-025500
2026-02-28T04:02:06Z,10.6533846683889,0.106533846683889,80013,run-20260228-035500
2026-02-28T05:01:02Z,10.737942707042,0.10737942707042,68999,run-20260228-045500
2026-02-28T06:00:06Z,10.618157210336,0.10618157210336,57899,run-20260228-055500
2026-02-28T06:59:16Z,9.02182319046466,0.0902182319046466,48589,run-20260228-065500
2026-02-28T07:59:39Z,4.62783866901687,0.0462783866901687,53724,run-20260228-075500
2026-02-28T09:59:36Z,4.54729080430801,0.0454729080430801,53017,run-20260228-095500
2026-02-28T10:59:34Z,4.96154993614507,0.0496154993614507,53155,run-20260228-105500
2026-02-28T11:59:49Z,4.6425632287982,0.046425632287982,56406,run-20260228-115500
2026-02-28T13:01:03Z,3.63494221771496,0.0363494221771496,71231,run-20260228-125500
2026-02-28T14:02:56Z,3.0471381795938,0.030471381795938,93234,run-20260228-135500
2026-02-28T15:04:21Z,2.89638629435539,0.0289638629435539,109164,run-20260228-145500
2026-02-28T16:05:43Z,2.9540440630693,0.029540440630693,125743,run-20260228-155500
2026-02-28T17:06:18Z,2.85785492988548,0.0285785492988548,130531,run-20260228-165500
2026-02-28T18:06:27Z,3.70699935898136,0.0370699935898136,131471,run-20260228-175500
2026-02-28T19:06:17Z,4.52536564474212,0.0452536564474212,128433,run-20260228-185500
2026-02-28T20:05:53Z,4.99063801689844,0.0499063801689844,123347,run-20260228-195500
2026-02-28T21:06:03Z,5.20783731487758,0.0520783731487758,121012,run-20260228-205500
2026-02-28T22:05:50Z,5.54565005435123,0.0554565005435123,117208,run-20260228-215500
2026-02-28T23:05:38Z,5.86242410869958,0.0586242410869958,114621,run-20260228-225500
2026-03-01T00:04:50Z,6.54883868384251,0.0654883868384251,105074,run-20260228-235500
2026-03-01T01:03:59Z,7.00937924618258,0.0700937924618258,101331,run-20260301-005500
2026-03-01T02:03:20Z,6.83507081568884,0.0683507081568884,96748,run-20260301-015500
2026-03-01T03:02:52Z,7.27892269642739,0.0727892269642739,91607,run-20260301-025500
2026-03-01T04:02:09Z,7.82002295760708,0.0782002295760708,82761,run-20260301-035500
2026-03-01T05:01:00Z,7.81947903359771,0.0781947903359771,70103,run-20260301-045500
2026-03-01T06:00:19Z,8.74717572627714,0.0874717572627714,61598,run-20260301-055500
2026-03-01T06:59:21Z,7.98740416554524,0.0798740416554524,49948,run-20260301-065500
2026-03-01T07:58:49Z,8.07811949425612,0.0807811949425612,44123,run-20260301-075500
2026-03-01T08:58:50Z,8.61511319731595,0.0861511319731595,44262,run-20260301-085500
2026-03-01T09:58:52Z,8.79725958320725,0.0879725958320725,44568,run-20260301-095500
2026-03-01T10:58:50Z,8.92395257488612,0.0892395257488612,44327,run-20260301-105500
2026-03-01T11:59:17Z,8.75268161147937,0.0875268161147937,49300,run-20260301-115500
2026-03-01T13:00:03Z,9.01590807788804,0.0901590807788804,58851,run-20260301-125500
2026-03-01T14:01:23Z,8.70937771719509,0.0870937771719509,75064,run-20260301-135500
2026-03-01T15:02:51Z,8.44148953217753,0.0844148953217753,91633,run-20260301-145500
2026-03-01T16:04:14Z,6.28839781066663,0.0628839781066663,108152,run-20260301-155500
2026-03-01T17:04:48Z,6.81531705618335,0.0681531705618335,114234,run-20260301-165500
2026-03-01T18:05:14Z,7.55256257784573,0.0755256257784573,118431,run-20260301-175500
2026-03-01T19:05:23Z,7.95977135373495,0.0795977135373495,119626,run-20260301-185500
2026-03-01T20:04:55Z,8.16737233944524,0.0816737233944524,112987,run-20260301-195500
2026-03-01T21:05:00Z,8.44718903136716,0.0844718903136717,113117,run-20260301-205500
2026-03-01T22:05:08Z,7.52040112710058,0.0752040112710058,114317,run-20260301-215500
2026-03-01T23:04:52Z,7.11916569202246,0.0711916569202246,111658,run-20260301-225500
2026-03-02T00:04:06Z,7.45561481675262,0.0745561481675262,103008,run-20260301-235500
2026-03-02T01:03:39Z,7.97351287212594,0.0797351287212594,97981,run-20260302-005500
2026-03-02T02:03:20Z,7.42122707807181,0.0742122707807181,94453,run-20260302-015500
2026-03-02T03:02:45Z,8.03565025798003,0.0803565025798003,88654,run-20260302-025500
2026-03-02T04:02:10Z,7.93703704801632,0.0793703704801632,82070,run-20260302-035500
2026-03-02T05:01:02Z,8.03224079198607,0.0803224079198607,69207,run-20260302-045500
2026-03-02T05:59:52Z,8.33573273012174,0.0833573273012174,56568,run-20260302-055500
2026-03-02T06:59:17Z,8.2579417859279,0.0825794178592791,49559,run-20260302-065500
2026-03-02T07:58:59Z,8.17222009302475,0.0817222009302475,45552,run-20260302-075500
2026-03-02T08:58:55Z,7.19677548728813,0.0719677548728813,45610,run-20260302-085500
2026-03-02T09:58:54Z,7.72023891682718,0.0772023891682718,45467,run-20260302-095500
2026-03-02T10:59:02Z,7.83304842573151,0.0783304842573151,46508,run-20260302-105500
2026-03-02T11:59:43Z,8.07218206516042,0.0807218206516042,55440,run-20260302-115500
2026-03-02T13:00:56Z,7.28040089030572,0.0728040089030572,69835,run-20260302-125500
2026-03-02T14:03:07Z,4.86211997042417,0.0486211997042417,96088,run-20260302-135500
2026-03-02T15:04:16Z,5.87082266868693,0.0587082266868693,109415,run-20260302-145500
2026-03-02T16:04:52Z,6.22873110075992,0.0622873110075992,116168,run-20260302-155500
2026-03-02T17:05:17Z,6.53271212400064,0.0653271212400064,120594,run-20260302-165500
2026-03-02T18:05:52Z,6.16687171494259,0.0616687171494259,127546,run-20260302-175500
2026-03-02T19:05:50Z,7.03631075062728,0.0703631075062728,127359,run-20260302-185500
2026-03-02T20:05:39Z,7.55181831211178,0.0755181831211178,124753,run-20260302-195500
2026-03-02T21:05:36Z,7.60230349483063,0.0760230349483063,124311,run-20260302-205500
2026-03-02T22:05:44Z,6.48139913131886,0.0648139913131886,126044,run-20260302-215500
2026-03-02T23:05:24Z,6.39836928825191,0.0639836928825191,121976,run-20260302-225500
2026-03-03T00:04:48Z,6.17175294729343,0.0617175294729343,114920,run-20260302-235500
2026-03-03T01:04:13Z,6.65553080972801,0.0665553080972801,108187,run-20260303-005500
2026-03-03T02:03:54Z,6.64897465350225,0.0664897465350225,104550,run-20260303-015500
2026-03-03T03:03:36Z,6.6240819468626,0.066240819468626,101246,run-20260303-025500
2026-03-03T04:03:17Z,6.28569059230052,0.0628569059230051,97408,run-20260303-035500
2026-03-03T05:01:46Z,7.64113065370906,0.0764113065370906,79419,run-20260303-045500
2026-03-03T06:00:24Z,8.12035103178675,0.0812035103178675,63021,run-20260303-055500
2026-03-03T06:59:45Z,8.62652758097627,0.0862652758097627,54912,run-20260303-065500
2026-03-03T07:59:12Z,8.61650931717914,0.0861650931717914,49149,run-20260303-075500
2026-03-03T08:59:01Z,8.98440945678006,0.0898440945678006,47078,run-20260303-085500
2026-03-03T09:58:55Z,8.56697477576135,0.0856697477576135,45775,run-20260303-095500
2026-03-03T10:59:13Z,8.75803534257892,0.0875803534257892,49420,run-20260303-105500
2026-03-03T12:00:06Z,7.95025221271952,0.0795025221271952,58515,run-20260303-115500
2026-03-03T13:01:06Z,8.30842367698859,0.0830842367698859,71777,run-20260303-125500
2026-03-03T14:02:43Z,7.75663063271257,0.0775663063271257,90870,run-20260303-135500
2026-03-03T15:04:00Z,7.56251258928146,0.0756251258928146,105940,run-20260303-145500
2026-03-03T16:05:08Z,7.32111400774733,0.0732111400774733,117989,run-20260303-155500
2026-03-03T17:05:31Z,8.03683091832095,0.0803683091832095,123523,run-20260303-165500
2026-03-03T18:06:21Z,6.72865054422932,0.0672865054422932,132735,run-20260303-175500
2026-03-03T19:06:11Z,7.35591145217597,0.0735591145217597,130495,run-20260303-185500
2026-03-03T20:05:53Z,8.13593232192411,0.0813593232192411,126663,run-20260303-195500
2026-03-03T21:05:41Z,7.518372970354,0.07518372970354,125089,run-20260303-205500
2026-03-03T22:04:53Z,6.79365883600734,0.0679365883600734,115402,run-20260303-215500
2026-03-03T23:04:38Z,6.85733679050338,0.0685733679050338,112674,run-20260303-225500
2026-03-04T00:04:55Z,7.19435790418754,0.0719435790418754,115008,run-20260303-235500
2026-03-04T01:03:55Z,7.17477004316695,0.0717477004316695,104577,run-20260304-005500
2026-03-04T02:04:02Z,7.92589658508886,0.0792589658508886,105859,run-20260304-015500
2026-03-04T03:03:40Z,8.03926912380214,0.0803926912380214,101808,run-20260304-025500
2026-03-04T04:03:23Z,7.61991825653456,0.0761991825653456,98147,run-20260304-035500
2026-03-04T05:02:01Z,8.32171124435536,0.0832171124435536,82049,run-20260304-045500
2026-03-04T06:00:41Z,8.86842912775644,0.0886842912775644,65642,run-20260304-055500
2026-03-04T06:59:40Z,8.61847261811887,0.0861847261811887,54395,run-20260304-065500
2026-03-04T07:59:15Z,9.19793863021476,0.0919793863021477,49788,run-20260304-075500
2026-03-04T08:59:11Z,9.05480357683141,0.0905480357683141,49145,run-20260304-085500
2026-03-04T09:59:08Z,9.8981042167274,0.0989810421672739,48472,run-20260304-095500
2026-03-04T10:59:20Z,8.8730519269742,0.088730519269742,50875,run-20260304-105500
2026-03-04T11:59:53Z,9.18430218678876,0.0918430218678876,57301,run-20260304-115500
2026-03-04T13:01:14Z,9.21326026361625,0.0921326026361625,73145,run-20260304-125500
2026-03-04T14:03:19Z,7.40733250913579,0.0740733250913579,98438,run-20260304-135500
2026-03-04T15:04:38Z,8.66238011642129,0.0866238011642129,113293,run-20260304-145500
2026-03-04T16:05:37Z,8.09354962771172,0.0809354962771172,125146,run-20260304-155500
2026-03-04T17:05:49Z,8.34388562489261,0.0834388562489261,127046,run-20260304-165500
2026-03-04T18:05:47Z,8.58244501577977,0.0858244501577977,126210,run-20260304-175500
2026-03-04T19:05:52Z,8.32548782523293,0.0832548782523293,127075,run-20260304-185500
2026-03-04T20:06:03Z,8.04533219508376,0.0804533219508376,129327,run-20260304-195500
2026-03-04T21:06:16Z,8.12950135112144,0.0812950135112144,131030,run-20260304-205500
2026-03-04T22:06:04Z,8.38506265873781,0.083850626587378,129223,run-20260304-215500
2026-03-04T23:05:31Z,7.51691234271352,0.0751691234271352,123029,run-20260304-225500
2026-03-05T00:04:55Z,6.88938873268753,0.0688938873268753,116238,run-20260304-235500
2026-03-05T01:04:31Z,7.34888146710641,0.0734888146710641,111178,run-20260305-005500
2026-03-05T02:04:07Z,7.82294409114062,0.0782294409114062,105778,run-20260305-015500
2026-03-05T03:03:48Z,7.68022820872816,0.0768022820872816,101923,run-20260305-025500
2026-03-05T04:02:52Z,7.44906249937506,0.0744906249937506,92212,run-20260305-035500
2026-03-05T05:01:47Z,8.72945636574148,0.0872945636574148,78041,run-20260305-045500
2026-03-05T06:00:20Z,7.59823224721174,0.0759823224721174,61954,run-20260305-055500
2026-03-05T06:59:37Z,8.04652303977539,0.0804652303977539,53208,run-20260305-065500
2026-03-05T07:59:11Z,8.52666791743374,0.0852666791743374,47844,run-20260305-075500
2026-03-05T08:59:00Z,8.97082826717077,0.0897082826717077,46557,run-20260305-085500
2026-03-05T09:58:52Z,8.81610261840686,0.0881610261840686,44944,run-20260305-095500
2026-03-05T10:59:01Z,9.28290392562657,0.0928290392562657,46767,run-20260305-105500
2026-03-05T11:59:45Z,9.38924705034733,0.0938924705034733,55494,run-20260305-115500
2026-03-05T13:01:05Z,9.17124333933875,0.0917124333933875,71323,run-20260305-125500
2026-03-05T14:02:34Z,8.70358355766176,0.0870358355766176,89084,run-20260305-135500
2026-03-05T15:04:05Z,8.27429916857706,0.0827429916857707,107038,run-20260305-145500
2026-03-05T16:04:59Z,8.26825049759874,0.0826825049759874,117338,run-20260305-155500
2026-03-05T17:05:24Z,8.90039387450859,0.0890039387450859,121812,run-20260305-165500
2026-03-05T18:05:50Z,8.65442102619599,0.0865442102619599,126639,run-20260305-175500
2026-03-05T19:06:11Z,8.5418110026712,0.085418110026712,130352,run-20260305-185500
2026-03-05T20:07:12Z,6.76781048235305,0.0676781048235305,142539,run-20260305-195500
2026-03-05T21:07:31Z,8.13913260528971,0.0813913260528971,140985,run-20260305-205500
2026-03-05T22:06:18Z,8.35185380845963,0.0835185380845963,132549,run-20260305-215500
2026-03-05T23:05:47Z,7.38132029458905,0.0738132029458905,126049,run-20260305-225500
2026-03-06T00:04:51Z,7.93997866025473,0.0793997866025473,115305,run-20260305-235500
2026-03-06T01:04:15Z,8.06983452045953,0.0806983452045953,107831,run-20260306-005500
2026-03-06T02:03:52Z,8.04023400605166,0.0804023400605166,103971,run-20260306-015500
2026-03-06T03:03:21Z,8.17029345424891,0.0817029345424892,97477,run-20260306-025500
2026-03-06T04:02:37Z,7.93009477546116,0.0793009477546116,88967,run-20260306-035500
2026-03-06T05:01:27Z,8.84754702721762,0.0884754702721762,75568,run-20260306-045500
2026-03-06T06:00:18Z,8.62022314494838,0.0862022314494838,61576,run-20260306-055500
2026-03-06T06:59:36Z,8.66012145037864,0.0866012145037864,53664,run-20260306-065500
2026-03-06T07:59:13Z,9.02453313214403,0.0902453313214403,49066,run-20260306-075500
2026-03-06T08:59:00Z,9.19365912659891,0.0919365912659891,46618,run-20260306-085500
2026-03-06T09:59:00Z,9.82561382298031,0.0982561382298031,46164,run-20260306-095500
2026-03-06T10:59:10Z,10.1136737681084,0.101136737681084,48767,run-20260306-105500
2026-03-06T11:59:50Z,9.92210078286549,0.0992210078286549,56566,run-20260306-115500
2026-03-06T13:01:08Z,9.59281584937372,0.0959281584937372,71977,run-20260306-125500
2026-03-06T14:02:43Z,8.97210159310312,0.0897210159310312,90547,run-20260306-135500
2026-03-06T15:04:22Z,8.17270034147519,0.0817270034147519,110525,run-20260306-145500
2026-03-06T16:05:17Z,8.36818600318704,0.0836818600318704,121198,run-20260306-155500
2026-03-06T17:05:45Z,8.42976214429268,0.0842976214429268,126042,run-20260306-165500
2026-03-06T18:05:51Z,9.33304149474182,0.0933304149474182,127366,run-20260306-175500
2026-03-06T19:05:51Z,9.05907142513279,0.0905907142513279,126235,run-20260306-185500
2026-03-06T20:05:52Z,8.99116241779478,0.0899116241779478,127131,run-20260306-195500
2026-03-06T21:05:52Z,9.07487434923563,0.0907487434923563,127169,run-20260306-205500
2026-03-06T22:05:48Z,9.13378553130722,0.0913378553130722,125664,run-20260306-215500
2026-03-06T23:04:58Z,9.06645414001482,0.0906645414001482,116115,run-20260306-225500
2026-03-07T00:04:21Z,8.89320921481325,0.0889320921481325,109383,run-20260306-235500
2026-03-07T01:03:45Z,8.99699532363563,0.0899699532363563,102385,run-20260307-005500
2026-03-07T02:03:26Z,9.26166866859399,0.0926166866859399,98389,run-20260307-015500
2026-03-07T03:03:07Z,8.67930458073669,0.0867930458073669,94457,run-20260307-025500
2026-03-07T04:02:21Z,8.93155636279213,0.0893155636279213,86388,run-20260307-035500
2026-03-07T05:01:29Z,9.85320268449753,0.0985320268449753,76150,run-20260307-045500
2026-03-07T06:00:19Z,8.62247216529956,0.0862247216529956,61836,run-20260307-055500
2026-03-07T06:59:33Z,8.92759783898943,0.0892759783898943,52418,run-20260307-065500
2026-03-07T07:58:59Z,8.87737558910742,0.0887737558910742,45836,run-20260307-075500
2026-03-07T08:58:43Z,9.32029962288832,0.0932029962288832,43442,run-20260307-085500
2026-03-07T09:58:40Z,10.4024049524296,0.104024049524296,42656,run-20260307-095500
2026-03-07T10:58:42Z,9.85576405108146,0.0985576405108146,43084,run-20260307-105500
2026-03-07T11:59:09Z,9.90137904499973,0.0990137904499973,49016,run-20260307-115500
2026-03-07T13:00:09Z,9.35715033501315,0.0935715033501315,60469,run-20260307-125500
2026-03-07T14:01:27Z,9.32476616026986,0.0932476616026986,76161,run-20260307-135500
2026-03-07T15:02:36Z,8.84172815405899,0.0884172815405899,89913,run-20260307-145500
2026-03-07T16:03:39Z,9.24837456959487,0.0924837456959487,102054,run-20260307-155500
2026-03-07T17:04:18Z,9.58157720164955,0.0958157720164955,109508,run-20260307-165500
2026-03-07T18:04:24Z,9.69524265988623,0.0969524265988623,110619,run-20260307-175500
2026-03-07T19:04:37Z,9.76547131312662,0.0976547131312662,113205,run-20260307-185500
2026-03-07T20:04:23Z,10.0687986766208,0.100687986766208,110277,run-20260307-195500
2026-03-07T21:04:14Z,9.38098966354857,0.0938098966354857,108196,run-20260307-205500
2026-03-07T22:04:15Z,8.90604871327196,0.0890604871327196,108670,run-20260307-215500
2026-03-07T23:04:02Z,8.48757942928959,0.0848757942928959,105890,run-20260307-225500
2026-03-08T00:03:35Z,8.17933658764346,0.0817933658764346,100936,run-20260307-235500
2026-03-08T01:03:08Z,8.52128476940991,0.0852128476940991,94945,run-20260308-005500
2026-03-08T02:03:00Z,8.91051305381451,0.0891051305381451,93198,run-20260308-015500
2026-03-08T03:02:33Z,8.80995170695699,0.0880995170695699,88863,run-20260308-025500
2026-03-08T04:01:54Z,8.17582046997147,0.0817582046997147,81122,run-20260308-035500
2026-03-08T05:01:19Z,8.23777658480699,0.0823777658480699,74062,run-20260308-045500
2026-03-08T06:00:15Z,8.82451534014308,0.0882451534014308,61509,run-20260308-055500
2026-03-08T06:59:14Z,9.36379220894018,0.0936379220894017,48933,run-20260308-065500
2026-03-08T07:58:49Z,9.16504818685862,0.0916504818685862,44310,run-20260308-075500
2026-03-08T08:58:37Z,9.73483753531082,0.0973483753531082,42218,run-20260308-085500
2026-03-08T09:58:45Z,10.0092266995789,0.100092266995789,44092,run-20260308-095500
2026-03-08T10:58:49Z,9.70557774626888,0.0970557774626888,44913,run-20260308-105500
2026-03-08T11:59:23Z,10.0623892858246,0.100623892858246,50919,run-20260308-115500
2026-03-08T13:00:08Z,9.9258592023216,0.099258592023216,60785,run-20260308-125500
2026-03-08T14:01:25Z,9.14151813023454,0.0914151813023454,75212,run-20260308-135500
2026-03-08T15:02:35Z,8.80850970188542,0.0880850970188542,90023,run-20260308-145500
2026-03-08T16:03:39Z,8.76673599066626,0.0876673599066626,102196,run-20260308-155500
2026-03-08T17:04:03Z,9.16472280647537,0.0916472280647537,106932,run-20260308-165500
2026-03-08T18:04:33Z,9.20308316376436,0.0920308316376436,112509,run-20260308-175500
2026-03-08T19:04:25Z,9.52627710355809,0.0952627710355809,111184,run-20260308-185500
2026-03-08T20:04:13Z,9.88378579042962,0.0988378579042962,108776,run-20260308-195500
2026-03-08T21:03:57Z,9.47697278363262,0.0947697278363262,105372,run-20260308-205500
2026-03-08T22:03:59Z,9.71920005539977,0.0971920005539977,105878,run-20260308-215500
2026-03-08T23:04:01Z,8.79172929254772,0.0879172929254772,106326,run-20260308-225500
2026-03-09T00:03:47Z,8.544088581652,0.08544088581652,102607,run-20260308-235500
2026-03-09T01:03:17Z,8.68559271143062,0.0868559271143062,97430,run-20260309-005500
2026-03-09T02:02:47Z,8.76830415359106,0.0876830415359106,90793,run-20260309-015500
2026-03-09T03:02:13Z,8.66492241936597,0.0866492241936597,84532,run-20260309-025500
2026-03-09T04:01:15Z,8.64767977598897,0.0864767977598897,73426,run-20260309-035500
2026-03-09T05:00:13Z,8.87096920200737,0.0887096920200737,61030,run-20260309-045500
2026-03-09T05:59:08Z,8.60286822440671,0.0860286822440672,48457,run-20260309-055500
2026-03-09T06:58:38Z,8.63995875877585,0.0863995875877585,42496,run-20260309-065500
2026-03-09T07:58:30Z,8.81066796231745,0.0881066796231745,40699,run-20260309-075500
2026-03-09T08:58:34Z,9.28137910090141,0.0928137910090141,41177,run-20260309-085500
2026-03-09T09:58:42Z,8.92392549959615,0.0892392549959615,43505,run-20260309-095500
2026-03-09T10:59:09Z,9.23494853812283,0.0923494853812283,48953,run-20260309-105500
2026-03-09T12:00:03Z,8.30382134033847,0.0830382134033847,59658,run-20260309-115500
2026-03-09T13:01:26Z,8.7920621392893,0.087920621392893,76416,run-20260309-125500
2026-03-09T14:02:47Z,8.34639399635144,0.0834639399635144,92584,run-20260309-135500
2026-03-09T15:03:47Z,8.60689849990054,0.0860689849990054,104364,run-20260309-145500
2026-03-09T16:04:26Z,8.71637607053808,0.0871637607053808,110309,run-20260309-155500
2026-03-09T17:04:51Z,8.94056491028142,0.0894056491028142,116170,run-20260309-165500
2026-03-09T18:05:04Z,8.39267548099652,0.0839267548099652,117693,run-20260309-175500
2026-03-09T19:05:07Z,8.80875058301299,0.0880875058301299,117510,run-20260309-185500
2026-03-09T20:05:32Z,8.8276344684526,0.088276344684526,123338,run-20260309-195500
2026-03-09T21:05:03Z,8.69199540947688,0.0869199540947688,117976,run-20260309-205500
2026-03-09T22:05:29Z,7.88318752722987,0.0788318752722987,123032,run-20260309-215500
2026-03-09T23:05:18Z,7.38350821299585,0.0738350821299585,120632,run-20260309-225500
2026-03-10T00:04:21Z,7.97615990998365,0.0797615990998365,109790,run-20260309-235500
2026-03-10T01:03:52Z,8.60510918914175,0.0860510918914175,104404,run-20260310-005500
2026-03-10T02:03:46Z,8.53458323347489,0.0853458323347489,103175,run-20260310-015500
2026-03-10T03:03:00Z,8.82020454220765,0.0882020454220765,94272,run-20260310-025500
2026-03-10T04:01:35Z,9.09176556112052,0.0909176556112052,77143,run-20260310-035500
2026-03-10T05:00:24Z,9.79821791804461,0.0979821791804461,62882,run-20260310-045500
2026-03-10T05:59:22Z,9.81023681255023,0.0981023681255023,50909,run-20260310-055500
2026-03-10T06:59:06Z,9.85945527991756,0.0985945527991756,47781,run-20260310-065500
2026-03-10T07:58:47Z,9.74059090601079,0.0974059090601079,43696,run-20260310-075500
2026-03-10T08:58:44Z,9.93379277341235,0.0993379277341235,43489,run-20260310-085500
2026-03-10T09:58:48Z,10.1402841269146,0.101402841269146,44693,run-20260310-095500
2026-03-10T10:59:12Z,10.2086561134238,0.102086561134238,48595,run-20260310-105500
2026-03-10T12:00:07Z,9.73045603172454,0.0973045603172455,60232,run-20260310-115500
2026-03-10T13:01:40Z,9.00780668432328,0.0900780668432328,78595,run-20260310-125500
2026-03-10T14:02:47Z,9.58674944982678,0.0958674944982679,91806,run-20260310-135500
2026-03-10T15:03:39Z,9.7913754487304,0.097913754487304,101448,run-20260310-145500
2026-03-10T16:04:21Z,9.50186554179217,0.0950186554179217,109439,run-20260310-155500
2026-03-10T17:05:07Z,9.39369648018149,0.0939369648018149,118635,run-20260310-165500
2026-03-10T18:05:13Z,9.57604797182746,0.0957604797182746,119483,run-20260310-175500
2026-03-10T19:05:22Z,9.01701919366215,0.0901701919366215,120934,run-20260310-185500
2026-03-10T20:05:29Z,8.91976218300765,0.0891976218300765,122114,run-20260310-195500
2026-03-10T21:05:27Z,8.42823783639545,0.0842823783639545,121430,run-20260310-205500
2026-03-10T22:05:07Z,7.89000104880752,0.0789000104880752,117755,run-20260310-215500
2026-03-10T23:04:29Z,8.50670704768794,0.0850670704768794,110946,run-20260310-225500
2026-03-11T00:04:14Z,8.99970341726796,0.0899970341726796,107736,run-20260310-235500
2026-03-11T01:04:29Z,8.34658467805386,0.0834658467805386,110880,run-20260311-005500
2026-03-11T02:03:55Z,8.39481831804006,0.0839481831804006,104766,run-20260311-015500
2026-03-11T03:03:30Z,8.79853901244349,0.0879853901244349,99559,run-20260311-025500
2026-03-11T04:01:59Z,9.0575543828415,0.090575543828415,81859,run-20260311-035500
2026-03-11T05:00:52Z,9.39320033816809,0.0939320033816809,67828,run-20260311-045500
2026-03-11T05:59:31Z,8.60256685424611,0.0860256685424611,52498,run-20260311-055500
2026-03-11T06:59:07Z,8.6395921600257,0.086395921600257,47490,run-20260311-065500
2026-03-11T07:58:44Z,9.63953295147954,0.0963953295147954,43295,run-20260311-075500
2026-03-11T08:58:42Z,9.057694396488,0.09057694396488,43162,run-20260311-085500
2026-03-11T09:58:58Z,9.44361042109208,0.0944361042109208,46409,run-20260311-095500
2026-03-11T10:59:32Z,9.95034676425368,0.0995034676425368,52988,run-20260311-105500
2026-03-11T12:00:33Z,9.46654745531648,0.0946654745531648,65068,run-20260311-115500
2026-03-11T13:02:04Z,10.0077617957851,0.100077617957851,83011,run-20260311-125500
2026-03-11T14:03:24Z,9.36883799547625,0.0936883799547625,98601,run-20260311-135500
2026-03-11T15:05:33Z,9.34628179841435,0.0934628179841435,108657,run-20260311-145500
2026-03-11T16:07:09Z,8.89629035996671,0.0889629035996671,95831,run-20260311-155500
2026-03-11T17:05:38Z,8.58650242999601,0.0858650242999601,122584,run-20260311-165500
2026-03-11T18:05:22Z,7.90011339770027,0.0790011339770027,120725,run-20260311-175500
2026-03-11T19:05:28Z,8.07306014402301,0.0807306014402301,122257,run-20260311-185500
2026-03-11T20:05:41Z,7.97271618047954,0.0797271618047954,124472,run-20260311-195500
2026-03-11T21:05:22Z,8.48211238926648,0.0848211238926648,120534,run-20260311-205500
2026-03-11T22:05:09Z,8.2819274596719,0.082819274596719,117915,run-20260311-215500
2026-03-11T23:04:52Z,8.82556135236809,0.0882556135236809,115082,run-20260311-225500
2026-03-12T00:04:17Z,8.69992660305518,0.0869992660305518,107586,run-20260311-235500
2026-03-12T01:04:25Z,8.71118124861973,0.0871118124861973,110295,run-20260312-005500
2026-03-12T02:03:54Z,8.23459746085966,0.0823459746085966,103710,run-20260312-015500
2026-03-12T03:02:55Z,8.45949789649118,0.0845949789649118,91766,run-20260312-025500
2026-03-12T04:07:05Z,8.51726197901224,0.0851726197901224,62787,run-20260312-035500
2026-03-12T05:00:21Z,9.14192004906561,0.0914192004906561,61937,run-20260312-045500
2026-03-12T05:59:29Z,8.85243119980946,0.0885243119980946,49884,run-20260312-055500
2026-03-12T06:58:53Z,8.89880451795955,0.0889880451795955,44865,run-20260312-065500
2026-03-12T07:58:45Z,9.83580432263758,0.0983580432263758,43664,run-20260312-075500
2026-03-12T08:58:53Z,9.07939529859829,0.0907939529859829,44032,run-20260312-085500
2026-03-12T09:59:04Z,10.0841131390642,0.100841131390642,47242,run-20260312-095500
2026-03-12T10:59:39Z,10.1361985337588,0.101361985337588,54423,run-20260312-105500
2026-03-12T12:00:44Z,9.85820508740546,0.0985820508740546,67374,run-20260312-115500
2026-03-12T13:02:13Z,9.72855051762958,0.0972855051762958,84921,run-20260312-125500
2026-03-12T14:03:36Z,8.85801981164234,0.0885801981164234,101101,run-20260312-135500
2026-03-12T15:04:32Z,8.6278796530539,0.086278796530539,111916,run-20260312-145500
2026-03-12T16:04:57Z,8.62936676469767,0.0862936676469767,116746,run-20260312-155500
2026-03-12T17:05:02Z,8.63070994538683,0.0863070994538683,116541,run-20260312-165500
2026-03-12T18:05:08Z,8.64282100389689,0.0864282100389689,118639,run-20260312-175500
2026-03-12T19:05:06Z,7.96618741468687,0.0796618741468687,117736,run-20260312-185500
2026-03-12T20:05:16Z,8.5418099188678,0.085418099188678,119787,run-20260312-195500
2026-03-12T21:04:59Z,8.52205738125245,0.0852205738125245,116667,run-20260312-205500
2026-03-12T22:04:35Z,8.24180788626431,0.0824180788626431,111784,run-20260312-215500
2026-03-12T23:04:28Z,8.43446866376438,0.0843446866376438,110347,run-20260312-225500
2026-03-13T00:04:09Z,8.6393320397078,0.086393320397078,106771,run-20260312-235500
2026-03-13T01:03:52Z,8.3083791798958,0.083083791798958,103474,run-20260313-005500
2026-03-13T02:03:26Z,8.12651013249456,0.0812651013249455,96660,run-20260313-015500
2026-03-13T03:02:45Z,8.43195932762195,0.0843195932762195,90215,run-20260313-025500
2026-03-13T04:01:37Z,8.89962284933814,0.0889962284933814,77168,run-20260313-035500
2026-03-13T05:00:23Z,9.09026644184087,0.0909026644184087,62245,run-20260313-045500
2026-03-13T05:59:19Z,8.33558790518211,0.0833558790518211,48954,run-20260313-055500
2026-03-13T06:58:54Z,8.81935368774427,0.0881935368774427,45112,run-20260313-065500
2026-03-13T07:58:07Z,8.94372805179584,0.0894372805179584,36140,run-20260313-075500
2026-03-13T08:59:00Z,10.1009991395899,0.101009991395899,42453,run-20260313-085500
2026-03-13T09:58:58Z,10.348114202135,0.10348114202135,46196,run-20260313-095500
2026-03-13T10:59:31Z,9.81447786807465,0.0981447786807465,52641,run-20260313-105500
2026-03-13T12:00:43Z,9.22456089812916,0.0922456089812916,67101,run-20260313-115500
2026-03-13T13:02:18Z,8.55564381673275,0.0855564381673275,85849,run-20260313-125500
2026-03-13T14:03:33Z,8.88594765473849,0.0888594765473849,100287,run-20260313-135500
2026-03-13T15:04:42Z,8.98486670901553,0.0898486670901553,113507,run-20260313-145500
2026-03-13T16:05:12Z,9.12124643040661,0.0912124643040661,119481,run-20260313-155500
2026-03-13T17:05:31Z,9.42508771796522,0.0942508771796522,123100,run-20260313-165500
2026-03-13T18:05:25Z,9.03282395408672,0.0903282395408672,120729,run-20260313-175500
2026-03-13T19:05:20Z,9.35263968174076,0.0935263968174076,120533,run-20260313-185500
2026-03-13T20:05:26Z,8.67729960890711,0.0867729960890711,121062,run-20260313-195500
2026-03-13T21:05:08Z,9.39199771452257,0.0939199771452257,117879,run-20260313-205500
2026-03-13T22:04:39Z,9.25103752581594,0.0925103752581594,112029,run-20260313-215500
2026-03-13T23:04:15Z,9.60143619084958,0.0960143619084958,107970,run-20260313-225500
2026-03-14T00:04:03Z,9.39399299420845,0.0939399299420845,106171,run-20260313-235500
2026-03-14T01:03:30Z,9.1329855452911,0.091329855452911,99457,run-20260314-005500
2026-03-14T02:03:03Z,8.98508444986594,0.0898508444986594,93354,run-20260314-015500
2026-03-14T03:02:21Z,8.95988359667646,0.0895988359667646,85536,run-20260314-025500
2026-03-14T04:01:28Z,9.05392905652717,0.0905392905652717,75633,run-20260314-035500
2026-03-14T05:00:17Z,10.0281362075728,0.100281362075728,61389,run-20260314-045500
2026-03-14T05:59:17Z,9.86278175226882,0.0986278175226882,49072,run-20260314-055500
2026-03-14T06:58:45Z,9.55902750299322,0.0955902750299322,42980,run-20260314-065500
2026-03-14T07:58:37Z,10.8174749438648,0.108174749438648,41853,run-20260314-075500
2026-03-14T08:58:35Z,10.8622171569609,0.108622171569609,41849,run-20260314-085500
2026-03-14T09:58:43Z,12.0881683647184,0.120881683647184,43172,run-20260314-095500
2026-03-14T10:59:03Z,11.1385178404114,0.111385178404114,47166,run-20260314-105500
2026-03-14T11:59:42Z,10.8445019808744,0.108445019808744,54441,run-20260314-115500
2026-03-14T13:00:43Z,11.010528848282,0.11010528848282,67065,run-20260314-125500
2026-03-14T14:02:09Z,10.7442837512179,0.107442837512179,84192,run-20260314-135500
2026-03-14T15:03:16Z,10.5002141664042,0.105002141664042,96857,run-20260314-145500
2026-03-14T16:04:42Z,10.0383180457648,0.100383180457648,102185,run-20260314-155500
2026-03-14T17:04:14Z,10.5548263242644,0.105548263242644,107770,run-20260314-165500
2026-03-14T18:04:18Z,10.2379431253381,0.102379431253381,108704,run-20260314-175500
2026-03-14T19:04:15Z,9.80137036953611,0.0980137036953611,107916,run-20260314-185500
2026-03-14T20:04:20Z,10.0711793947282,0.100711793947282,109147,run-20260314-195500
2026-03-14T21:03:55Z,10.011283169751,0.10011283169751,104213,run-20260314-205500
2026-03-14T22:03:47Z,10.3260517098185,0.103260517098185,102285,run-20260314-215500
2026-03-14T23:03:48Z,10.4788486979871,0.104788486979871,103004,run-20260314-225500
2026-03-15T00:03:16Z,10.4229004383723,0.104229004383723,96888,run-20260314-235500
2026-03-15T01:03:00Z,9.94096859674595,0.0994096859674595,93248,run-20260315-005500
2026-03-15T02:02:33Z,9.73478022197204,0.0973478022197204,88648,run-20260315-015500
2026-03-15T03:02:09Z,9.82568218053608,0.0982568218053608,84071,run-20260315-025500
2026-03-15T04:01:13Z,9.89433815504383,0.0989433815504383,72423,run-20260315-035500
2026-03-15T05:00:03Z,10.0392186780341,0.100392186780341,59238,run-20260315-045500
2026-03-15T05:59:10Z,9.59714173132539,0.0959714173132539,47940,run-20260315-055500
2026-03-15T06:58:33Z,9.4729834640492,0.094729834640492,40665,run-20260315-065500
2026-03-15T07:58:31Z,9.3907951097098,0.093907951097098,40683,run-20260315-075500
2026-03-15T08:58:35Z,11.5383801783447,0.115383801783447,41816,run-20260315-085500
2026-03-15T09:58:35Z,10.8115476991657,0.108115476991657,41988,run-20260315-095500
2026-03-15T10:58:46Z,10.9732921228649,0.109732921228649,44056,run-20260315-105500
2026-03-15T11:59:23Z,10.6206147083903,0.106206147083903,51391,run-20260315-115500
2026-03-15T13:00:30Z,10.0607441393675,0.100607441393675,64749,run-20260315-125500
2026-03-15T14:01:59Z,10.0344671218014,0.100344671218014,80701,run-20260315-135500
2026-03-15T15:02:58Z,9.84317486561274,0.0984317486561274,93690,run-20260315-145500
2026-03-15T16:03:56Z,9.91140110551902,0.0991140110551902,104028,run-20260315-155500
2026-03-15T17:04:08Z,10.3225519308271,0.103225519308271,107338,run-20260315-165500
2026-03-15T18:04:14Z,9.75375449315096,0.0975375449315096,108256,run-20260315-175500
2026-03-15T19:04:23Z,9.86317858312571,0.0986317858312571,110006,run-20260315-185500
2026-03-15T20:03:57Z,10.4362425123533,0.104362425123533,104570,run-20260315-195500
2026-03-15T21:03:53Z,10.6891390850377,0.106891390850377,103316,run-20260315-205500
2026-03-15T22:04:03Z,10.7293599134655,0.107293599134655,105475,run-20260315-215500
2026-03-15T23:04:11Z,11.1449792907739,0.111449792907739,107424,run-20260315-225500
2026-03-16T00:04:54Z,11.5487947830408,0.115487947830408,115375,run-20260315-235500
2026-03-16T01:05:29Z,10.0196940644695,0.100196940644695,123023,run-20260316-005500
2026-03-16T02:04:45Z,9.84397807689848,0.0984397807689848,113996,run-20260316-015500
2026-03-16T03:04:56Z,13.0264803254218,0.130264803254218,116262,run-20260316-025500
2026-03-16T04:02:18Z,10.4478742556063,0.104478742556063,84001,run-20260316-035500
2026-03-16T05:00:28Z,10.1458955703122,0.101458955703122,62545,run-20260316-045500
2026-03-16T05:59:09Z,10.5697434028846,0.105697434028846,47827,run-20260316-055500
2026-03-16T06:58:49Z,9.39750930076616,0.0939750930076616,43960,run-20260316-065500
2026-03-16T07:58:41Z,9.8953050189428,0.098953050189428,40631,run-20260316-075500
2026-03-16T08:58:40Z,9.87869294282962,0.0987869294282962,41920,run-20260316-085500
2026-03-16T09:58:48Z,10.2577283893183,0.102577283893183,43939,run-20260316-095500
2026-03-16T10:59:19Z,10.6048554914647,0.106048554914647,50234,run-20260316-105500
2026-03-16T12:00:22Z,10.0384046993286,0.100384046993286,62739,run-20260316-115500
2026-03-16T13:01:39Z,9.95474376035327,0.0995474376035327,77845,run-20260316-125500
2026-03-16T14:02:59Z,9.51098249802105,0.0951098249802105,93634,run-20260316-135500
2026-03-16T15:03:57Z,10.0992086680659,0.100992086680659,104576,run-20260316-145500
2026-03-16T16:04:31Z,9.66925758861067,0.0966925758861067,110905,run-20260316-155500
2026-03-16T17:05:24Z,8.59652103261527,0.0859652103261527,121699,run-20260316-165500
2026-03-16T18:05:34Z,8.49382631861769,0.0849382631861769,123044,run-20260316-175500
2026-03-16T19:05:16Z,8.91053039154551,0.0891053039154551,119693,run-20260316-185500
2026-03-16T20:05:13Z,8.99314223395243,0.0899314223395244,118732,run-20260316-195500
2026-03-16T21:05:33Z,8.16124707743277,0.0816124707743277,122814,run-20260316-205500
2026-03-16T22:05:22Z,8.07296094936336,0.0807296094936336,120541,run-20260316-215500
2026-03-16T23:04:54Z,8.43404104506448,0.0843404104506448,115195,run-20260316-225500
2026-03-17T00:04:14Z,8.4627707423176,0.084627707423176,107596,run-20260316-235500
2026-03-17T01:04:08Z,8.58997102289822,0.0858997102289822,102320,run-20260317-005500
2026-03-17T02:03:39Z,8.57320453426921,0.085732045342692,100612,run-20260317-015500
2026-03-17T03:03:13Z,8.87414283132477,0.0887414283132477,95029,run-20260317-025500
2026-03-17T04:01:52Z,9.58692595832788,0.0958692595832788,79323,run-20260317-035500
2026-03-17T05:00:33Z,9.2617281384394,0.092617281384394,63480,run-20260317-045500
2026-03-17T05:59:27Z,8.8176676516432,0.088176676516432,50661,run-20260317-055500
2026-03-17T06:59:11Z,9.18787732679761,0.0918787732679761,48305,run-20260317-065500
2026-03-17T07:58:47Z,9.72539337452922,0.0972539337452922,42603,run-20260317-075500
2026-03-17T08:58:42Z,9.98515724487184,0.0998515724487184,43164,run-20260317-085500
2026-03-17T09:58:50Z,10.2736579405862,0.102736579405862,44672,run-20260317-095500
2026-03-17T10:59:24Z,10.7749776271377,0.107749776271377,51412,run-20260317-105500
2026-03-17T12:00:29Z,11.1407397603079,0.111407397603079,64116,run-20260317-115500
2026-03-17T13:01:57Z,10.8433229862761,0.108433229862761,81392,run-20260317-125500
2026-03-17T14:03:22Z,10.9024399904918,0.109024399904918,97712,run-20260317-135500
2026-03-17T15:04:40Z,9.52745156912001,0.0952745156912001,113068,run-20260317-145500
2026-03-17T17:06:01Z,9.55016605055652,0.0955016605055652,127551,run-20260317-165500
2026-03-17T18:05:29Z,10.2226279774299,0.102226279774299,122530,run-20260317-175500
2026-03-17T19:05:04Z,10.1859702291736,0.101859702291736,115741,run-20260317-185500
2026-03-17T20:05:03Z,10.1410603118544,0.101410603118544,115843,run-20260317-195500
2026-03-17T21:05:14Z,10.1907347240547,0.101907347240547,119450,run-20260317-205500
2026-03-17T22:04:53Z,10.2821445836912,0.102821445836912,115083,run-20260317-215500
2026-03-17T23:04:29Z,10.3803669388038,0.103803669388038,110328,run-20260317-225500
2026-03-18T00:04:07Z,10.1390233670952,0.101390233670952,106047,run-20260317-235500
2026-03-18T01:03:56Z,10.1972575609532,0.101972575609532,104242,run-20260318-005500
2026-03-18T04:02:36Z,12.0896778086,0.120896778086,87607,run-20260318-035500
2026-03-18T05:00:19Z,10.9599082545166,0.109599082545166,61217,run-20260318-045500
2026-03-18T06:59:03Z,10.4064808583174,0.104064808583174,45927,run-20260318-065500
2026-03-18T07:58:45Z,11.6903732153277,0.116903732153277,43802,run-20260318-075500
2026-03-18T08:58:44Z,11.5156650859068,0.115156650859068,43138,run-20260318-085500
2026-03-18T09:58:52Z,11.0965645873283,0.110965645873283,45230,run-20260318-095500
2026-03-18T10:59:22Z,11.1736870924559,0.111736870924559,51001,run-20260318-105500
2026-03-18T12:00:26Z,11.6899743439289,0.116899743439289,63588,run-20260318-115500
2026-03-18T13:02:03Z,10.9737808453024,0.109737808453024,82710,run-20260318-125500
2026-03-18T14:07:25Z,10.4643784879335,0.104643784879335,66017,run-20260318-135500
2026-03-18T15:04:14Z,9.90215560151856,0.0990215560151856,108499,run-20260318-145500
2026-03-18T16:05:01Z,9.55237609384406,0.0955237609384406,117478,run-20260318-155500
2026-03-18T17:05:06Z,9.97150745804618,0.0997150745804618,117693,run-20260318-165500
2026-03-18T18:05:08Z,9.53543726777201,0.0953543726777201,117752,run-20260318-175500
2026-03-18T19:04:52Z,9.55783690714631,0.0955783690714631,114481,run-20260318-185500
2026-03-18T20:04:49Z,9.73036022125109,0.0973036022125109,114260,run-20260318-195500
2026-03-18T21:04:34Z,9.59123474403794,0.0959123474403794,111679,run-20260318-205500
2026-03-18T22:04:40Z,9.70928216388533,0.0970928216388533,112740,run-20260318-215500
2026-03-18T23:04:33Z,10.127430972748,0.10127430972748,111549,run-20260318-225500
2026-03-19T00:04:01Z,9.7415969727168,0.097415969727168,104925,run-20260318-235500
2026-03-19T01:03:55Z,8.91286069388667,0.0891286069388667,104116,run-20260319-005500
2026-03-19T02:03:22Z,9.2478541435891,0.092478541435891,96995,run-20260319-015500
2026-03-19T03:02:28Z,9.06050137489962,0.0906050137489962,87280,run-20260319-025500
2026-03-19T04:01:15Z,9.29825584100604,0.0929825584100605,72477,run-20260319-035500
2026-03-19T05:00:02Z,9.42260667059256,0.0942260667059256,58272,run-20260319-045500
2026-03-19T05:59:07Z,8.8365074567514,0.088365074567514,47744,run-20260319-055500
2026-03-19T06:58:50Z,9.02731682822164,0.0902731682822164,44141,run-20260319-065500
2026-03-19T07:58:53Z,9.3823796654201,0.093823796654201,45140,run-20260319-075500
2026-03-19T08:58:56Z,10.1425102861348,0.101425102861348,44647,run-20260319-085500
2026-03-19T09:58:50Z,10.718857303022,0.10718857303022,43974,run-20260319-095500
2026-03-19T10:59:32Z,10.2021795475431,0.102021795475431,53080,run-20260319-105500
2026-03-19T12:00:30Z,9.95646307574057,0.0995646307574057,63813,run-20260319-115500
2026-03-19T13:02:17Z,8.41828267766718,0.0841828267766718,85598,run-20260319-125500
2026-03-19T14:03:40Z,8.42644411203097,0.0842644411203097,101529,run-20260319-135500
2026-03-19T15:04:35Z,8.10864694630639,0.0810864694630639,112045,run-20260319-145500
2026-03-19T16:05:08Z,8.83722106252049,0.0883722106252049,117974,run-20260319-155500
2026-03-19T17:05:37Z,7.54562387858102,0.0754562387858102,123981,run-20260319-165500
2026-03-19T18:05:14Z,8.21802758217951,0.0821802758217951,119688,run-20260319-175500
2026-03-19T19:05:09Z,8.6627679120746,0.086627679120746,118334,run-20260319-185500
2026-03-19T20:05:19Z,8.36924743080221,0.0836924743080221,120294,run-20260319-195500
2026-03-19T21:05:00Z,8.51444490496353,0.0851444490496353,116910,run-20260319-205500
2026-03-19T22:04:35Z,8.8363720062985,0.088363720062985,111653,run-20260319-215500
2026-03-19T23:04:14Z,8.87505030897442,0.0887505030897442,108159,run-20260319-225500
2026-03-20T00:03:58Z,8.90463409637768,0.0890463409637768,104648,run-20260319-235500
2026-03-20T01:03:43Z,8.66957167431666,0.0866957167431666,100167,run-20260320-005500
2026-03-20T02:03:14Z,9.13032777323515,0.0913032777323515,96282,run-20260320-015500
2026-03-20T03:02:19Z,9.22538075806206,0.0922538075806206,85454,run-20260320-025500
2026-03-20T04:01:24Z,9.21294991997892,0.0921294991997892,74075,run-20260320-035500
2026-03-20T05:00:24Z,9.16244658859222,0.0916244658859223,62849,run-20260320-045500
2026-03-20T05:59:16Z,9.60554888716971,0.0960554888716971,49506,run-20260320-055500
2026-03-20T06:59:02Z,9.31533161128906,0.0931533161128906,46883,run-20260320-065500
2026-03-20T07:58:49Z,9.95686515227093,0.0995686515227093,44854,run-20260320-075500
2026-03-20T08:58:51Z,10.7672280800904,0.107672280800904,44424,run-20260320-085500
2026-03-20T09:58:53Z,10.9987754540875,0.109987754540875,45634,run-20260320-095500
2026-03-20T10:59:21Z,11.2120628854756,0.112120628854756,51089,run-20260320-105500
2026-03-20T12:00:35Z,10.7858151504587,0.107858151504587,65133,run-20260320-115500
2026-03-20T13:02:10Z,11.4088893846547,0.114088893846547,84251,run-20260320-125500
2026-03-20T14:03:24Z,10.5668604316807,0.105668604316807,98881,run-20260320-135500
2026-03-20T15:05:00Z,8.97881918849174,0.0897881918849174,117256,run-20260320-145500
2026-03-20T16:05:34Z,8.79216102906853,0.0879216102906853,123425,run-20260320-155500
2026-03-20T17:05:20Z,9.82726126785611,0.098272612678561,120508,run-20260320-165500
2026-03-20T18:05:16Z,9.98355567682548,0.0998355567682548,119598,run-20260320-175500
2026-03-20T19:05:21Z,9.79114026030635,0.0979114026030635,120418,run-20260320-185500
2026-03-20T20:05:26Z,9.48623672317783,0.0948623672317783,121759,run-20260320-195500
2026-03-20T21:05:15Z,9.58114589902015,0.0958114589902015,118950,run-20260320-205500
2026-03-20T22:04:49Z,9.11417423128535,0.0911417423128535,114639,run-20260320-215500
2026-03-20T23:04:32Z,8.85072492711478,0.0885072492711478,111224,run-20260320-225500
2026-03-21T00:04:01Z,9.71743293733261,0.0971743293733261,105202,run-20260320-235500
2026-03-21T01:03:42Z,9.411353782056,0.09411353782056,100263,run-20260321-005500
2026-03-21T02:03:11Z,9.25726547911916,0.0925726547911916,95618,run-20260321-015500
2026-03-21T03:02:16Z,10.0218573350146,0.100218573350146,84552,run-20260321-025500
2026-03-21T04:01:17Z,9.25843665289274,0.0925843665289274,73059,run-20260321-035500
2026-03-21T05:00:10Z,9.55039823792105,0.0955039823792106,60222,run-20260321-045500
2026-03-21T05:59:10Z,9.21405038750762,0.0921405038750762,47819,run-20260321-055500
2026-03-21T06:58:45Z,9.15640475101027,0.0915640475101027,43070,run-20260321-065500
2026-03-21T07:58:51Z,9.46429951444215,0.0946429951444215,42196,run-20260321-075500
2026-03-21T08:58:36Z,10.3378899431678,0.103378899431678,41936,run-20260321-085500
2026-03-21T09:58:44Z,10.0692455537415,0.100692455537415,43338,run-20260321-095500
2026-03-21T10:59:07Z,9.72566237689739,0.0972566237689739,48109,run-20260321-105500
2026-03-21T11:59:57Z,10.5708985955525,0.105708985955525,58014,run-20260321-115500
2026-03-21T13:01:06Z,10.5082547056906,0.105082547056906,71814,run-20260321-125500
2026-03-21T14:02:13Z,9.96115419762181,0.0996115419762181,84868,run-20260321-135500
2026-03-21T15:03:17Z,10.5079579306343,0.105079579306343,97077,run-20260321-145500
2026-03-21T16:03:40Z,10.2511963780766,0.102511963780766,100251,run-20260321-155500
2026-03-21T17:04:01Z,10.6200747229336,0.106200747229336,104840,run-20260321-165500
2026-03-21T18:04:31Z,9.33093822150708,0.0933093822150708,110920,run-20260321-175500
2026-03-21T19:04:49Z,8.71119035548789,0.0871119035548789,114549,run-20260321-185500
2026-03-21T20:04:21Z,9.49381413148892,0.0949381413148892,108888,run-20260321-195500
2026-03-21T21:04:05Z,9.79707986876846,0.0979707986876846,105848,run-20260321-205500
2026-03-21T22:03:52Z,10.3033754298591,0.103033754298591,103100,run-20260321-215500
2026-03-21T23:03:44Z,10.1033634536269,0.101033634536269,101602,run-20260321-225500
2026-03-22T00:03:36Z,10.8212477192674,0.108212477192674,100103,run-20260321-235500
2026-03-22T01:03:09Z,9.2834287248815,0.092834287248815,94845,run-20260322-005500
2026-03-22T02:02:44Z,9.48844956930464,0.0948844956930464,90337,run-20260322-015500
2026-03-22T03:01:55Z,9.93977629271677,0.0993977629271677,80746,run-20260322-025500
2026-03-22T04:01:20Z,10.5313531316591,0.105313531316591,73640,run-20260322-035500
2026-03-22T05:00:12Z,10.9031300514658,0.109031300514658,60109,run-20260322-045500
2026-03-22T05:59:05Z,9.89860692981503,0.0989860692981503,47041,run-20260322-055500
2026-03-22T06:58:29Z,9.44490609350319,0.0944490609350319,40279,run-20260322-065500
2026-03-22T07:58:18Z,10.2936293808797,0.102936293808797,38276,run-20260322-075500
2026-03-22T08:58:31Z,9.94599652799423,0.0994599652799423,41427,run-20260322-085500
2026-03-22T09:58:41Z,9.47119744972236,0.0947119744972236,42415,run-20260322-095500
2026-03-22T10:58:50Z,9.53660367593515,0.0953660367593515,44843,run-20260322-105500
2026-03-22T11:59:35Z,9.85227200595177,0.0985227200595177,53867,run-20260322-115500
2026-03-22T13:00:46Z,10.4575551321425,0.104575551321425,68012,run-20260322-125500
2026-03-22T14:02:15Z,9.04199478522733,0.0904199478522733,83821,run-20260322-135500
2026-03-22T15:03:40Z,8.2996628364991,0.082996628364991,101710,run-20260322-145500
2026-03-22T16:04:15Z,8.66805679470713,0.0866805679470713,108540,run-20260322-155500
2026-03-22T17:04:38Z,9.2404231550388,0.092404231550388,112717,run-20260322-165500
2026-03-22T18:04:32Z,9.11700143367836,0.0911700143367836,111972,run-20260322-175500
2026-03-22T19:04:34Z,8.99208701980542,0.0899208701980542,112348,run-20260322-185500
2026-03-22T20:04:09Z,9.33105457285277,0.0933105457285277,106938,run-20260322-195500
2026-03-22T21:04:03Z,9.97418502096188,0.0997418502096188,105916,run-20260322-205500
2026-03-22T22:03:47Z,9.79764274278238,0.0979764274278238,102834,run-20260322-215500
2026-03-22T23:03:29Z,9.87922466723309,0.0987922466723309,99210,run-20260322-225500
2026-03-23T00:03:21Z,9.80423285192063,0.0980423285192063,98081,run-20260322-235500
2026-03-23T01:03:01Z,9.73597953733449,0.0973597953733449,93891,run-20260323-005500
2026-03-23T02:02:56Z,10.0985718411577,0.100985718411577,92227,run-20260323-015500
2026-03-23T03:02:07Z,10.3148656123755,0.103148656123755,83006,run-20260323-025500
2026-03-23T04:00:55Z,9.77185340612583,0.0977185340612583,68769,run-20260323-035500
2026-03-23T04:59:48Z,9.60793084582984,0.0960793084582984,55617,run-20260323-045500
2026-03-23T05:58:56Z,9.38323501082736,0.0938323501082736,45446,run-20260323-055500
2026-03-23T06:58:43Z,9.24209543918807,0.0924209543918807,42740,run-20260323-065500
2026-03-23T07:58:32Z,9.83349624422214,0.0983349624422215,40713,run-20260323-075500
2026-03-23T08:58:30Z,9.25345730185411,0.0925345730185411,40934,run-20260323-085500
2026-03-23T09:58:47Z,9.15526009101281,0.0915526009101281,44466,run-20260323-095500
2026-03-23T10:59:15Z,9.98816708198678,0.0998816708198678,50048,run-20260323-105500
2026-03-23T12:00:32Z,8.44511113988929,0.0844511113988929,65216,run-20260323-115500
2026-03-23T13:01:30Z,8.53428244984047,0.0853428244984047,75012,run-20260323-125500
2026-03-23T14:03:10Z,8.7613207491796,0.087613207491796,96400,run-20260323-135500
2026-03-23T15:04:28Z,7.84217206007271,0.0784217206007271,111685,run-20260323-145500
2026-03-23T16:04:54Z,8.94411752899049,0.0894411752899049,116117,run-20260323-155500
2026-03-23T17:05:21Z,9.28448944883603,0.0928448944883603,121166,run-20260323-165500
2026-03-23T18:05:11Z,8.79694598659867,0.0879694598659867,118665,run-20260323-175500
2026-03-23T19:05:00Z,8.90911210414316,0.0890911210414316,116745,run-20260323-185500
2026-03-23T20:05:03Z,8.57764697741923,0.0857764697741923,117124,run-20260323-195500
2026-03-23T21:04:49Z,9.12717726374125,0.0912717726374125,114872,run-20260323-205500
2026-03-23T22:04:36Z,8.98677676251607,0.0898677676251607,112526,run-20260323-215500
2026-03-23T23:04:25Z,9.09491175906076,0.0909491175906076,109813,run-20260323-225500
2026-03-24T00:03:55Z,8.82091683573394,0.0882091683573394,104498,run-20260323-235500
2026-03-24T01:03:37Z,8.97274389038857,0.0897274389038857,100987,run-20260324-005500
2026-03-24T02:03:18Z,8.781712067049,0.08781712067049,97612,run-20260324-015500
2026-03-24T03:02:34Z,9.38519976609971,0.0938519976609971,88968,run-20260324-025500
2026-03-24T04:01:25Z,9.24302216361085,0.0924302216361085,75243,run-20260324-035500
2026-03-24T05:00:16Z,9.36788537364643,0.0936788537364643,61222,run-20260324-045500
2026-03-24T05:58:58Z,8.96126297561447,0.0896126297561447,45727,run-20260324-055500
2026-03-24T06:58:42Z,9.5004910653037,0.095004910653037,43416,run-20260324-065500
2026-03-24T07:58:34Z,9.94710240163651,0.0994710240163651,41502,run-20260324-075500
2026-03-24T08:58:36Z,10.5530584844134,0.105530584844134,42360,run-20260324-085500
2026-03-24T09:58:45Z,10.4106151248098,0.104106151248098,44054,run-20260324-095500
2026-03-24T10:59:23Z,10.2130241199963,0.102130241199963,51586,run-20260324-105500
2026-03-24T12:00:30Z,10.3831579328296,0.103831579328296,64777,run-20260324-115500
2026-03-24T13:02:01Z,10.3701637705056,0.103701637705056,82860,run-20260324-125500
2026-03-24T14:03:18Z,9.65387154294821,0.0965387154294822,97949,run-20260324-135500
2026-03-24T15:04:24Z,9.55506460899713,0.0955506460899713,110480,run-20260324-145500
2026-03-24T16:04:50Z,10.0311662538392,0.100311662538392,115209,run-20260324-155500
2026-03-24T17:05:15Z,9.83850563318621,0.0983850563318621,119827,run-20260324-165500
2026-03-24T18:05:22Z,9.69409486117808,0.0969409486117808,120963,run-20260324-175500
2026-03-24T19:05:19Z,9.00095275742697,0.0900095275742697,120356,run-20260324-185500
2026-03-24T20:05:23Z,8.9050075356327,0.089050075356327,120846,run-20260324-195500
2026-03-24T21:05:14Z,9.49311598149018,0.0949311598149018,119634,run-20260324-205500
2026-03-24T22:05:12Z,9.55322519105666,0.0955322519105666,119160,run-20260324-215500
2026-03-24T23:04:39Z,9.63565636818556,0.0963565636818556,112714,run-20260324-225500
2026-03-25T00:04:12Z,9.92893308114892,0.0992893308114892,107892,run-20260324-235500
2026-03-25T01:03:56Z,10.4825831115848,0.104825831115848,104712,run-20260325-005500
2026-03-25T02:03:30Z,10.5964459061372,0.105964459061372,99711,run-20260325-015500
2026-03-25T03:06:02Z,10.4476400313576,0.104476400313576,87066,run-20260325-025500
2026-03-25T04:01:24Z,10.1184236568213,0.101184236568213,74401,run-20260325-035500
2026-03-25T05:00:13Z,10.8293240187095,0.108293240187095,60491,run-20260325-045500
2026-03-25T05:59:08Z,9.93409909841307,0.0993409909841308,47950,run-20260325-055500
2026-03-25T06:58:47Z,9.70221637019825,0.0970221637019825,43940,run-20260325-065500
2026-03-25T07:58:33Z,10.5578897214114,0.105578897214114,41317,run-20260325-075500
2026-03-25T08:58:36Z,10.63874364086,0.1063874364086,42311,run-20260325-085500
2026-03-25T09:58:49Z,11.7834220150945,0.117834220150945,44665,run-20260325-095500
2026-03-25T10:59:25Z,11.1474471138403,0.111474471138403,51735,run-20260325-105500
2026-03-25T12:00:42Z,10.7337927963182,0.107337927963182,67229,run-20260325-115500
2026-03-25T13:02:15Z,10.9911651742297,0.109911651742297,85635,run-20260325-125500
2026-03-25T14:03:31Z,10.465907879185,0.10465907879185,99852,run-20260325-135500
2026-03-25T15:04:27Z,10.3958249474516,0.103958249474516,111330,run-20260325-145500
2026-03-25T16:04:49Z,10.2599220084339,0.102599220084339,115189,run-20260325-155500
2026-03-25T17:05:06Z,10.5777350967564,0.105777350967564,117827,run-20260325-165500
2026-03-25T18:05:07Z,10.2219433710873,0.102219433710873,117769,run-20260325-175500
2026-03-25T19:05:10Z,9.82034648923503,0.0982034648923503,118477,run-20260325-185500
2026-03-25T20:05:02Z,9.89732812086918,0.0989732812086919,116779,run-20260325-195500
2026-03-25T21:04:59Z,10.1233535403644,0.101233535403644,115531,run-20260325-205500
2026-03-25T22:04:33Z,10.4369220579637,0.104369220579637,111657,run-20260325-215500
2026-03-25T23:04:05Z,10.4980744052822,0.104980744052822,105854,run-20260325-225500
2026-03-26T00:03:54Z,10.3136102524977,0.103136102524977,103498,run-20260325-235500
2026-03-26T01:04:18Z,10.1897109946623,0.101897109946623,108967,run-20260326-005500
2026-03-26T02:03:47Z,10.106870345512,0.10106870345512,103280,run-20260326-015500
2026-03-26T03:02:44Z,10.080648325799,0.10080648325799,90297,run-20260326-025500
2026-03-26T04:01:18Z,10.1987578669773,0.101987578669773,73221,run-20260326-035500
2026-03-26T05:00:09Z,10.0324320294692,0.100324320294692,59650,run-20260326-045500
2026-03-26T05:59:02Z,10.7123360886484,0.107123360886484,46789,run-20260326-055500
2026-03-26T06:58:42Z,10.4154682298439,0.104154682298439,42872,run-20260326-065500
2026-03-26T07:58:35Z,10.3248736175704,0.103248736175704,41570,run-20260326-075500
2026-03-26T08:58:37Z,10.4642106275684,0.104642106275684,42405,run-20260326-085500
2026-03-26T09:58:47Z,11.459991540679,0.11459991540679,44386,run-20260326-095500
2026-03-26T10:59:25Z,10.4492843029325,0.104492843029325,51860,run-20260326-105500
2026-03-26T12:00:43Z,10.499785634709,0.10499785634709,67173,run-20260326-115500
2026-03-26T13:02:09Z,10.1901617510385,0.101901617510385,84231,run-20260326-125500
2026-03-26T14:03:43Z,10.1824185431236,0.101824185431236,102578,run-20260326-135500
2026-03-26T15:04:55Z,9.53750767487925,0.0953750767487925,116789,run-20260326-145500
2026-03-26T16:05:49Z,8.86143737492998,0.0886143737492998,127034,run-20260326-155500
2026-03-26T17:05:54Z,8.95584403479857,0.0895584403479857,127547,run-20260326-165500
2026-03-26T18:05:50Z,9.27361307733903,0.0927361307733903,126808,run-20260326-175500
2026-03-26T19:05:36Z,9.61184332273946,0.0961184332273946,124185,run-20260326-185500
2026-03-26T20:05:18Z,9.45217193904146,0.0945217193904146,120580,run-20260326-195500
2026-03-26T21:05:20Z,9.48595336248124,0.0948595336248124,120943,run-20260326-205500
2026-03-26T22:05:14Z,9.6590554846287,0.096590554846287,119848,run-20260326-215500
2026-03-26T23:04:52Z,9.96694375437853,0.0996694375437853,115682,run-20260326-225500
2026-03-27T00:04:26Z,9.95606677165558,0.0995606677165558,110541,run-20260326-235500
2026-03-27T01:04:09Z,9.97714723722101,0.0997714723722101,107416,run-20260327-005500
2026-03-27T02:03:51Z,9.70781701682541,0.0970781701682541,104050,run-20260327-015500
2026-03-27T03:03:01Z,9.74587742874764,0.0974587742874764,93523,run-20260327-025500
2026-03-27T04:01:26Z,9.7547798922791,0.097547798922791,74841,run-20260327-035500
2026-03-27T05:00:12Z,10.0838709632677,0.100838709632677,60278,run-20260327-045500
2026-03-27T05:59:08Z,9.90663131301942,0.0990663131301942,47710,run-20260327-055500
2026-03-27T06:58:52Z,9.53370155277717,0.0953370155277717,44724,run-20260327-065500
2026-03-27T07:58:42Z,10.9194198722467,0.109194198722467,43065,run-20260327-075500
2026-03-27T08:58:42Z,10.2731079846504,0.102731079846504,43514,run-20260327-085500
2026-03-27T09:58:51Z,11.0562218806428,0.110562218806428,45036,run-20260327-095500
2026-03-27T10:59:27Z,11.0523881266091,0.110523881266091,52211,run-20260327-105500
2026-03-27T12:00:35Z,11.2822260673865,0.112822260673865,65479,run-20260327-115500
2026-03-27T13:02:10Z,11.0099992462095,0.110099992462095,84221,run-20260327-125500
2026-03-27T14:03:36Z,9.87940918954965,0.0987940918954965,100818,run-20260327-135500
2026-03-27T15:04:36Z,10.2784530180339,0.102784530180339,112396,run-20260327-145500
2026-03-27T16:05:20Z,10.3833467347287,0.103833467347287,120682,run-20260327-155500
2026-03-27T17:05:43Z,10.7576726894394,0.107576726894394,125137,run-20260327-165500
2026-03-27T18:05:32Z,10.2111045801635,0.102111045801635,122993,run-20260327-175500
2026-03-27T19:05:18Z,10.1698512492924,0.101698512492924,119762,run-20260327-185500
2026-03-27T20:05:25Z,9.70449499311489,0.0970449499311489,121623,run-20260327-195500
2026-03-27T21:05:17Z,9.51323884153947,0.0951323884153947,119655,run-20260327-205500
2026-03-27T22:04:56Z,9.78755088236127,0.0978755088236127,115889,run-20260327-215500
2026-03-27T23:04:27Z,9.5484416969933,0.095484416969933,110495,run-20260327-225500
2026-03-28T00:03:54Z,10.3916983856376,0.103916983856376,104198,run-20260327-235500
2026-03-28T01:03:33Z,10.2809633162435,0.102809633162435,99798,run-20260328-005500
2026-03-28T02:03:16Z,10.3710562578251,0.103710562578251,96703,run-20260328-015500
2026-03-28T03:02:28Z,10.1750240582065,0.101750240582065,87047,run-20260328-025500
2026-03-28T04:01:24Z,9.72599500694765,0.0972599500694765,74265,run-20260328-035500
2026-03-28T05:00:21Z,9.76295666291199,0.0976295666291199,62124,run-20260328-045500
2026-03-28T05:59:06Z,9.85730641014753,0.0985730641014753,47551,run-20260328-055500
2026-03-28T06:58:34Z,9.45958043323696,0.0945958043323696,41518,run-20260328-065500
2026-03-28T07:58:22Z,10.4752308251556,0.104752308251556,38997,run-20260328-075500
2026-03-28T08:58:23Z,10.7839387104362,0.107839387104362,39744,run-20260328-085500
2026-03-28T09:58:34Z,10.8971628350764,0.108971628350764,41830,run-20260328-095500
2026-03-28T10:58:54Z,10.9151363905181,0.109151363905181,45630,run-20260328-105500
2026-03-28T11:59:42Z,11.1004412282584,0.111004412282584,55145,run-20260328-115500
2026-03-28T13:00:53Z,11.6673466188997,0.116673466188997,69194,run-20260328-125500
2026-03-28T14:02:07Z,11.4273880588232,0.114273880588232,84151,run-20260328-135500
2026-03-28T15:03:00Z,11.3618229618996,0.113618229618996,93912,run-20260328-145500
2026-03-28T16:03:31Z,11.7781391812594,0.117781391812594,99661,run-20260328-155500
2026-03-28T17:03:46Z,11.8904520380698,0.118904520380698,102569,run-20260328-165500
2026-03-28T18:03:47Z,11.3988959636358,0.113988959636358,102586,run-20260328-175500
2026-03-28T19:03:46Z,11.2003480495047,0.112003480495047,102224,run-20260328-185500
2026-03-28T20:03:55Z,11.4123886186722,0.114123886186722,104395,run-20260328-195500
2026-03-28T21:03:58Z,11.3422291243427,0.113422291243427,105030,run-20260328-205500
2026-03-28T22:04:01Z,11.0881609164604,0.110881609164604,105106,run-20260328-215500
2026-03-28T23:03:48Z,11.4359576401642,0.114359576401642,102741,run-20260328-225500
2026-03-29T00:03:35Z,11.6206783924334,0.116206783924334,100490,run-20260328-235500
2026-03-29T01:03:32Z,11.7730376922537,0.117730376922537,99367,run-20260329-005500
2026-03-29T02:02:54Z,11.4378129350272,0.114378129350272,92688,run-20260329-015500
2026-03-29T03:02:12Z,11.7237891317108,0.117237891317108,84263,run-20260329-025500
2026-03-29T04:01:08Z,11.5321213530462,0.115321213530462,71550,run-20260329-035500
2026-03-29T05:00:10Z,11.2233169974006,0.112233169974006,60336,run-20260329-045500
2026-03-29T05:59:24Z,10.0344419270581,0.100344419270581,51520,run-20260329-055500
2026-03-29T06:58:50Z,9.92577181547646,0.0992577181547646,44557,run-20260329-065500
2026-03-29T07:58:32Z,10.4389308966078,0.104389308966078,41228,run-20260329-075500
2026-03-29T08:58:25Z,11.1845778606215,0.111845778606215,39840,run-20260329-085500
2026-03-29T09:58:30Z,10.0780813862793,0.100780813862793,40948,run-20260329-095500
2026-03-29T10:58:45Z,10.6816778936069,0.106816778936069,43942,run-20260329-105500
2026-03-29T11:59:25Z,10.8742430862431,0.108742430862431,51807,run-20260329-115500
2026-03-29T13:00:33Z,11.8963267050592,0.118963267050592,65366,run-20260329-125500
2026-03-29T14:01:44Z,11.1950404571196,0.111950404571196,79275,run-20260329-135500
2026-03-29T15:03:05Z,10.4557617770804,0.104557617770804,94863,run-20260329-145500
2026-03-29T16:03:43Z,10.8364577140594,0.108364577140594,102402,run-20260329-155500
2026-03-29T17:03:59Z,11.2072832340653,0.112072832340653,105516,run-20260329-165500
2026-03-29T18:04:14Z,11.5221878360201,0.115221878360201,108221,run-20260329-175500
2026-03-29T19:04:15Z,11.0013547799749,0.110013547799749,108296,run-20260329-185500
2026-03-29T20:04:11Z,11.1411975116879,0.111411975116879,107048,run-20260329-195500
2026-03-29T21:04:05Z,10.9133891551573,0.109133891551573,106254,run-20260329-205500
2026-03-29T22:03:46Z,10.6323410423908,0.106323410423908,102652,run-20260329-215500
2026-03-29T23:03:08Z,11.2328597677567,0.112328597677567,95043,run-20260329-225500
2026-03-30T00:03:20Z,10.7698751724581,0.107698751724581,97776,run-20260329-235500
2026-03-30T01:02:50Z,11.4456051816737,0.114456051816737,91409,run-20260330-005500
2026-03-30T02:02:30Z,11.0569657956466,0.110569657956466,85644,run-20260330-015500
2026-03-30T03:01:47Z,10.9371421112793,0.109371421112793,79216,run-20260330-025500
2026-03-30T04:00:54Z,9.86895626697176,0.0986895626697176,68279,run-20260330-035500
2026-03-30T05:00:02Z,10.7350517960444,0.107350517960444,58443,run-20260330-045500
2026-03-30T05:59:13Z,11.0837752232758,0.110837752232758,48821,run-20260330-055500
2026-03-30T06:58:52Z,10.229585144894,0.10229585144894,45031,run-20260330-065500
2026-03-30T07:58:33Z,10.2330782254429,0.102330782254429,41054,run-20260330-075500
2026-03-30T08:58:36Z,10.0873301108702,0.100873301108702,41520,run-20260330-085500
2026-03-30T09:58:39Z,10.6740126369736,0.106740126369736,42732,run-20260330-095500
2026-03-30T10:59:06Z,10.6170742243106,0.106170742243106,48456,run-20260330-105500
2026-03-30T12:00:21Z,10.6492943789138,0.106492943789138,62542,run-20260330-115500
2026-03-30T13:01:41Z,10.2241783712238,0.102241783712238,78880,run-20260330-125500
2026-03-30T14:02:54Z,10.3936227673253,0.103936227673253,93142,run-20260330-135500
2026-03-30T15:04:08Z,10.2637800944893,0.102637800944893,107686,run-20260330-145500
2026-03-30T16:04:39Z,10.2146432788384,0.102146432788384,112911,run-20260330-155500
2026-03-30T17:04:55Z,9.78085285952523,0.0978085285952523,115906,run-20260330-165500
2026-03-30T18:04:52Z,9.71432927035185,0.0971432927035185,116178,run-20260330-175500
2026-03-30T19:04:49Z,9.60117373366345,0.0960117373366345,114906,run-20260330-185500
2026-03-30T20:04:55Z,9.54323664438916,0.0954323664438916,116041,run-20260330-195500
2026-03-30T21:04:47Z,9.84227771459775,0.0984227771459775,114643,run-20260330-205500
2026-03-30T22:04:24Z,9.37275891465064,0.0937275891465064,110096,run-20260330-215500
2026-03-30T23:03:56Z,9.80465278623899,0.0980465278623899,104352,run-20260330-225500
2026-03-31T00:03:37Z,9.45640637645711,0.0945640637645711,100972,run-20260330-235500
2026-03-31T01:03:40Z,9.22471347425876,0.0922471347425876,102002,run-20260331-005500
2026-03-31T02:03:40Z,9.4166409132336,0.094166409132336,101660,run-20260331-015500
2026-03-31T03:02:55Z,9.92880318056447,0.0992880318056447,92932,run-20260331-025500
2026-03-31T04:01:32Z,10.3186398223399,0.103186398223399,76612,run-20260331-035500
2026-03-31T05:00:29Z,9.96212398803655,0.0996212398803655,64127,run-20260331-045500
2026-03-31T05:59:28Z,10.3762340731838,0.103762340731838,52304,run-20260331-055500
2026-03-31T06:59:19Z,9.71425174968464,0.0971425174968464,50577,run-20260331-065500
2026-03-31T07:58:55Z,9.58244783498157,0.0958244783498157,45519,run-20260331-075500
2026-03-31T08:58:44Z,9.27094002463032,0.0927094002463032,43982,run-20260331-085500
2026-03-31T09:58:49Z,10.0921999233479,0.100921999233479,44887,run-20260331-095500
2026-03-31T10:59:24Z,10.090053037426,0.10090053037426,51779,run-20260331-105500
2026-03-31T12:00:37Z,10.3732199057527,0.103732199057527,65827,run-20260331-115500
2026-03-31T13:02:27Z,8.86876333238409,0.0886876333238409,87822,run-20260331-125500
2026-03-31T14:03:40Z,9.44178977382473,0.0944178977382473,102079,run-20260331-135500
2026-03-31T15:04:48Z,9.78731311404309,0.0978731311404309,114723,run-20260331-145500
2026-03-31T16:05:24Z,9.87458859098743,0.0987458859098743,121882,run-20260331-155500
2026-03-31T17:05:40Z,10.3095203984418,0.103095203984418,124671,run-20260331-165500
2026-03-31T20:06:05Z,10.2034573231091,0.102034573231091,127622,run-20260331-195500
2026-03-31T21:05:57Z,9.66848641350946,0.0966848641350946,128566,run-20260331-205500
2026-03-31T22:05:40Z,9.51681666730744,0.0951681666730744,124990,run-20260331-215500
2026-03-31T23:04:59Z,9.13874574177489,0.0913874574177489,117060,run-20260331-225500
2026-04-01T00:04:35Z,9.4059489313369,0.094059489313369,112286,run-20260331-235500
2026-04-01T01:04:03Z,9.41265308891976,0.0941265308891976,106169,run-20260401-005500
2026-04-01T02:03:49Z,9.3293690411705,0.093293690411705,103157,run-20260401-015500
2026-04-01T03:03:02Z,9.87034798615376,0.0987034798615376,94126,run-20260401-025500
2026-04-01T04:01:46Z,10.674873610482,0.10674873610482,79121,run-20260401-035500
2026-04-01T05:00:35Z,9.79100474443512,0.0979100474443512,64995,run-20260401-045500
2026-04-01T05:59:36Z,9.95083525739842,0.0995083525739841,53280,run-20260401-055500
2026-04-01T06:59:19Z,9.75081853966515,0.0975081853966515,50204,run-20260401-065500
2026-04-01T07:59:06Z,10.1479033666335,0.101479033666335,48023,run-20260401-075500
2026-04-01T08:59:08Z,9.20119059966647,0.0920119059966647,48623,run-20260401-085500
2026-04-01T09:59:14Z,9.7547386881477,0.097547386881477,49725,run-20260401-095500
2026-04-01T10:59:52Z,9.88624116967926,0.0988624116967926,57244,run-20260401-105500
2026-04-01T12:01:00Z,9.78470758953315,0.0978470758953315,70733,run-20260401-115500
2026-04-01T13:02:37Z,10.2245561377019,0.102245561377019,89980,run-20260401-125500
2026-04-01T14:03:57Z,10.5356101464167,0.105356101464167,105587,run-20260401-135500
2026-04-01T15:05:10Z,10.0796915484298,0.100796915484298,118955,run-20260401-145500
2026-04-01T16:06:02Z,9.81824563310546,0.0981824563310546,127822,run-20260401-155500
2026-04-01T17:05:58Z,9.94410321454074,0.0994410321454074,128635,run-20260401-165500
2026-04-01T18:06:00Z,10.1632750524829,0.101632750524829,128377,run-20260401-175500
2026-04-01T19:05:43Z,9.60940148637119,0.0960940148637119,125143,run-20260401-185500
2026-04-01T20:05:29Z,10.1711631212039,0.101711631212039,122437,run-20260401-195500
2026-04-01T21:05:37Z,9.97837603157682,0.0997837603157682,124155,run-20260401-205500
2026-04-01T22:05:08Z,9.71510322202317,0.0971510322202317,118589,run-20260401-215500
2026-04-01T23:05:29Z,10.4667249813487,0.104667249813487,122952,run-20260401-225500
2026-04-02T00:04:44Z,10.0276464893373,0.100276464893373,114149,run-20260401-235500
2026-04-02T01:04:13Z,10.129027248955,0.10129027248955,108116,run-20260402-005500
2026-04-02T02:05:22Z,6.62519861164024,0.0662519861164024,121407,run-20260402-015500
2026-04-02T03:03:09Z,8.72055825810678,0.0872055825810678,95554,run-20260402-025500
2026-04-02T04:01:42Z,9.16937527733445,0.0916937527733445,78351,run-20260402-035500
2026-04-02T05:00:21Z,9.54239138139689,0.0954239138139689,62288,run-20260402-045500
2026-04-02T05:59:20Z,9.72858488803856,0.0972858488803856,50185,run-20260402-055500
2026-04-02T06:59:08Z,9.5346892986957,0.095346892986957,48356,run-20260402-065500
2026-04-02T07:58:52Z,9.99012510772281,0.0999012510772281,45322,run-20260402-075500
2026-04-02T08:58:50Z,10.195186080959,0.10195186080959,44885,run-20260402-085500
2026-04-02T09:58:52Z,10.2239940226583,0.102239940226583,45032,run-20260402-095500
2026-04-02T10:59:25Z,10.0135314868475,0.100135314868475,51698,run-20260402-105500
2026-04-02T12:00:32Z,10.2563975002855,0.102563975002855,64892,run-20260402-115500
2026-04-02T13:02:04Z,10.4224244270387,0.104224244270387,83362,run-20260402-125500
2026-04-02T14:03:12Z,10.9338421216691,0.109338421216691,96351,run-20260402-135500
2026-04-02T15:04:16Z,10.2589225961707,0.102589225961707,108724,run-20260402-145500
2026-04-02T16:04:56Z,10.0828419372885,0.100828419372885,116253,run-20260402-155500
2026-04-02T17:05:38Z,9.62637761506514,0.0962637761506514,124243,run-20260402-165500
2026-04-02T18:06:47Z,8.43856863668577,0.0843856863668577,137890,run-20260402-175500
2026-04-02T19:06:09Z,8.7187035588771,0.087187035588771,130019,run-20260402-185500
2026-04-02T20:05:24Z,9.50432804664721,0.0950432804664721,121599,run-20260402-195500
2026-04-02T21:05:11Z,9.65641367829727,0.0965641367829727,118829,run-20260402-205500
2026-04-02T22:04:30Z,9.53859170575439,0.0953859170575439,110993,run-20260402-215500
2026-04-02T23:04:04Z,9.25900238009908,0.0925900238009908,105983,run-20260402-225500
2026-04-03T00:03:41Z,9.50572680831252,0.0950572680831252,101754,run-20260402-235500
2026-04-03T01:03:33Z,9.7336949343782,0.097336949343782,99992,run-20260403-005500
2026-04-03T02:02:54Z,9.21678398276964,0.0921678398276964,92644,run-20260403-015500
2026-04-03T03:02:14Z,9.59216243299953,0.0959216243299953,84577,run-20260403-025500
2026-04-03T04:01:17Z,8.95874866586518,0.0895874866586518,73048,run-20260403-035500
2026-04-03T05:00:14Z,9.99954274783424,0.0999954274783424,60933,run-20260403-045500
2026-04-03T05:59:17Z,10.6627994632046,0.106627994632046,49637,run-20260403-055500
2026-04-03T06:59:06Z,9.21804981257341,0.0921804981257341,48065,run-20260403-065500
2026-04-03T07:58:45Z,11.2945935676251,0.112945935676251,43697,run-20260403-075500
2026-04-03T08:58:46Z,11.4433799843682,0.114433799843682,44285,run-20260403-085500
2026-04-03T09:58:51Z,11.3119447536573,0.113119447536573,44992,run-20260403-095500
2026-04-03T10:59:16Z,10.9679050728087,0.109679050728087,50063,run-20260403-105500
2026-04-03T12:00:17Z,11.7458904373013,0.117458904373013,62182,run-20260403-115500
2026-04-03T13:01:45Z,11.3686148606223,0.113686148606223,79179,run-20260403-125500
2026-04-03T14:03:10Z,11.1285048222867,0.111285048222867,96071,run-20260403-135500
2026-04-03T15:04:08Z,10.6457004002525,0.106457004002525,107187,run-20260403-145500
2026-04-03T16:04:45Z,10.4790261863366,0.104790261863366,113974,run-20260403-155500
2026-04-03T17:04:59Z,11.0276149455587,0.110276149455587,116857,run-20260403-165500
2026-04-03T18:05:06Z,10.9510173586936,0.109510173586936,118111,run-20260403-175500
2026-04-03T19:05:04Z,11.0224269116898,0.110224269116898,117870,run-20260403-185500
2026-04-03T20:04:56Z,10.7958795493732,0.107958795493732,115905,run-20260403-195500
2026-04-03T21:04:50Z,10.6345571879825,0.106345571879825,114875,run-20260403-205500
2026-04-03T22:04:25Z,9.93508507311557,0.0993508507311557,110060,run-20260403-215500
2026-04-03T23:04:02Z,10.2175208723637,0.102175208723637,105593,run-20260403-225500
2026-04-04T00:03:45Z,10.3797809546808,0.103797809546808,102548,run-20260403-235500
2026-04-04T01:03:33Z,9.81042945499229,0.0981042945499229,100388,run-20260404-005500
2026-04-04T02:03:13Z,9.51012871231525,0.0951012871231525,96722,run-20260404-015500
2026-04-04T03:02:23Z,9.61776067313128,0.0961776067313128,86501,run-20260404-025500
2026-04-04T04:01:19Z,10.389745968185,0.10389745968185,73669,run-20260404-035500
2026-04-04T05:00:15Z,10.7700106099782,0.107700106099782,61331,run-20260404-045500
2026-04-04T05:59:14Z,10.6258048675595,0.106258048675595,49202,run-20260404-055500
2026-04-04T06:59:03Z,10.319443243842,0.10319443243842,47353,run-20260404-065500
2026-04-04T07:58:46Z,10.795336388569,0.10795336388569,43887,run-20260404-075500
2026-04-04T08:58:40Z,11.5728530664787,0.115728530664787,42774,run-20260404-085500
2026-04-04T09:58:35Z,10.9048192146515,0.109048192146515,41685,run-20260404-095500
2026-04-04T10:58:57Z,11.0424551743791,0.110424551743791,46196,run-20260404-105500
2026-04-04T11:59:44Z,11.5118423558579,0.115118423558579,55685,run-20260404-115500
2026-04-04T13:00:56Z,11.2360870418406,0.112360870418406,69615,run-20260404-125500
2026-04-04T14:02:06Z,11.2487477032728,0.112487477032728,83684,run-20260404-135500
2026-04-04T15:03:00Z,11.2152817863712,0.112152817863712,93904,run-20260404-145500
2026-04-04T16:03:46Z,10.898967354475,0.10898967354475,102754,run-20260404-155500
2026-04-04T17:04:10Z,11.2869589529413,0.112869589529413,107079,run-20260404-165500
2026-04-04T18:04:08Z,10.7088585858167,0.107088585858167,106835,run-20260404-175500
2026-04-04T19:04:09Z,10.5946326782644,0.105946326782644,106861,run-20260404-185500
2026-04-04T20:04:11Z,10.2289370341655,0.102289370341655,107583,run-20260404-195500
2026-04-04T21:03:59Z,10.8122115225966,0.108122115225966,105110,run-20260404-205500
2026-04-04T22:04:04Z,11.3473866124479,0.113473866124479,106304,run-20260404-215500
2026-04-04T23:03:32Z,11.6063109060019,0.116063109060019,99573,run-20260404-225500
2026-04-05T00:03:16Z,11.6433157748075,0.116433157748075,96739,run-20260404-235500
2026-04-05T01:03:01Z,11.243317396773,0.11243317396773,93730,run-20260405-005500
2026-04-05T02:02:35Z,11.2472253910314,0.112472253910314,89386,run-20260405-015500
2026-04-05T03:02:17Z,11.3110241267339,0.113110241267339,85742,run-20260405-025500
2026-04-05T04:01:29Z,11.6689509365388,0.116689509365388,75840,run-20260405-035500
2026-04-05T05:00:26Z,11.7794601327795,0.117794601327795,63607,run-20260405-045500
2026-04-05T05:59:17Z,11.695128408374,0.11695128408374,49930,run-20260405-055500
2026-04-05T06:58:55Z,12.4793525765763,0.124793525765763,45730,run-20260405-065500
2026-04-05T07:58:43Z,12.7381907232173,0.127381907232173,43171,run-20260405-075500
2026-04-05T08:58:33Z,12.6560222371611,0.126560222371611,41590,run-20260405-085500
2026-04-05T09:58:32Z,13.2706265366705,0.132706265366705,41394,run-20260405-095500
2026-04-05T10:58:52Z,13.2048911069094,0.132048911069094,45480,run-20260405-105500
2026-04-05T11:59:35Z,13.2859660551862,0.132859660551862,53874,run-20260405-115500
2026-04-05T13:01:06Z,12.556029922513,0.12556029922513,72022,run-20260405-125500
2026-04-05T14:02:44Z,10.6653835334145,0.106653835334145,91033,run-20260405-135500
2026-04-05T15:03:51Z,10.9426852401255,0.109426852401255,104216,run-20260405-145500
2026-04-05T16:04:19Z,11.3055846579395,0.113055846579395,109362,run-20260405-155500
2026-04-05T17:04:33Z,11.4125721849531,0.114125721849531,112110,run-20260405-165500
2026-04-05T18:04:31Z,10.7573077133039,0.107573077133039,111953,run-20260405-175500
2026-04-05T19:04:22Z,11.0426078417524,0.110426078417524,110014,run-20260405-185500
2026-04-05T20:04:11Z,10.9580693808236,0.109580693808236,107798,run-20260405-195500
2026-04-05T21:03:51Z,11.0507700972372,0.110507700972372,103626,run-20260405-205500
2026-04-05T22:03:58Z,11.04180394451,0.1104180394451,104910,run-20260405-215500
2026-04-05T23:03:18Z,11.1959214554694,0.111959214554694,97097,run-20260405-225500
2026-04-06T00:03:00Z,10.9567682587943,0.109567682587943,93836,run-20260405-235500
2026-04-06T01:02:26Z,10.5887416157536,0.105887416157536,87012,run-20260406-005500
2026-04-06T02:02:20Z,10.8905292110056,0.108905292110056,85875,run-20260406-015500
2026-04-06T03:01:43Z,11.1937061733117,0.111937061733117,78557,run-20260406-025500
2026-04-06T04:00:53Z,11.1623115661929,0.111623115661929,68633,run-20260406-035500
2026-04-06T04:59:45Z,11.052760058955,0.11052760058955,55102,run-20260406-045500
2026-04-06T05:58:56Z,11.2140571376414,0.112140571376414,45688,run-20260406-055500
2026-04-06T06:58:42Z,11.1232219005617,0.111232219005617,43073,run-20260406-065500
2026-04-06T07:58:30Z,11.6433844463492,0.116433844463492,40769,run-20260406-075500
2026-04-06T08:58:30Z,11.3211363934023,0.113211363934023,40984,run-20260406-085500
2026-04-06T09:58:35Z,11.6140095912759,0.116140095912759,41993,run-20260406-095500
2026-04-06T10:59:05Z,11.7705318555025,0.117705318555025,47966,run-20260406-105500
2026-04-06T11:59:58Z,11.6844967172739,0.116844967172739,58745,run-20260406-115500
2026-04-06T13:01:09Z,11.6818798496909,0.116818798496909,72481,run-20260406-125500
2026-04-06T14:02:00Z,11.3884645020516,0.113884645020516,82089,run-20260406-135500
2026-04-06T15:01:38Z,9.87069733143844,0.0987069733143844,77269,run-20260406-145500
2026-04-06T16:03:33Z,10.2810848701196,0.102810848701196,99437,run-20260406-155500
2026-04-06T17:03:59Z,9.79294338044299,0.0979294338044299,104775,run-20260406-165500
2026-04-06T18:04:23Z,9.09780483202902,0.0909780483202902,109536,run-20260406-175500
2026-04-06T19:04:36Z,8.34552762659404,0.0834552762659404,110989,run-20260406-185500
2026-04-06T20:04:10Z,9.8831766978954,0.098831766978954,106555,run-20260406-195500
2026-04-06T21:04:34Z,9.84963180564082,0.0984963180564082,112084,run-20260406-205500
2026-04-06T22:04:19Z,9.75788570033704,0.0975788570033704,109177,run-20260406-215500
2026-04-06T23:03:48Z,9.99383037210413,0.0999383037210413,103091,run-20260406-225500
2026-04-07T00:03:37Z,9.76636065265485,0.0976636065265485,101152,run-20260406-235500
2026-04-07T01:03:27Z,9.87995018912558,0.0987995018912558,99013,run-20260407-005500
2026-04-07T02:03:30Z,9.17409051233303,0.0917409051233303,99564,run-20260407-015500
2026-04-07T03:02:52Z,9.81328262794915,0.0981328262794915,92240,run-20260407-025500
2026-04-07T04:01:55Z,10.9914208928267,0.109914208928267,80947,run-20260407-035500
2026-04-07T05:00:20Z,11.0291471040072,0.110291471040072,62162,run-20260407-045500
2026-04-07T05:59:19Z,10.6765230667893,0.106765230667893,49931,run-20260407-055500
2026-04-07T06:59:05Z,10.4072333399696,0.104072333399696,47592,run-20260407-065500
2026-04-07T07:58:44Z,11.6501900206277,0.116501900206277,43629,run-20260407-075500
2026-04-07T08:58:33Z,10.9252414833518,0.109252414833518,41617,run-20260407-085500
2026-04-07T09:58:42Z,10.7266771726172,0.107266771726172,43439,run-20260407-095500
2026-04-07T10:59:18Z,10.9128181257849,0.109128181257849,50515,run-20260407-105500
2026-04-07T12:00:34Z,10.4550710543969,0.104550710543969,65603,run-20260407-115500
2026-04-07T13:02:38Z,7.45806814542186,0.0745806814542186,89986,run-20260407-125500
2026-04-07T14:04:47Z,4.58544761814571,0.0458544761814571,115376,run-20260407-135500
2026-04-07T15:06:12Z,3.83852439293138,0.0383852439293138,131713,run-20260407-145500
2026-04-07T16:06:51Z,3.67610266205752,0.0367610266205752,139054,run-20260407-155500
2026-04-07T17:07:12Z,4.51627871286757,0.0451627871286757,143255,run-20260407-165500
2026-04-07T18:06:51Z,5.4917734957029,0.054917734957029,138621,run-20260407-175500
2026-04-07T19:06:45Z,5.6135714721624,0.056135714721624,138084,run-20260407-185500
2026-04-07T20:06:45Z,5.62758386815634,0.0562758386815634,137214,run-20260407-195500
2026-04-07T21:06:40Z,5.4387567746606,0.054387567746606,136199,run-20260407-205500
2026-04-07T22:06:24Z,5.5205073130426,0.055205073130426,133605,run-20260407-215500
2026-04-07T23:06:19Z,4.85192822728255,0.0485192822728255,132210,run-20260407-225500
2026-04-08T00:06:20Z,5.34703857352894,0.0534703857352894,132556,run-20260407-235500
2026-04-08T01:04:45Z,7.20034935951128,0.0720034935951128,114430,run-20260408-005500
2026-04-08T02:04:16Z,8.65280298114695,0.0865280298114695,108676,run-20260408-015500
2026-04-08T03:03:18Z,9.47326462815536,0.0947326462815536,97019,run-20260408-025500
2026-04-08T04:01:51Z,9.84103392711608,0.0984103392711608,79807,run-20260408-035500
2026-04-08T05:00:34Z,9.43995061741745,0.0943995061741745,64747,run-20260408-045500
2026-04-08T05:59:29Z,9.93146669034741,0.0993146669034741,51840,run-20260408-055500
2026-04-08T06:59:18Z,9.96193593765086,0.0996193593765086,50148,run-20260408-065500
2026-04-08T07:59:01Z,10.3014294694118,0.103014294694118,46828,run-20260408-075500
2026-04-08T08:58:46Z,10.5107371912531,0.105107371912531,44112,run-20260408-085500
2026-04-08T09:58:54Z,10.3531129970653,0.103531129970653,45587,run-20260408-095500
2026-04-08T10:59:33Z,10.0151500811861,0.100151500811861,53602,run-20260408-105500
2026-04-08T12:00:42Z,10.0493365765064,0.100493365765064,67390,run-20260408-115500
2026-04-08T13:02:26Z,8.76906499880235,0.0876906499880235,87795,run-20260408-125500
2026-04-08T14:03:36Z,9.29930948452087,0.0929930948452087,101339,run-20260408-135500
2026-04-08T15:04:29Z,9.52725740011386,0.0952725740011386,111122,run-20260408-145500
2026-04-08T16:05:11Z,9.52138328377365,0.0952138328377365,118985,run-20260408-155500
2026-04-08T17:05:22Z,9.21221502762875,0.0921221502762875,120811,run-20260408-165500
2026-04-08T18:05:32Z,9.45983289136584,0.0945983289136584,123130,run-20260408-175500
2026-04-08T19:05:28Z,9.44205320830899,0.0944205320830899,122055,run-20260408-185500
2026-04-08T20:05:23Z,9.25790837238036,0.0925790837238036,120500,run-20260408-195500
2026-04-08T21:05:24Z,8.83486725609359,0.0883486725609359,121017,run-20260408-205500
2026-04-08T22:05:00Z,9.42118391146311,0.094211839114631,116365,run-20260408-215500
2026-04-08T23:04:16Z,9.24954148536925,0.0924954148536925,107787,run-20260408-225500
2026-04-09T00:03:48Z,9.41238639554567,0.0941238639554567,102489,run-20260408-235500
2026-04-09T01:03:51Z,9.65134398396924,0.0965134398396924,102807,run-20260409-005500
2026-04-09T02:03:41Z,9.66193125106206,0.0966193125106206,100921,run-20260409-015500
2026-04-09T03:02:38Z,9.6845998313164,0.096845998313164,89304,run-20260409-025500
2026-04-09T04:01:26Z,10.0242582673495,0.100242582673495,74714,run-20260409-035500
2026-04-09T05:00:21Z,9.5611888334074,0.095611888334074,61498,run-20260409-045500
2026-04-09T05:59:30Z,9.81551589973254,0.0981551589973254,51463,run-20260409-055500
2026-04-09T06:59:15Z,9.64027484317878,0.0964027484317878,49257,run-20260409-065500
2026-04-09T07:58:59Z,10.399810916529,0.10399810916529,46301,run-20260409-075500
2026-04-09T08:58:48Z,10.2445333060714,0.102445333060714,44477,run-20260409-085500
2026-04-09T09:58:57Z,10.2866746223009,0.102866746223009,46393,run-20260409-095500
2026-04-09T10:59:38Z,10.261041059239,0.10261041059239,54370,run-20260409-105500
2026-04-09T12:00:48Z,10.2891842618126,0.102891842618126,68082,run-20260409-115500
2026-04-09T13:02:16Z,10.7079750266531,0.107079750266531,85357,run-20260409-125500
2026-04-09T14:03:32Z,10.3628916532882,0.103628916532882,99991,run-20260409-135500
2026-04-09T15:04:32Z,9.6084615728432,0.096084615728432,111523,run-20260409-145500
2026-04-09T16:05:09Z,9.64911735227494,0.0964911735227494,118411,run-20260409-155500
2026-04-09T17:05:12Z,9.98372965308632,0.0998372965308632,119106,run-20260409-165500
2026-04-09T18:05:10Z,10.1925079940952,0.101925079940952,118092,run-20260409-175500
2026-04-09T19:05:10Z,9.77353567037268,0.0977353567037268,117229,run-20260409-185500
2026-04-09T20:05:47Z,8.80161818541251,0.0880161818541251,125414,run-20260409-195500
2026-04-09T21:05:16Z,9.68382732468641,0.0968382732468641,119436,run-20260409-205500
2026-04-09T22:05:12Z,9.50011810343318,0.0950011810343318,117812,run-20260409-215500
2026-04-09T23:04:25Z,9.51528506689103,0.0951528506689103,109716,run-20260409-225500
2026-04-10T00:03:59Z,9.97519059876449,0.0997519059876449,104888,run-20260409-235500
2026-04-10T01:03:38Z,9.21162043644671,0.0921162043644671,101014,run-20260410-005500
2026-04-10T02:03:29Z,9.33347724851215,0.0933347724851215,99555,run-20260410-015500
2026-04-10T03:02:45Z,9.45027809555926,0.0945027809555926,90426,run-20260410-025500
2026-04-10T04:01:47Z,9.76939589779652,0.0976939589779652,79102,run-20260410-035500
2026-04-10T05:00:28Z,10.0679682101995,0.100679682101995,63471,run-20260410-045500
2026-04-10T05:59:39Z,10.5542196734978,0.105542196734978,54000,run-20260410-055500
2026-04-10T06:59:20Z,10.6391083608452,0.106391083608452,50349,run-20260410-065500
2026-04-10T07:59:03Z,11.0756194864972,0.110756194864972,47001,run-20260410-075500
2026-04-10T08:58:49Z,10.9684221931116,0.109684221931116,44616,run-20260410-085500
2026-04-10T09:58:51Z,11.0950722565324,0.110950722565324,44953,run-20260410-095500
2026-04-10T10:59:32Z,11.4881529840863,0.114881529840863,53158,run-20260410-105500
2026-04-10T12:00:39Z,11.1839234438607,0.111839234438607,65879,run-20260410-115500
2026-04-10T13:02:16Z,11.3662619492521,0.113662619492521,85025,run-20260410-125500
2026-04-10T14:03:40Z,11.2515777494599,0.112515777494599,101389,run-20260410-135500
2026-04-10T15:04:46Z,10.546295311753,0.10546295311753,114266,run-20260410-145500
2026-04-10T16:05:18Z,10.7091860418111,0.107091860418111,119968,run-20260410-155500
2026-04-10T17:05:22Z,10.8553467966595,0.108553467966595,120272,run-20260410-165500
2026-04-10T18:05:30Z,11.12340628786,0.1112340628786,122139,run-20260410-175500
2026-04-10T19:05:26Z,10.9595570521802,0.109595570521802,121573,run-20260410-185500
2026-04-10T20:05:12Z,10.9926351365842,0.109926351365842,118725,run-20260410-195500
2026-04-10T21:05:02Z,11.1680383814168,0.111680383814168,116907,run-20260410-205500
2026-04-10T22:04:51Z,10.693456259644,0.10693456259644,114996,run-20260410-215500
2026-04-10T23:04:16Z,10.6329337448919,0.106329337448919,108122,run-20260410-225500
2026-04-11T00:04:12Z,10.623284270325,0.10623284270325,107331,run-20260410-235500
2026-04-11T01:05:24Z,13.1933393480818,0.131933393480818,122189,run-20260411-005500
2026-04-11T02:03:49Z,11.521635342092,0.11521635342092,103132,run-20260411-015500
2026-04-11T03:02:48Z,10.9601247673454,0.109601247673454,91066,run-20260411-025500
2026-04-11T04:01:40Z,10.5960685502648,0.105960685502648,77742,run-20260411-035500
2026-04-11T05:00:41Z,10.2569554466536,0.102569554466536,66297,run-20260411-045500
2026-04-11T05:59:34Z,10.8017044908305,0.108017044908305,52845,run-20260411-055500
2026-04-11T06:59:08Z,11.2238420691321,0.112238420691321,47730,run-20260411-065500
2026-04-11T07:58:49Z,11.8141267860634,0.118141267860634,44233,run-20260411-075500
2026-04-11T08:58:41Z,11.7354291527904,0.117354291527904,42678,run-20260411-085500
2026-04-11T09:58:37Z,12.248447592384,0.12248447592384,42198,run-20260411-095500
2026-04-11T10:59:02Z,11.9999304009271,0.119999304009271,46984,run-20260411-105500
2026-04-11T12:00:04Z,11.958848289405,0.11958848289405,59268,run-20260411-115500
2026-04-11T13:01:12Z,11.9121815987057,0.119121815987057,72870,run-20260411-125500
2026-04-11T14:02:39Z,11.2190898412848,0.112190898412848,89721,run-20260411-135500
2026-04-11T15:03:16Z,11.4602113342934,0.114602113342934,96536,run-20260411-145500
2026-04-11T16:03:49Z,11.7311203650496,0.117311203650496,103070,run-20260411-155500
2026-04-11T17:04:06Z,11.891989646155,0.11891989646155,106245,run-20260411-165500
2026-04-11T18:04:13Z,12.0890141351727,0.120890141351727,107044,run-20260411-175500
2026-04-11T19:03:56Z,11.6246226284805,0.116246226284805,103950,run-20260411-185500
2026-04-11T20:03:47Z,11.0321470536389,0.110321470536389,102054,run-20260411-195500
2026-04-11T21:03:33Z,11.4828581368922,0.114828581368922,99038,run-20260411-205500
2026-04-11T22:03:34Z,11.0245842389359,0.110245842389359,99688,run-20260411-215500
2026-04-11T23:03:31Z,10.9049964541365,0.109049964541365,99275,run-20260411-225500
2026-04-12T00:03:12Z,11.1414794389581,0.111414794389581,95866,run-20260411-235500
2026-04-12T01:02:54Z,11.2351849093344,0.112351849093344,91699,run-20260412-005500
2026-04-12T02:02:43Z,10.5313220322708,0.105313220322708,90089,run-20260412-015500
2026-04-12T03:02:32Z,9.25908651980348,0.0925908651980348,87561,run-20260412-025500
2026-04-12T04:01:34Z,9.81812463093721,0.0981812463093721,76356,run-20260412-035500
2026-04-12T05:00:29Z,10.0992607542522,0.100992607542522,63874,run-20260412-045500
2026-04-12T05:59:38Z,9.9811478364554,0.099811478364554,53686,run-20260412-055500
2026-04-12T06:58:58Z,10.5506565158066,0.105506565158066,46164,run-20260412-065500
2026-04-12T07:58:46Z,11.0060761421004,0.110060761421004,43651,run-20260412-075500
2026-04-12T08:58:40Z,11.3468107748833,0.113468107748833,42537,run-20260412-085500
2026-04-12T09:58:41Z,11.3402628784312,0.113402628784312,42759,run-20260412-095500
2026-04-12T10:58:59Z,11.7115298676144,0.117115298676144,46645,run-20260412-105500
2026-04-12T11:59:53Z,11.6875744485254,0.116875744485254,57498,run-20260412-115500
2026-04-12T13:01:08Z,11.4910700664644,0.114910700664644,71978,run-20260412-125500
2026-04-12T14:02:48Z,10.0389023835313,0.100389023835313,91532,run-20260412-135500
2026-04-12T15:04:03Z,9.03701209311959,0.0903701209311959,106425,run-20260412-145500
2026-04-12T16:04:24Z,10.3774308160534,0.103774308160534,110119,run-20260412-155500
2026-04-12T17:04:32Z,10.5699291248297,0.105699291248297,111807,run-20260412-165500
2026-04-12T18:04:34Z,10.9758164649833,0.109758164649833,111965,run-20260412-175500
2026-04-12T19:04:32Z,11.4396887290296,0.114396887290296,111472,run-20260412-185500
2026-04-12T20:05:47Z,12.2217945681734,0.122217945681734,126425,run-20260412-195500
2026-04-12T21:05:49Z,12.9867339868921,0.129867339868921,127052,run-20260412-205500
2026-04-12T22:04:41Z,12.733339839087,0.12733339839087,113463,run-20260412-215500
2026-04-12T23:03:56Z,12.6589161917494,0.126589161917494,104736,run-20260412-225500
2026-04-13T00:03:41Z,12.549659406498,0.12549659406498,101577,run-20260412-235500
2026-04-13T01:03:29Z,12.286503559824,0.12286503559824,99898,run-20260413-005500
2026-04-13T02:03:47Z,9.83520548282298,0.0983520548282298,103153,run-20260413-015500
2026-04-13T03:03:25Z,9.2337476802278,0.092337476802278,98949,run-20260413-025500
2026-04-13T04:02:04Z,9.61151490041285,0.0961151490041285,82772,run-20260413-035500
2026-04-13T05:00:49Z,9.6167701265488,0.096167701265488,67339,run-20260413-045500
2026-04-13T05:59:44Z,9.84195078859612,0.0984195078859612,54896,run-20260413-055500
2026-04-13T06:59:30Z,10.5963593040464,0.105963593040464,52291,run-20260413-065500
2026-04-13T07:59:01Z,10.7132612058233,0.107132612058233,46636,run-20260413-075500
2026-04-13T08:58:51Z,11.4485118435551,0.114485118435551,45076,run-20260413-085500
2026-04-13T09:58:49Z,11.4518941890699,0.114518941890699,44703,run-20260413-095500
2026-04-13T10:59:27Z,11.3604630325149,0.113604630325149,52276,run-20260413-105500
2026-04-13T12:00:48Z,11.3333720029598,0.113333720029598,68193,run-20260413-115500
2026-04-13T13:02:10Z,11.127005526435,0.11127005526435,84253,run-20260413-125500
2026-04-13T14:03:18Z,11.2312334932171,0.112312334932171,97660,run-20260413-135500
2026-04-13T15:04:19Z,10.8964298920328,0.108964298920328,109218,run-20260413-145500
2026-04-13T16:04:49Z,10.911320639548,0.10911320639548,114894,run-20260413-155500
2026-04-13T17:05:25Z,10.7420166532446,0.107420166532446,121519,run-20260413-165500
2026-04-13T18:05:48Z,10.0409634032455,0.100409634032455,126309,run-20260413-175500
2026-04-13T19:05:22Z,10.1845215087584,0.101845215087584,121287,run-20260413-185500
2026-04-13T20:05:14Z,10.344583930658,0.10344583930658,119544,run-20260413-195500
2026-04-13T21:05:17Z,10.2893648938039,0.102893648938039,120195,run-20260413-205500
2026-04-13T22:05:08Z,10.5256041757018,0.105256041757018,117595,run-20260413-215500
2026-04-13T23:04:34Z,9.96280220175192,0.0996280220175192,111333,run-20260413-225500
2026-04-14T00:04:24Z,10.2379694627314,0.102379694627314,109751,run-20260413-235500
2026-04-14T01:04:07Z,10.5163795849036,0.105163795849036,106996,run-20260414-005500
2026-04-14T02:03:46Z,10.0011715063204,0.100011715063204,102556,run-20260414-015500
2026-04-14T03:03:07Z,9.39550769118365,0.0939550769118365,95031,run-20260414-025500
2026-04-14T04:01:48Z,10.4791440464668,0.104791440464668,79389,run-20260414-035500
2026-04-14T05:00:26Z,10.8646923753495,0.108646923753495,62767,run-20260414-045500
2026-04-14T05:59:39Z,10.4961923179931,0.104961923179931,53724,run-20260414-055500
2026-04-14T06:59:31Z,10.3499690322011,0.103499690322011,52436,run-20260414-065500
2026-04-14T07:59:13Z,10.8154868311428,0.108154868311428,49113,run-20260414-075500
2026-04-14T08:58:46Z,10.9739085348152,0.109739085348152,44078,run-20260414-085500
2026-04-14T09:58:49Z,11.6227515194119,0.116227515194119,44556,run-20260414-095500
2026-04-14T10:59:31Z,12.0650027694564,0.120650027694564,53128,run-20260414-105500
2026-04-14T12:00:49Z,11.6797329598541,0.116797329598541,68169,run-20260414-115500
2026-04-14T13:02:10Z,11.5575347971271,0.115575347971271,84070,run-20260414-125500
2026-04-14T14:03:35Z,11.3127952881375,0.113127952881375,100222,run-20260414-135500
2026-04-14T15:04:37Z,10.7793521171124,0.107793521171124,112766,run-20260414-145500
2026-04-14T16:05:04Z,11.0383960009032,0.110383960009033,117976,run-20260414-155500
2026-04-14T17:05:22Z,11.1816167380972,0.111816167380972,120798,run-20260414-165500
2026-04-14T18:05:28Z,11.0930718469805,0.110930718469805,121729,run-20260414-175500
2026-04-14T19:05:19Z,11.0660690784619,0.110660690784619,120219,run-20260414-185500
2026-04-14T20:05:15Z,10.6266785750828,0.106266785750828,119565,run-20260414-195500
2026-04-14T21:05:08Z,10.3297627504623,0.103297627504623,118292,run-20260414-205500
2026-04-14T22:04:51Z,10.8322120098664,0.108322120098664,115139,run-20260414-215500
2026-04-14T23:04:13Z,9.31892406563199,0.0931892406563199,107290,run-20260414-225500
2026-04-15T00:03:55Z,9.7444799171866,0.097444799171866,104255,run-20260414-235500
2026-04-15T01:03:50Z,10.2160436916997,0.102160436916997,103505,run-20260415-005500
2026-04-15T02:03:48Z,10.1245773259741,0.101245773259741,103014,run-20260415-015500
2026-04-15T03:03:18Z,9.68815411689845,0.0968815411689845,97388,run-20260415-025500
2026-04-15T04:01:54Z,9.57547474123215,0.0957547474123215,80720,run-20260415-035500
2026-04-15T05:00:47Z,9.75513833004906,0.0975513833004906,67437,run-20260415-045500
2026-04-15T05:59:37Z,10.2568940731179,0.102568940731179,53564,run-20260415-055500
2026-04-15T06:59:25Z,9.31387810208724,0.0931387810208724,51355,run-20260415-065500
2026-04-15T07:59:09Z,10.1879856364654,0.101879856364654,48292,run-20260415-075500
2026-04-15T08:58:55Z,10.2367638366904,0.102367638366904,46067,run-20260415-085500
2026-04-15T09:58:52Z,10.4870823465093,0.104870823465093,45174,run-20260415-095500
2026-04-15T10:59:32Z,10.858653385112,0.10858653385112,53345,run-20260415-105500
2026-04-15T12:00:56Z,10.4316830755174,0.104316830755174,69756,run-20260415-115500
2026-04-15T13:02:25Z,10.1075774172525,0.101075774172525,87337,run-20260415-125500
2026-04-15T14:03:34Z,10.370615076291,0.10370615076291,100674,run-20260415-135500
2026-04-15T15:04:28Z,10.1082060024624,0.101082060024624,111025,run-20260415-145500
2026-04-15T16:05:08Z,10.216400343201,0.10216400343201,118707,run-20260415-155500
2026-04-15T17:05:26Z,10.0376339525622,0.100376339525622,121774,run-20260415-165500
2026-04-15T18:05:11Z,10.3006946644619,0.103006946644619,118883,run-20260415-175500
2026-04-15T19:05:25Z,10.1812709315548,0.101812709315548,121817,run-20260415-185500
2026-04-15T20:05:27Z,10.0686179735101,0.100686179735101,122013,run-20260415-195500
2026-04-15T21:05:10Z,10.6435249224297,0.106435249224297,118287,run-20260415-205500
2026-04-15T22:04:45Z,10.2351709010008,0.102351709010008,113746,run-20260415-215500
2026-04-15T23:03:56Z,10.3847329977044,0.103847329977044,104523,run-20260415-225500
2026-04-16T00:03:43Z,9.75215785001561,0.0975215785001561,102135,run-20260415-235500
2026-04-16T01:03:44Z,10.0195684033595,0.100195684033595,102583,run-20260416-005500
2026-04-16T02:03:40Z,9.90839349087176,0.0990839349087176,101612,run-20260416-015500
2026-04-16T03:03:05Z,10.3143334452978,0.103143334452978,94850,run-20260416-025500
2026-04-16T04:01:40Z,10.1562318728524,0.101562318728524,77911,run-20260416-035500
2026-04-16T05:00:38Z,10.1867905095565,0.101867905095565,65753,run-20260416-045500
2026-04-16T05:59:44Z,10.4773472719306,0.104773472719306,55386,run-20260416-055500
2026-04-16T07:07:01Z,12.9953164561365,0.129953164561365,496,run-20260416-065500
2026-04-16T08:07:00Z,7.31423923907247,0.0731423923907247,508,run-20260416-075500
2026-04-16T10:05:08Z,6.97147375377496,0.0697147375377496,16760,run-20260416-095500
2026-04-16T10:59:13Z,9.01341740216862,0.0901341740216862,33320,run-20260416-105500
2026-04-16T12:04:16Z,10.1978322699925,0.101978322699925,55967,run-20260416-115500
2026-04-16T13:07:09Z,9.60156387777944,0.0960156387777944,75750,run-20260416-125500
2026-04-16T14:04:06Z,8.79981698764445,0.0879981698764445,41854,run-20260416-135500
2026-04-16T15:02:16Z,7.91943392841645,0.0791943392841645,57693,run-20260416-145500
2026-04-16T16:02:36Z,8.46033792668148,0.0846033792668148,68599,run-20260416-155500
2026-04-16T17:02:42Z,8.25441217547284,0.0825441217547284,73113,run-20260416-165500
2026-04-16T18:07:06Z,8.14441354595238,0.0814441354595238,67356,run-20260416-175500
2026-04-16T19:04:40Z,7.32733471082681,0.0732733471082681,52547,run-20260416-185500
2026-04-16T19:59:50Z,6.53988911273881,0.0653988911273881,42346,run-20260416-195500
2026-04-16T21:05:48Z,7.15580383415547,0.0715580383415547,58154,run-20260416-205500
2026-04-16T22:06:31Z,6.80037378997648,0.0680037378997648,61431,run-20260416-215500
2026-04-16T23:00:02Z,7.14582593661497,0.0714582593661497,58376,run-20260416-225500
2026-04-17T00:03:51Z,8.77485449154637,0.0877485449154637,91455,run-20260416-235500
2026-04-17T01:03:12Z,9.20402616605187,0.0920402616605187,96397,run-20260417-005500
2026-04-17T02:03:06Z,9.86264213573379,0.0986264213573379,94538,run-20260417-015500
2026-04-17T03:02:20Z,9.54148764456371,0.0954148764456371,85686,run-20260417-025500
2026-04-17T04:01:31Z,9.76166544566646,0.0976166544566646,76104,run-20260417-035500
2026-04-17T05:00:32Z,9.77798362956228,0.0977798362956228,64472,run-20260417-045500
2026-04-17T05:59:44Z,9.71268670230285,0.0971268670230285,55313,run-20260417-055500
2026-04-17T06:59:33Z,10.0732172309977,0.100732172309977,53255,run-20260417-065500
2026-04-17T07:59:22Z,10.4787943794551,0.104787943794551,51292,run-20260417-075500
2026-04-17T08:59:06Z,10.3906467206427,0.103906467206427,48243,run-20260417-085500
2026-04-17T09:59:15Z,9.9588628141454,0.099588628141454,50153,run-20260417-095500
2026-04-17T10:59:49Z,10.2345224837646,0.102345224837646,56940,run-20260417-105500
2026-04-17T12:01:05Z,11.816287213407,0.11816287213407,71701,run-20260417-115500
2026-04-17T13:02:29Z,10.8512627247355,0.108512627247355,88398,run-20260417-125500
2026-04-17T14:03:43Z,10.8156330277782,0.108156330277782,102536,run-20260417-135500
2026-04-17T15:04:38Z,10.5874913550792,0.105874913550792,112603,run-20260417-145500
2026-04-17T16:04:58Z,10.8190396272864,0.108190396272864,117322,run-20260417-155500
2026-04-17T17:05:03Z,10.8025965770327,0.108025965770327,117454,run-20260417-165500
2026-04-17T18:04:58Z,11.1668509641701,0.111668509641701,116479,run-20260417-175500
2026-04-17T19:04:50Z,11.172527456156,0.11172527456156,114670,run-20260417-185500
2026-04-17T20:04:35Z,11.0281932545462,0.110281932545462,112227,run-20260417-195500
2026-04-17T21:04:18Z,10.7658745997408,0.107658745997408,108842,run-20260417-205500
2026-04-17T22:04:03Z,10.8159765602477,0.108159765602477,106415,run-20260417-215500
2026-04-17T23:03:27Z,10.3213623396494,0.103213623396494,99179,run-20260417-225500
2026-04-18T00:03:04Z,10.4970860150262,0.104970860150262,94705,run-20260417-235500
2026-04-18T01:02:41Z,10.6803761922502,0.106803761922502,90477,run-20260418-005500
2026-04-18T02:02:24Z,10.4424565451455,0.104424565451455,86759,run-20260418-015500
2026-04-18T03:01:52Z,10.8137684406055,0.108137684406055,80434,run-20260418-025500
2026-04-18T04:00:56Z,10.4760595046688,0.104760595046688,70693,run-20260418-035500
2026-04-18T05:00:13Z,10.5610624589782,0.105610624589782,61068,run-20260418-045500
2026-04-18T05:59:24Z,10.5443133765811,0.105443133765811,51284,run-20260418-055500
2026-04-18T06:59:00Z,10.9091325551564,0.109091325551564,46842,run-20260418-065500
2026-04-18T07:58:52Z,12.4574439023538,0.124574439023538,45443,run-20260418-075500
2026-04-18T08:58:41Z,11.8924143814709,0.118924143814709,43901,run-20260418-085500
2026-04-18T09:58:43Z,10.5645631208641,0.105645631208641,43952,run-20260418-095500
2026-04-18T10:58:54Z,10.7935653010792,0.107935653010792,46199,run-20260418-105500
2026-04-18T11:59:40Z,11.3063176696501,0.113063176696501,55360,run-20260418-115500
2026-04-18T13:00:59Z,11.7780853271402,0.117780853271402,70894,run-20260418-125500
2026-04-18T14:02:09Z,12.1753878619836,0.121753878619836,84555,run-20260418-135500
2026-04-18T15:03:08Z,11.824377810691,0.11824377810691,95990,run-20260418-145500
2026-04-18T16:03:32Z,12.0840763340345,0.120840763340345,100752,run-20260418-155500
2026-04-18T17:03:37Z,11.9510247381779,0.119510247381779,101495,run-20260418-165500
2026-04-18T18:03:48Z,11.4522863819935,0.114522863819935,103804,run-20260418-175500
2026-04-18T19:03:32Z,11.8998949671785,0.118998949671785,100231,run-20260418-185500
2026-04-18T20:03:16Z,12.0652971450789,0.120652971450789,97018,run-20260418-195500
2026-04-18T21:03:08Z,11.9385841558186,0.119385841558186,95642,run-20260418-205500
2026-04-18T22:03:06Z,12.4845217393373,0.124845217393373,95430,run-20260418-215500
2026-04-18T23:02:52Z,12.4600428751729,0.124600428751729,92740,run-20260418-225500
2026-04-19T00:02:41Z,11.9008748536767,0.119008748536767,90510,run-20260418-235500
2026-04-19T01:02:20Z,11.4544194429409,0.114544194429409,87269,run-20260419-005500
2026-04-19T02:02:07Z,11.6475037818987,0.116475037818987,84072,run-20260419-015500
2026-04-19T03:01:34Z,11.3479835576073,0.113479835576073,77722,run-20260419-025500
2026-04-19T04:00:48Z,11.8639673001196,0.118639673001196,68172,run-20260419-035500
2026-04-19T04:59:53Z,11.2020532123959,0.112020532123959,57290,run-20260419-045500
2026-04-19T05:59:09Z,11.4047765334058,0.114047765334058,48171,run-20260419-055500
2026-04-19T06:58:44Z,11.6716289701352,0.116716289701352,43879,run-20260419-065500
2026-04-19T07:58:36Z,11.448298403676,0.11448298403676,42476,run-20260419-075500
2026-04-19T08:58:37Z,11.4798572647436,0.114798572647436,42827,run-20260419-085500
2026-04-19T09:58:33Z,11.1312371880678,0.111312371880678,41895,run-20260419-095500
2026-04-19T10:58:46Z,11.446034989938,0.11446034989938,44704,run-20260419-105500
2026-04-19T11:59:19Z,12.4129962798255,0.124129962798255,51444,run-20260419-115500
2026-04-19T13:00:34Z,11.9757919672705,0.119757919672705,65996,run-20260419-125500
2026-04-19T14:01:54Z,11.4891479415168,0.114891479415168,82025,run-20260419-135500
2026-04-19T15:02:56Z,10.9470434405816,0.109470434405816,94026,run-20260419-145500
2026-04-19T16:03:48Z,11.2600520490366,0.112600520490366,104057,run-20260419-155500
2026-04-19T17:03:51Z,11.5890240921344,0.115890240921344,104838,run-20260419-165500
2026-04-19T18:04:02Z,10.9490609330748,0.109490609330748,107105,run-20260419-175500
2026-04-19T19:03:36Z,11.8169568286581,0.118169568286581,101719,run-20260419-185500
2026-04-19T20:03:41Z,11.5292996454584,0.115292996454584,102584,run-20260419-195500
2026-04-19T21:03:26Z,10.8431279519977,0.108431279519977,99622,run-20260419-205500
2026-04-19T22:03:16Z,11.0484454739632,0.110484454739632,97574,run-20260419-215500
2026-04-19T23:02:58Z,10.9581754656579,0.109581754656579,93802,run-20260419-225500
2026-04-20T00:02:33Z,11.4174230963283,0.114174230963283,88917,run-20260419-235500
2026-04-20T01:02:23Z,11.3470233191627,0.113470233191627,87379,run-20260420-005500
2026-04-20T02:02:04Z,11.8093810809409,0.118093810809409,83337,run-20260420-015500
2026-04-20T03:01:34Z,11.2966769782509,0.112966769782509,77138,run-20260420-025500
2026-04-20T04:00:28Z,11.7740535422098,0.117740535422098,64311,run-20260420-035500
2026-04-20T04:59:33Z,11.5638926936709,0.115638926936709,53225,run-20260420-045500
2026-04-20T05:58:53Z,11.444537214085,0.11444537214085,45610,run-20260420-055500
2026-04-20T06:58:55Z,10.618112678677,0.10618112678677,45894,run-20260420-065500
2026-04-20T07:58:45Z,10.5894867875172,0.105894867875172,44210,run-20260420-075500
2026-04-20T08:58:38Z,11.0253792237241,0.110253792237241,43181,run-20260420-085500
2026-04-20T09:58:37Z,10.8890928737164,0.108890928737164,42714,run-20260420-095500
2026-04-20T10:59:12Z,11.5854468610602,0.115854468610602,49669,run-20260420-105500
2026-04-20T12:00:15Z,11.7898024810514,0.117898024810514,62559,run-20260420-115500
2026-04-20T13:01:26Z,11.8555437313246,0.118555437313246,75766,run-20260420-125500
2026-04-20T14:02:32Z,11.9693000805709,0.119693000805709,89477,run-20260420-135500
2026-04-20T15:03:38Z,11.7280382389886,0.117280382389886,102578,run-20260420-145500
2026-04-20T16:04:09Z,11.5023283761468,0.115023283761468,108188,run-20260420-155500
2026-04-20T17:04:21Z,11.6639602633355,0.116639602633355,110200,run-20260420-165500
2026-04-20T18:04:20Z,11.9737520953068,0.119737520953068,110082,run-20260420-175500
2026-04-20T19:08:02Z,11.3162695832471,0.113162695832471,3052,run-20260420-185500
2026-04-20T21:04:05Z,11.8826235688257,0.118826235688257,14921,run-20260420-205500
2026-04-20T22:04:00Z,11.1841685399051,0.111841685399051,16150,run-20260420-215500
2026-04-20T23:03:24Z,11.1860780279548,0.111860780279548,15956,run-20260420-225500
2026-04-21T00:03:01Z,10.809516026936,0.10809516026936,13992,run-20260420-235500
2026-04-21T01:03:01Z,10.2685039645783,0.102685039645783,14670,run-20260421-005500
2026-04-21T02:02:37Z,11.669279271949,0.11669279271949,16103,run-20260421-015500
2026-04-21T03:02:08Z,10.628880218079,0.10628880218079,14551,run-20260421-025500
2026-04-21T04:01:10Z,10.6566222537114,0.106566222537114,14841,run-20260421-035500
2026-04-21T04:59:53Z,9.99195308193481,0.0999195308193481,12835,run-20260421-045500
2026-04-21T05:59:11Z,10.605460334716,0.10605460334716,13117,run-20260421-055500
2026-04-21T06:59:09Z,10.4142910249484,0.104142910249484,15415,run-20260421-065500
2026-04-21T07:58:50Z,10.7849571146838,0.107849571146838,13364,run-20260421-075500
2026-04-21T08:58:37Z,10.8006384048203,0.108006384048203,13533,run-20260421-085500
2026-04-21T09:58:42Z,10.2716618579465,0.102716618579465,13633,run-20260421-095500
2026-04-21T10:59:13Z,11.4938712589873,0.114938712589873,13592,run-20260421-105500
2026-04-21T12:00:22Z,11.9067160839335,0.119067160839335,13437,run-20260421-115500
2026-04-21T13:01:42Z,11.7247407612228,0.117247407612228,15577,run-20260421-125500
2026-04-21T14:02:58Z,11.089261321013,0.11089261321013,12890,run-20260421-135500
2026-04-21T15:03:45Z,10.5477924660185,0.105477924660185,14716,run-20260421-145500
2026-04-21T16:04:05Z,10.5844627459977,0.105844627459977,14278,run-20260421-155500
2026-04-21T17:04:26Z,10.1194684144107,0.101194684144107,14121,run-20260421-165500
2026-04-21T18:04:34Z,10.8690817914893,0.108690817914893,14146,run-20260421-175500
2026-04-21T19:04:09Z,11.1755583821586,0.111755583821586,14146,run-20260421-185500
2026-04-21T20:04:12Z,10.8229592122513,0.108229592122513,16150,run-20260421-195500
2026-04-21T21:03:51Z,10.8618170842384,0.108618170842384,14142,run-20260421-205500
2026-04-21T22:03:55Z,11.1244883169064,0.111244883169064,13945,run-20260421-215500
2026-04-21T23:02:59Z,9.65222619438416,0.0965222619438416,16163,run-20260421-225500
2026-04-22T00:02:44Z,9.3291851302593,0.093291851302593,13921,run-20260421-235500
2026-04-22T01:02:55Z,9.8813234960009,0.098813234960009,14368,run-20260422-005500
2026-04-22T02:03:21Z,10.8336357051188,0.108336357051188,98161,run-20260422-015500
2026-04-22T03:02:41Z,10.9612308721328,0.109612308721328,90893,run-20260422-025500
2026-04-22T04:01:06Z,11.0253870625797,0.110253870625797,71706,run-20260422-035500
2026-04-22T05:00:01Z,10.7434069245238,0.107434069245238,58845,run-20260422-045500
2026-04-22T05:59:21Z,11.0197800788248,0.110197800788248,51060,run-20260422-055500
2026-04-22T06:59:20Z,10.052562558636,0.10052562558636,51057,run-20260422-065500
2026-04-22T07:59:00Z,10.4752645475692,0.104752645475692,47170,run-20260422-075500
2026-04-22T08:58:48Z,10.7017740701197,0.107017740701197,45026,run-20260422-085500
2026-04-22T09:58:54Z,11.0337043477625,0.110337043477625,46084,run-20260422-095500
2026-04-22T10:59:26Z,11.0659988523264,0.110659988523264,52669,run-20260422-105500
2026-04-22T12:00:40Z,11.3273885120118,0.113273885120118,67200,run-20260422-115500
2026-04-22T13:02:04Z,11.6731845338379,0.116731845338379,84034,run-20260422-125500
2026-04-22T14:03:09Z,12.0666457389638,0.120666457389638,96886,run-20260422-135500
2026-04-22T15:04:08Z,11.3431038326679,0.113431038326679,108041,run-20260422-145500
2026-04-22T16:04:35Z,10.8299657779679,0.108299657779679,113198,run-20260422-155500
2026-04-22T17:04:53Z,10.8661199270031,0.108661199270031,116422,run-20260422-165500
2026-04-22T18:04:49Z,11.2431388982738,0.112431388982738,115657,run-20260422-175500
2026-04-22T19:04:35Z,10.6823085660361,0.106823085660361,112828,run-20260422-185500
2026-04-22T20:04:30Z,10.7683019678747,0.107683019678747,112117,run-20260422-195500
2026-04-22T21:04:27Z,10.9413900752956,0.109413900752956,111314,run-20260422-205500
2026-04-22T22:04:12Z,10.6256230628805,0.106256230628805,108298,run-20260422-215500
2026-04-22T23:03:30Z,9.82860219016163,0.0982860219016163,99974,run-20260422-225500
2026-04-23T00:03:18Z,10.6364428349046,0.106364428349046,97655,run-20260422-235500
2026-04-23T01:03:17Z,10.1479728190597,0.101479728190597,97962,run-20260423-005500
2026-04-23T02:03:06Z,9.55097465004611,0.0955097465004611,95365,run-20260423-015500
2026-04-23T03:02:13Z,10.4744482166362,0.104744482166362,84929,run-20260423-025500
2026-04-23T04:01:03Z,10.4004078038357,0.104004078038357,70707,run-20260423-035500
2026-04-23T05:00:04Z,10.7378197352636,0.107378197352636,58977,run-20260423-045500
2026-04-23T05:59:19Z,10.6520066068482,0.106520066068482,49718,run-20260423-055500
2026-04-23T06:59:00Z,10.8992519666926,0.108992519666926,46772,run-20260423-065500
2026-04-23T07:58:50Z,10.4470862864548,0.104470862864548,44991,run-20260423-075500
2026-04-23T08:58:45Z,10.8847821690629,0.108847821690629,44151,run-20260423-085500
2026-04-23T09:58:49Z,10.917578617293,0.10917578617293,44923,run-20260423-095500
2026-04-23T10:59:21Z,11.6241840698607,0.116241840698607,51649,run-20260423-105500
2026-04-23T12:00:27Z,11.3531576627611,0.113531576627611,64998,run-20260423-115500
2026-04-23T13:01:55Z,10.9839456155246,0.109839456155246,82127,run-20260423-125500
2026-04-23T14:03:02Z,10.8050005336345,0.108050005336345,95166,run-20260423-135500
2026-04-23T15:03:45Z,10.5949089121773,0.105949089121773,103512,run-20260423-145500
2026-04-23T16:04:13Z,10.7814246272099,0.107814246272099,108582,run-20260423-155500
2026-04-23T17:04:35Z,10.7918836536605,0.107918836536605,112960,run-20260423-165500
2026-04-23T18:04:31Z,11.0861038276105,0.110861038276105,111993,run-20260423-175500
2026-04-23T19:04:08Z,11.0543806615976,0.110543806615976,107319,run-20260423-185500
2026-04-23T20:04:11Z,10.3084980632286,0.103084980632286,107579,run-20260423-195500
2026-04-23T21:04:12Z,9.31104960997651,0.0931104960997651,107764,run-20260423-205500
2026-04-23T22:03:54Z,9.46747506651663,0.0946747506651663,104547,run-20260423-215500
2026-04-23T23:03:28Z,9.72725269935884,0.0972725269935884,99571,run-20260423-225500
2026-04-24T00:03:08Z,9.80065764333371,0.0980065764333371,95744,run-20260423-235500
2026-04-24T01:03:07Z,10.3041342588971,0.103041342588971,95803,run-20260424-005500
2026-04-24T02:03:01Z,10.1652441194296,0.101652441194296,94768,run-20260424-015500
2026-04-24T03:02:26Z,10.2082558442203,0.102082558442203,87677,run-20260424-025500
2026-04-24T04:01:04Z,10.6898427148858,0.106898427148858,70749,run-20260424-035500
2026-04-24T04:59:58Z,10.6390417674294,0.106390417674294,57138,run-20260424-045500
2026-04-24T05:59:09Z,11.241246297971,0.11241246297971,48259,run-20260424-055500
2026-04-24T06:59:01Z,11.2920167472385,0.112920167472385,46944,run-20260424-065500
2026-04-24T07:58:52Z,11.0902922179275,0.110902922179275,45446,run-20260424-075500
2026-04-24T08:58:47Z,10.9629610082887,0.109629610082887,45016,run-20260424-085500
2026-04-24T09:58:53Z,11.555903912108,0.11555903912108,45861,run-20260424-095500
2026-04-24T10:59:24Z,11.2367068969781,0.112367068969781,52193,run-20260424-105500
2026-04-24T12:00:37Z,11.4750906046457,0.114750906046457,66870,run-20260424-115500
2026-04-24T13:02:05Z,11.1113737120652,0.111113737120652,84188,run-20260424-125500
2026-04-24T14:03:13Z,10.8938832806682,0.108938832806682,97392,run-20260424-135500
2026-04-24T15:04:07Z,11.0618814563114,0.110618814563114,107948,run-20260424-145500
2026-04-24T16:04:24Z,11.3491840528842,0.113491840528842,111065,run-20260424-155500
2026-04-24T17:04:41Z,10.9340282317749,0.109340282317749,114096,run-20260424-165500
2026-04-24T18:05:23Z,11.27714832397,0.1127714832397,122434,run-20260424-175500
2026-04-24T19:05:17Z,10.9205285064332,0.109205285064332,121090,run-20260424-185500
2026-04-24T20:05:02Z,12.1573983397088,0.121573983397088,118288,run-20260424-195500
2026-04-24T21:04:12Z,10.7932883327979,0.107932883327979,108406,run-20260424-205500
2026-04-24T22:03:49Z,10.8408312295374,0.108408312295374,103006,run-20260424-215500
2026-04-24T23:03:25Z,10.5735627605041,0.105735627605041,97840,run-20260424-225500
2026-04-25T00:03:27Z,10.2481135003838,0.102481135003838,99252,run-20260424-235500
2026-04-25T01:03:00Z,11.0574851004636,0.110574851004636,94105,run-20260425-005500
2026-04-25T02:02:45Z,10.591919022695,0.10591919022695,91185,run-20260425-015500
2026-04-25T03:02:13Z,11.0064680513149,0.110064680513149,84916,run-20260425-025500
2026-04-25T04:00:35Z,11.5710238635382,0.115710238635382,65249,run-20260425-035500
2026-04-25T04:59:30Z,11.0117647614648,0.110117647614648,52218,run-20260425-045500
2026-04-25T05:59:15Z,10.6977993064821,0.106977993064821,49923,run-20260425-055500
2026-04-25T06:58:46Z,11.6182115840156,0.116182115840156,44199,run-20260425-065500
2026-04-25T07:58:30Z,12.1667440106996,0.121667440106996,40989,run-20260425-075500
2026-04-25T08:58:32Z,11.3771548578712,0.113771548578712,41756,run-20260425-085500
2026-04-25T09:58:32Z,11.307559268922,0.11307559268922,41685,run-20260425-095500
2026-04-25T10:58:48Z,11.3619123349626,0.113619123349626,44740,run-20260425-105500
2026-04-25T11:59:34Z,11.9341896967938,0.119341896967938,53906,run-20260425-115500
2026-04-25T13:00:44Z,12.2395093830587,0.122395093830587,68002,run-20260425-125500
2026-04-25T14:01:52Z,11.811191305725,0.11811191305725,81300,run-20260425-135500
2026-04-25T15:02:49Z,11.9119443829816,0.119119443829816,92282,run-20260425-145500
2026-04-25T16:03:22Z,11.3516509045482,0.113516509045482,98538,run-20260425-155500
2026-04-25T17:03:43Z,11.8702353502581,0.118702353502581,102565,run-20260425-165500
2026-04-25T18:03:47Z,11.7730943719832,0.117730943719832,103116,run-20260425-175500
2026-04-25T19:03:30Z,12.0251648299338,0.120251648299338,100033,run-20260425-185500
2026-04-25T20:03:20Z,11.218170468932,0.11218170468932,97539,run-20260425-195500
2026-04-25T21:03:25Z,11.1766428866723,0.111766428866723,98478,run-20260425-205500
2026-04-25T22:03:06Z,10.9583093964368,0.109583093964368,94910,run-20260425-215500
2026-04-25T23:02:52Z,11.7997962363963,0.117997962363963,92173,run-20260425-225500
2026-04-26T00:02:37Z,10.673375842647,0.10673375842647,89423,run-20260425-235500
2026-04-26T01:02:49Z,9.53973454656364,0.0953973454656364,92527,run-20260426-005500
2026-04-26T02:05:20Z,4.37783069643578,0.0437783069643578,122112,run-20260426-015500
2026-04-26T03:04:10Z,5.38269324519466,0.0538269324519466,108461,run-20260426-025500
2026-04-26T04:02:37Z,6.39931744174468,0.0639931744174468,89582,run-20260426-035500
2026-04-26T05:00:34Z,8.14415680169852,0.0814415680169852,65412,run-20260426-045500
2026-04-26T05:59:29Z,8.6466531353671,0.086466531353671,52185,run-20260426-055500
2026-04-26T06:58:59Z,9.28852291619583,0.0928852291619583,46717,run-20260426-065500
2026-04-26T08:58:41Z,10.4144566803591,0.104144566803591,43346,run-20260426-085500
2026-04-26T10:59:00Z,9.19991772991595,0.0919991772991595,47308,run-20260426-105500
2026-04-26T11:59:48Z,9.12587479772504,0.0912587479772504,57131,run-20260426-115500
2026-04-26T13:00:55Z,8.81008192532618,0.0881008192532618,70624,run-20260426-125500
2026-04-26T14:02:11Z,9.14694441358064,0.0914694441358064,85691,run-20260426-135500
2026-04-26T15:03:26Z,8.43461132292394,0.0843461132292394,100384,run-20260426-145500
2026-04-26T20:03:21Z,10.6405188517079,0.106405188517079,98969,run-20260426-195500
2026-04-27T00:02:34Z,10.6613379394873,0.106613379394873,89679,run-20260426-235500
2026-04-27T01:02:23Z,10.508172798327,0.10508172798327,87484,run-20260427-005500
2026-04-27T02:01:58Z,10.2696794815251,0.102696794815251,82441,run-20260427-015500
2026-04-27T03:01:30Z,11.7801798221027,0.117801798221027,76720,run-20260427-025500
2026-04-27T04:00:44Z,12.4814253147043,0.124814253147043,66932,run-20260427-035500
2026-04-27T04:59:46Z,13.1895492299745,0.131895492299745,55670,run-20260427-045500
2026-04-27T05:59:06Z,13.0782635246449,0.130782635246449,47883,run-20260427-055500
2026-04-27T06:58:48Z,13.5293232021308,0.135293232021308,44570,run-20260427-065500
2026-04-27T07:58:36Z,14.6411036843938,0.146411036843938,42018,run-20260427-075500
2026-04-27T08:58:31Z,13.6535677526853,0.136535677526853,41397,run-20260427-085500
2026-04-27T09:58:30Z,10.5536992170352,0.105536992170352,41308,run-20260427-095500
2026-04-27T10:59:09Z,11.5334867454143,0.115334867454143,49359,run-20260427-105500
2026-04-27T12:00:12Z,11.5012544104227,0.115012544104227,62015,run-20260427-115500
2026-04-27T13:01:28Z,10.877260439616,0.10877260439616,77237,run-20260427-125500
2026-04-27T14:02:31Z,10.9210165015684,0.109210165015684,89325,run-20260427-135500
2026-04-27T15:03:31Z,10.4234746028046,0.104234746028046,101239,run-20260427-145500
2026-04-27T16:04:11Z,10.0033448615767,0.100033448615767,108693,run-20260427-155500
2026-04-27T17:04:27Z,10.6338811207162,0.106338811207162,111924,run-20260427-165500
2026-04-27T18:04:40Z,9.99978943675243,0.0999978943675243,114407,run-20260427-175500
2026-04-27T19:04:30Z,10.121861099981,0.10121861099981,112071,run-20260427-185500
2026-04-27T20:04:30Z,9.94589002004113,0.0994589002004113,112252,run-20260427-195500
2026-04-27T21:04:14Z,10.1057185733947,0.101057185733947,108906,run-20260427-205500
2026-04-27T22:03:46Z,9.92116221307937,0.0992116221307937,103461,run-20260427-215500
2026-04-27T23:03:21Z,9.61317542371642,0.0961317542371642,98471,run-20260427-225500
2026-04-28T00:03:18Z,9.05685966026447,0.0905685966026447,98081,run-20260427-235500
2026-04-28T01:02:58Z,8.78971743051761,0.0878971743051761,94532,run-20260428-005500
2026-04-28T02:02:43Z,9.17933019143743,0.0917933019143743,90999,run-20260428-015500
2026-04-28T03:02:05Z,9.20432887465958,0.0920432887465958,83667,run-20260428-025500
2026-04-28T04:00:55Z,9.26575672080081,0.0926575672080081,69591,run-20260428-035500
2026-04-28T04:59:57Z,9.58377848329658,0.0958377848329658,57979,run-20260428-045500
2026-04-28T05:59:16Z,9.80924245974595,0.0980924245974595,50194,run-20260428-055500
2026-04-28T06:59:02Z,10.1236479955105,0.101236479955105,47423,run-20260428-065500
2026-04-28T07:58:39Z,10.5837894958537,0.105837894958537,42747,run-20260428-075500
2026-04-28T08:58:30Z,11.0892820403931,0.110892820403931,41333,run-20260428-085500
2026-04-28T09:58:38Z,10.369303553017,0.10369303553017,42878,run-20260428-095500
2026-04-28T10:59:21Z,10.8850203336785,0.108850203336785,51474,run-20260428-105500
2026-04-28T12:00:32Z,10.7406347577142,0.107406347577142,65832,run-20260428-115500
2026-04-28T13:01:43Z,10.0196968741083,0.100196968741083,79710,run-20260428-125500
2026-04-28T14:02:57Z,10.1214927676397,0.101214927676397,94455,run-20260428-135500
2026-04-28T15:03:50Z,10.6131029218514,0.106131029218514,104718,run-20260428-145500
2026-04-28T16:04:37Z,10.0126217723666,0.100126217723666,113737,run-20260428-155500
2026-04-28T17:04:27Z,10.319377643918,0.10319377643918,111780,run-20260428-165500
2026-04-28T18:04:42Z,10.0076163432396,0.100076163432396,114759,run-20260428-175500
2026-04-28T19:04:46Z,9.39675981717029,0.0939675981717029,115132,run-20260428-185500
2026-04-28T20:05:06Z,9.66322046225777,0.0966322046225777,119010,run-20260428-195500
2026-04-28T21:04:51Z,9.13476221266735,0.0913476221266735,116003,run-20260428-205500
2026-04-28T22:04:16Z,9.42831470604593,0.0942831470604593,104523,run-20260428-215500
2026-04-28T23:03:14Z,9.54580468032025,0.0954580468032025,96795,run-20260428-225500
2026-04-29T00:03:26Z,9.31307626671102,0.0931307626671102,99556,run-20260428-235500
2026-04-29T01:03:10Z,9.38609539494045,0.0938609539494045,96736,run-20260429-005500
2026-04-29T02:02:38Z,9.63435154009847,0.0963435154009847,90296,run-20260429-015500
2026-04-29T03:01:55Z,9.63122094852034,0.0963122094852034,81364,run-20260429-025500
2026-04-29T04:00:46Z,10.1580322004568,0.101580322004568,66787,run-20260429-035500
2026-04-29T04:59:47Z,10.520264742065,0.10520264742065,55685,run-20260429-045500
2026-04-29T05:59:21Z,10.8621618112358,0.108621618112358,50650,run-20260429-055500
2026-04-29T06:59:03Z,10.6479293298022,0.106479293298022,47440,run-20260429-065500
2026-04-29T07:58:46Z,11.6776957645375,0.116776957645375,44023,run-20260429-075500
2026-04-29T08:58:37Z,11.1937602035598,0.111937602035598,42631,run-20260429-085500
2026-04-29T09:58:37Z,11.6292973151887,0.116292973151887,42816,run-20260429-095500
2026-04-29T10:59:26Z,11.4210773724016,0.114210773724016,52263,run-20260429-105500
2026-04-29T12:00:38Z,11.1527622969714,0.111527622969714,66959,run-20260429-115500
2026-04-29T13:01:51Z,11.0203922202567,0.110203922202567,81372,run-20260429-125500
2026-04-29T14:03:08Z,10.6361087176739,0.106361087176739,96465,run-20260429-135500
2026-04-29T15:03:57Z,10.4633484269976,0.104633484269976,106215,run-20260429-145500
2026-04-29T16:04:25Z,9.84217371710267,0.0984217371710267,111263,run-20260429-155500
2026-04-29T17:04:41Z,10.2185936868889,0.102185936868889,114387,run-20260429-165500
2026-04-29T18:04:33Z,10.1300647817107,0.101300647817107,112277,run-20260429-175500
2026-04-29T19:04:28Z,9.90621109283043,0.0990621109283043,111425,run-20260429-185500
2026-04-29T20:04:26Z,10.058686568307,0.10058686568307,110749,run-20260429-195500
2026-04-29T21:04:38Z,9.70306863642707,0.0970306863642707,113276,run-20260429-205500
2026-04-29T22:04:10Z,9.68790822971661,0.0968790822971661,107670,run-20260429-215500
2026-04-29T23:03:35Z,9.62171380525993,0.0962171380525993,101041,run-20260429-225500
2026-04-30T00:03:18Z,10.1884349025337,0.101884349025337,97765,run-20260429-235500
2026-04-30T01:03:22Z,10.2204446435716,0.102204446435716,98486,run-20260430-005500
2026-04-30T02:03:13Z,10.3898079502178,0.103898079502178,96924,run-20260430-015500
2026-04-30T03:02:22Z,10.3024006767001,0.103024006767001,86233,run-20260430-025500
2026-04-30T04:01:10Z,10.478529734104,0.10478529734104,72029,run-20260430-035500
2026-04-30T05:00:08Z,9.71959675447275,0.0971959675447275,59868,run-20260430-045500
2026-04-30T05:59:17Z,9.83192673177646,0.0983192673177646,50125,run-20260430-055500
2026-04-30T06:59:02Z,10.2269068810829,0.102269068810829,47201,run-20260430-065500
2026-04-30T07:58:45Z,10.367536203082,0.10367536203082,44051,run-20260430-075500
2026-04-30T08:58:31Z,10.8307669567771,0.108307669567771,41572,run-20260430-085500
2026-04-30T09:58:40Z,11.2248822824016,0.112248822824016,43308,run-20260430-095500
2026-04-30T10:59:21Z,10.1717218874395,0.101717218874395,51647,run-20260430-105500
2026-04-30T12:00:35Z,9.94082908864359,0.0994082908864359,66327,run-20260430-115500
2026-04-30T13:01:56Z,10.069102397855,0.10069102397855,82513,run-20260430-125500
2026-04-30T14:03:34Z,9.91051047583899,0.0991051047583899,101685,run-20260430-135500
2026-04-30T15:04:18Z,9.83808097770766,0.0983808097770766,110325,run-20260430-145500
2026-04-30T16:04:46Z,9.9489990117001,0.099489990117001,115743,run-20260430-155500
2026-04-30T17:04:57Z,9.79297330107365,0.0979297330107365,117290,run-20260430-165500
2026-04-30T18:04:53Z,9.68928853160814,0.0968928853160814,116623,run-20260430-175500
2026-04-30T19:04:41Z,9.42090290820757,0.0942090290820757,114220,run-20260430-185500
2026-04-30T20:04:48Z,9.32586225715752,0.0932586225715752,115538,run-20260430-195500
2026-04-30T21:04:31Z,9.48307213444685,0.0948307213444685,112234,run-20260430-205500
2026-04-30T22:03:58Z,9.682336064792,0.09682336064792,105446,run-20260430-215500
2026-04-30T23:03:38Z,9.26461659186208,0.0926461659186208,101603,run-20260430-225500
2026-05-01T00:03:15Z,9.59066649415627,0.0959066649415627,97111,run-20260430-235500
2026-05-01T01:03:18Z,9.89373503063437,0.0989373503063437,98156,run-20260501-005500
2026-05-01T02:02:40Z,10.0465867888116,0.100465867888116,90602,run-20260501-015500
2026-05-01T03:02:11Z,10.3737312316137,0.103737312316137,84657,run-20260501-025500
2026-05-01T04:01:09Z,10.0771979618369,0.100771979618369,72084,run-20260501-035500
2026-05-01T05:00:19Z,10.5641782940999,0.105641782940999,62412,run-20260501-045500
2026-05-01T05:59:16Z,11.8170525382616,0.118170525382616,49876,run-20260501-055500
2026-05-01T06:58:58Z,11.4734236676115,0.114734236676115,46316,run-20260501-065500
2026-05-01T07:58:44Z,11.8142307129349,0.118142307129349,43658,run-20260501-075500
2026-05-01T08:58:33Z,12.0527831591812,0.120527831591812,41594,run-20260501-085500
2026-05-01T09:58:36Z,12.0051641927638,0.120051641927638,42127,run-20260501-095500
2026-05-01T10:59:20Z,12.2996363780921,0.122996363780921,51197,run-20260501-105500
2026-05-01T12:00:28Z,12.0507714564299,0.120507714564299,64680,run-20260501-115500
2026-05-01T13:01:45Z,12.1716950425631,0.121716950425631,80296,run-20260501-125500
2026-05-01T14:03:02Z,12.1281391833573,0.121281391833573,95274,run-20260501-135500
2026-05-01T15:03:42Z,11.8646998285731,0.118646998285731,102919,run-20260501-145500
2026-05-01T16:04:22Z,11.7749056018294,0.117749056018294,110538,run-20260501-155500
2026-05-01T17:04:50Z,11.4766333245907,0.114766333245907,116125,run-20260501-165500
2026-05-01T18:04:49Z,11.2777176154855,0.112777176154855,115598,run-20260501-175500
2026-05-01T19:04:24Z,11.5272252480197,0.115272252480197,110612,run-20260501-185500
2026-05-01T20:04:11Z,11.2805932987858,0.112805932987858,107791,run-20260501-195500
2026-05-01T21:04:01Z,11.2886986929703,0.112886986929703,105923,run-20260501-205500
2026-05-01T22:04:06Z,10.2761187568864,0.102761187568864,107084,run-20260501-215500
2026-05-01T23:03:31Z,10.0360292406675,0.100360292406675,100243,run-20260501-225500
2026-05-02T00:03:03Z,10.3709452375526,0.103709452375526,94656,run-20260501-235500
2026-05-02T01:02:49Z,10.7055509741703,0.107055509741703,92565,run-20260502-005500
2026-05-02T02:02:32Z,10.6532017011015,0.106532017011015,88836,run-20260502-015500
2026-05-02T03:02:01Z,10.8590897279355,0.108590897279355,82585,run-20260502-025500
2026-05-02T04:00:52Z,11.0900766055993,0.110900766055993,68820,run-20260502-035500
2026-05-02T04:59:58Z,10.7497762997311,0.107497762997311,58043,run-20260502-045500
2026-05-02T05:59:04Z,10.5992213733673,0.105992213733673,47450,run-20260502-055500
2026-05-02T06:58:44Z,10.667411094116,0.10667411094116,43768,run-20260502-065500
2026-05-02T07:58:42Z,12.0957911070222,0.120957911070222,43330,run-20260502-075500
2026-05-02T08:58:29Z,11.5875651484396,0.115875651484396,41034,run-20260502-085500
2026-05-02T09:58:28Z,11.4718208313013,0.114718208313013,40740,run-20260502-095500
2026-05-02T10:58:40Z,11.6595375732505,0.116595375732505,43066,run-20260502-105500
2026-05-02T11:59:43Z,11.7243601920756,0.117243601920756,55619,run-20260502-115500
2026-05-02T13:00:52Z,11.5545843382499,0.115545843382499,69433,run-20260502-125500
2026-05-02T14:01:58Z,11.3563710037795,0.113563710037795,82913,run-20260502-135500
2026-05-02T15:02:56Z,11.782978553063,0.11782978553063,93735,run-20260502-145500
2026-05-02T16:03:19Z,11.9361879304445,0.119361879304445,97895,run-20260502-155500
2026-05-02T17:03:44Z,11.4394396853003,0.114394396853003,102932,run-20260502-165500
2026-05-02T18:03:41Z,11.708351736364,0.11708351736364,102699,run-20260502-175500
2026-05-02T19:03:23Z,11.8573288879568,0.118573288879568,98948,run-20260502-185500
2026-05-02T20:02:59Z,11.6796239418633,0.116796239418633,94073,run-20260502-195500
2026-05-02T21:02:54Z,11.9145007652083,0.119145007652083,92970,run-20260502-205500
2026-05-02T22:02:38Z,11.4531821372742,0.114531821372742,89585,run-20260502-215500
2026-05-02T23:02:33Z,11.7864873012194,0.117864873012194,88732,run-20260502-225500
2026-05-03T00:02:23Z,12.0290956291217,0.120290956291217,86665,run-20260502-235500
2026-05-03T01:02:06Z,11.0750422044478,0.110750422044478,84556,run-20260503-005500
2026-05-03T02:02:01Z,10.7451008809905,0.107451008809905,82705,run-20260503-015500
2026-05-03T03:01:43Z,11.2258617974474,0.112258617974474,79092,run-20260503-025500
2026-05-03T04:00:39Z,10.9888616458823,0.109888616458823,66422,run-20260503-035500
2026-05-03T04:59:50Z,10.7967258853302,0.107967258853302,56673,run-20260503-045500
2026-05-03T05:58:57Z,10.3078471287835,0.103078471287835,46145,run-20260503-055500
2026-05-03T06:58:30Z,11.674779147707,0.11674779147707,41067,run-20260503-065500
2026-05-03T07:58:24Z,11.7849593173448,0.117849593173448,39950,run-20260503-075500
2026-05-03T08:58:24Z,12.253072989551,0.12253072989551,40061,run-20260503-085500
2026-05-03T09:58:24Z,11.0163665656606,0.110163665656606,40067,run-20260503-095500
2026-05-03T10:58:36Z,12.1125197700143,0.121125197700143,42607,run-20260503-105500
2026-05-03T11:59:20Z,12.0929349759509,0.120929349759509,51204,run-20260503-115500
2026-05-03T13:00:23Z,11.8204069794862,0.118204069794862,63706,run-20260503-125500
2026-05-03T14:01:37Z,11.8425458069734,0.118425458069734,78797,run-20260503-135500
2026-05-03T15:02:37Z,11.1557860877575,0.111557860877575,90450,run-20260503-145500
2026-05-03T16:03:36Z,10.5745269509098,0.105745269509098,102038,run-20260503-155500
2026-05-03T17:03:39Z,11.2276513545683,0.112276513545683,102383,run-20260503-165500
2026-05-03T18:03:40Z,10.9734794753243,0.109734794753243,102802,run-20260503-175500
2026-05-03T19:03:39Z,11.0237544241857,0.110237544241857,102427,run-20260503-185500
2026-05-03T20:03:21Z,11.4454070217478,0.114454070217478,98618,run-20260503-195500
2026-05-03T21:03:14Z,11.4133007891786,0.114133007891786,97260,run-20260503-205500
2026-05-03T22:03:01Z,11.2627856009788,0.112627856009788,94735,run-20260503-215500
2026-05-03T23:02:46Z,11.517977415187,0.11517977415187,91842,run-20260503-225500
2026-05-04T00:02:46Z,11.0042697144703,0.110042697144703,91587,run-20260503-235500
2026-05-04T01:02:39Z,10.4721761120643,0.104721761120643,90745,run-20260504-005500
2026-05-04T02:02:19Z,11.1763206809182,0.111763206809182,86442,run-20260504-015500
2026-05-04T03:01:34Z,11.0207082158438,0.110207082158438,77671,run-20260504-025500
2026-05-04T04:00:29Z,10.5402962237611,0.105402962237611,64646,run-20260504-035500
2026-05-04T04:59:32Z,11.1368853836814,0.111368853836814,53274,run-20260504-045500
2026-05-04T05:58:49Z,10.7891657202077,0.107891657202077,44593,run-20260504-055500
2026-05-04T06:58:37Z,10.7674582585352,0.107674582585352,42231,run-20260504-065500
2026-05-04T07:58:36Z,9.61661512042608,0.0961661512042608,42474,run-20260504-075500
2026-05-04T08:58:31Z,10.6245410773525,0.106245410773525,41451,run-20260504-085500
2026-05-04T10:59:14Z,11.3098098411849,0.113098098411849,50105,run-20260504-105500
2026-05-04T12:00:14Z,10.9448301949777,0.109448301949777,61981,run-20260504-115500
2026-05-04T13:01:21Z,11.099923228826,0.11099923228826,75649,run-20260504-125500
2026-05-04T14:02:45Z,10.3391855585585,0.103391855585585,92173,run-20260504-135500
2026-05-04T15:03:31Z,10.4233290890042,0.104233290890042,101138,run-20260504-145500
2026-05-04T16:04:06Z,10.7161725481191,0.107161725481191,108126,run-20260504-155500
2026-05-04T17:04:22Z,10.5217968959142,0.105217968959142,111088,run-20260504-165500
2026-05-04T18:04:22Z,10.4293763748426,0.104293763748426,110835,run-20260504-175500
2026-05-04T19:04:25Z,10.589614591298,0.10589614591298,111056,run-20260504-185500
2026-05-04T20:04:18Z,10.4879058636877,0.104879058636877,109932,run-20260504-195500
2026-05-04T21:04:28Z,9.92197643781147,0.0992197643781147,110785,run-20260504-205500
2026-05-04T22:04:09Z,10.8916845348722,0.108916845348722,108058,run-20260504-215500
2026-05-04T23:03:39Z,11.1256303305554,0.111256303305554,101816,run-20260504-225500
2026-05-05T00:03:35Z,10.6513917598392,0.106513917598392,101426,run-20260504-235500
2026-05-05T01:03:18Z,10.2151812535658,0.102151812535658,98286,run-20260505-005500
2026-05-05T02:02:56Z,10.6788438911049,0.106788438911049,93553,run-20260505-015500
2026-05-05T03:02:10Z,10.5930286137721,0.105930286137721,84119,run-20260505-025500
2026-05-05T04:01:02Z,10.3609613217693,0.103609613217693,71237,run-20260505-035500
2026-05-05T04:59:58Z,10.7291525104663,0.107291525104663,58485,run-20260505-045500
2026-05-05T05:59:03Z,11.1609634711626,0.111609634711626,47544,run-20260505-055500
2026-05-05T06:58:53Z,10.9307779340878,0.109307779340878,45790,run-20260505-065500
2026-05-05T07:58:36Z,11.0038020599607,0.110038020599607,42558,run-20260505-075500
2026-05-05T08:58:23Z,11.1909443858819,0.111909443858819,39980,run-20260505-085500
2026-05-05T09:58:32Z,11.3525483955722,0.113525483955722,41640,run-20260505-095500
2026-05-05T10:59:10Z,10.8340694291168,0.108340694291168,49419,run-20260505-105500
2026-05-05T12:00:14Z,10.8119429855718,0.108119429855718,62188,run-20260505-115500
2026-05-05T13:01:36Z,10.7508866548466,0.107508866548466,78494,run-20260505-125500
2026-05-05T14:02:47Z,11.2145917665834,0.112145917665834,92367,run-20260505-135500
2026-05-05T15:03:44Z,10.279405770192,0.10279405770192,103437,run-20260505-145500
2026-05-05T16:04:24Z,9.61883088852979,0.0961883088852979,111302,run-20260505-155500
2026-05-05T17:04:32Z,9.83892605962128,0.0983892605962128,112913,run-20260505-165500
2026-05-05T18:04:17Z,9.93802090924701,0.0993802090924701,109619,run-20260505-175500
2026-05-05T19:04:07Z,10.074296858288,0.10074296858288,107387,run-20260505-185500
2026-05-05T20:04:29Z,10.299359094658,0.10299359094658,111386,run-20260505-195500
2026-05-05T21:04:29Z,9.53984122164777,0.0953984122164777,111627,run-20260505-205500
2026-05-05T22:03:54Z,10.0438984704046,0.100438984704046,104925,run-20260505-215500
2026-05-05T23:03:18Z,9.72002556234045,0.0972002556234045,97864,run-20260505-225500
2026-05-06T00:03:17Z,10.0219159975397,0.100219159975397,97148,run-20260505-235500
2026-05-06T01:02:50Z,10.6513795378235,0.106513795378235,92428,run-20260506-005500
2026-05-06T02:02:41Z,10.8905406541765,0.108905406541765,90381,run-20260506-015500
2026-05-06T03:02:15Z,10.5001584476568,0.105001584476568,85407,run-20260506-025500
2026-05-06T04:01:10Z,10.7750976505641,0.107750976505641,72158,run-20260506-035500
2026-05-06T04:59:54Z,11.4012514504363,0.114012514504363,56738,run-20260506-045500
2026-05-06T05:59:10Z,11.080650591521,0.11080650591521,49006,run-20260506-055500
2026-05-06T06:59:18Z,10.8156259825156,0.108156259825156,50549,run-20260506-065500
2026-05-06T07:59:04Z,11.1086985794079,0.111086985794079,48144,run-20260506-075500
2026-05-06T08:58:38Z,10.9735487822133,0.109735487822133,43001,run-20260506-085500
2026-05-06T09:58:40Z,11.0615809445658,0.110615809445658,43285,run-20260506-095500
2026-05-06T10:59:25Z,11.1746591840289,0.111746591840289,52416,run-20260506-105500
2026-05-06T12:00:37Z,10.8113886078934,0.108113886078934,66804,run-20260506-115500
2026-05-06T13:01:51Z,10.6923896079147,0.106923896079147,81431,run-20260506-125500
2026-05-06T14:02:49Z,10.6938257868781,0.106938257868781,92243,run-20260506-135500
2026-05-06T15:04:04Z,10.5297868845369,0.105297868845369,107180,run-20260506-145500
2026-05-06T16:04:23Z,10.7315339216953,0.107315339216953,111286,run-20260506-155500
2026-05-06T17:04:31Z,10.375187798034,0.10375187798034,112589,run-20260506-165500
2026-05-06T18:04:41Z,10.8505223031567,0.108505223031567,113928,run-20260506-175500
2026-05-06T19:04:19Z,10.713707488172,0.10713707488172,109617,run-20260506-185500
2026-05-06T20:04:35Z,10.8760940608226,0.108760940608226,113070,run-20260506-195500
2026-05-06T21:04:29Z,10.6187025110068,0.106187025110068,111942,run-20260506-205500
2026-05-06T22:04:17Z,10.2340151357893,0.102340151357893,109470,run-20260506-215500
2026-05-06T23:05:15Z,11.046576415247,0.11046576415247,120676,run-20260506-225500
2026-05-07T00:04:02Z,11.1247397664058,0.111247397664058,106724,run-20260506-235500
2026-05-07T01:03:45Z,10.3617960105484,0.103617960105484,103565,run-20260507-005500
2026-05-07T02:03:16Z,10.331394638035,0.10331394638035,97305,run-20260507-015500
2026-05-07T03:02:25Z,10.0449084090114,0.100449084090114,87380,run-20260507-025500
2026-05-07T04:01:21Z,10.1251113644181,0.101251113644181,71254,run-20260507-035500
2026-05-07T05:00:05Z,10.695190849369,0.10695190849369,57706,run-20260507-045500
2026-05-07T05:59:04Z,11.2878641566877,0.112878641566877,47687,run-20260507-055500
2026-05-07T06:59:10Z,11.5894917825513,0.115894917825513,48756,run-20260507-065500
2026-05-07T07:59:07Z,11.2158312067184,0.112158312067184,48721,run-20260507-075500
2026-05-07T08:58:53Z,11.2341371939235,0.112341371939235,45929,run-20260507-085500
2026-05-07T09:58:45Z,11.7655044474398,0.117655044474398,44365,run-20260507-095500
2026-05-07T10:59:22Z,11.440947028219,0.11440947028219,51770,run-20260507-105500
2026-05-07T12:00:27Z,11.2826813873852,0.112826813873852,64758,run-20260507-115500
2026-05-07T13:01:46Z,11.0839867653923,0.110839867653923,80090,run-20260507-125500
2026-05-07T14:02:49Z,11.4165416204795,0.114165416204795,92883,run-20260507-135500
2026-05-07T15:03:50Z,10.4278043071318,0.104278043071318,104285,run-20260507-145500
2026-05-07T16:04:29Z,10.0555166479085,0.100555166479085,112523,run-20260507-155500
2026-05-07T17:04:34Z,10.4473867809808,0.104473867809808,112951,run-20260507-165500
2026-05-07T18:04:26Z,10.0401580554066,0.100401580554066,111538,run-20260507-175500
2026-05-07T19:04:23Z,9.99730144268003,0.0999730144268003,110485,run-20260507-185500
2026-05-07T20:04:05Z,10.2681233637572,0.102681233637572,107198,run-20260507-195500
2026-05-07T21:04:14Z,9.61704595236835,0.0961704595236835,108857,run-20260507-205500
2026-05-07T22:04:04Z,9.51532155911983,0.0951532155911983,106648,run-20260507-215500
2026-05-07T23:03:31Z,9.1864649952094,0.091864649952094,100098,run-20260507-225500
2026-05-08T00:03:04Z,10.2091701773524,0.102091701773524,94906,run-20260507-235500
2026-05-08T01:02:53Z,10.4023874894073,0.104023874894073,92799,run-20260508-005500
2026-05-08T02:02:45Z,9.33074627977342,0.0933074627977342,91293,run-20260508-015500
2026-05-08T03:02:06Z,9.82195951413989,0.0982195951413989,83413,run-20260508-025500
2026-05-08T04:01:00Z,10.2356720824168,0.102356720824168,70047,run-20260508-035500
2026-05-08T04:59:56Z,10.5615105528186,0.105615105528186,57578,run-20260508-045500
2026-05-08T06:59:09Z,10.271670293185,0.10271670293185,49000,run-20260508-065500
2026-05-08T07:59:00Z,10.2240586325943,0.102240586325943,47314,run-20260508-075500
2026-05-08T08:58:54Z,10.1383204073486,0.101383204073486,46007,run-20260508-085500
2026-05-08T09:58:57Z,11.2475236851079,0.112475236851079,46617,run-20260508-095500
2026-05-08T10:59:29Z,11.3155947039392,0.113155947039392,53135,run-20260508-105500
2026-05-08T12:00:37Z,11.8667822008778,0.118667822008778,66489,run-20260508-115500
2026-05-08T13:02:00Z,11.651410943724,0.11651410943724,82720,run-20260508-125500
2026-05-08T14:03:12Z,10.9541176312414,0.109541176312414,97168,run-20260508-135500
2026-05-08T15:04:07Z,10.2180062021005,0.102180062021005,107588,run-20260508-145500
2026-05-08T16:04:31Z,10.6477319975439,0.106477319975439,112110,run-20260508-155500
2026-05-08T17:04:43Z,10.0641119333416,0.100641119333416,114450,run-20260508-165500
2026-05-08T18:04:42Z,10.1730476196331,0.101730476196331,114286,run-20260508-175500
2026-05-08T19:04:29Z,10.7256615222105,0.107256615222105,111638,run-20260508-185500
2026-05-08T20:04:30Z,10.0876352307161,0.100876352307161,111808,run-20260508-195500
2026-05-08T21:04:51Z,9.05265220009727,0.0905265220009727,116043,run-20260508-205500
2026-05-08T22:03:56Z,10.501374746049,0.10501374746049,104964,run-20260508-215500
2026-05-08T23:03:16Z,10.8163281865856,0.108163281865856,97382,run-20260508-225500
2026-05-09T00:03:07Z,10.6267448832645,0.106267448832645,95599,run-20260508-235500
2026-05-09T01:02:38Z,10.755701758723,0.10755701758723,90226,run-20260509-005500
2026-05-09T02:02:19Z,11.1192067419761,0.111192067419761,86434,run-20260509-015500
2026-05-09T03:01:41Z,11.5623931954364,0.115623931954364,78697,run-20260509-025500
2026-05-09T04:00:48Z,11.5892082023878,0.115892082023878,68122,run-20260509-035500
2026-05-09T04:59:54Z,11.3974541689692,0.113974541689692,57289,run-20260509-045500
2026-05-09T05:59:00Z,11.6766600531443,0.116766600531443,46891,run-20260509-055500
2026-05-09T06:58:41Z,11.6909994097275,0.116909994097275,43069,run-20260509-065500
2026-05-09T07:58:41Z,11.5576193474985,0.115576193474985,43218,run-20260509-075500
2026-05-09T08:58:35Z,11.9839499258091,0.119839499258091,42095,run-20260509-085500
2026-05-09T09:58:37Z,11.4454517850581,0.114454517850581,42560,run-20260509-095500
2026-05-09T10:58:57Z,11.8502264786308,0.118502264786308,46840,run-20260509-105500
2026-05-09T11:59:39Z,12.5311145909355,0.125311145909355,54974,run-20260509-115500
2026-05-09T13:00:50Z,11.6813317777436,0.116813317777436,69206,run-20260509-125500
2026-05-09T14:01:49Z,11.9826322706216,0.119826322706216,80866,run-20260509-135500
2026-05-09T15:02:33Z,12.3555432943685,0.123555432943685,89358,run-20260509-145500
2026-05-09T16:03:01Z,12.0420629085209,0.120420629085209,94493,run-20260509-155500
2026-05-09T17:03:10Z,11.8403528381165,0.118403528381165,96041,run-20260509-165500
2026-05-09T18:03:23Z,11.4440611618147,0.114440611618147,98377,run-20260509-175500
2026-05-09T19:03:20Z,11.6663536383599,0.116663536383599,98348,run-20260509-185500
2026-05-09T20:02:58Z,12.02242396597,0.1202242396597,93891,run-20260509-195500
2026-05-09T21:02:50Z,11.3336078710875,0.113336078710875,91947,run-20260509-205500
2026-05-09T22:02:38Z,11.2070257153944,0.112070257153944,89711,run-20260509-215500
2026-05-09T23:02:31Z,10.9261666847259,0.109261666847259,88080,run-20260509-225500
2026-05-10T00:02:16Z,10.9945424944291,0.109945424944291,85799,run-20260509-235500
2026-05-10T01:02:07Z,10.9058132595431,0.109058132595431,84009,run-20260510-005500
2026-05-10T02:01:43Z,11.4777839291665,0.114777839291665,79727,run-20260510-015500
2026-05-10T03:01:10Z,11.1095654481091,0.111095654481091,72725,run-20260510-025500
2026-05-10T04:00:26Z,11.5180710709408,0.115180710709408,63883,run-20260510-035500
2026-05-10T04:59:39Z,12.3177292708343,0.123177292708343,54565,run-20260510-045500
2026-05-10T05:58:52Z,12.0902572311935,0.120902572311935,44885,run-20260510-055500
2026-05-10T06:58:25Z,12.6551439409868,0.126551439409868,40222,run-20260510-065500
2026-05-10T07:58:20Z,12.2801551768534,0.122801551768534,39027,run-20260510-075500
2026-05-10T08:58:25Z,13.3431615618802,0.133431615618802,40155,run-20260510-085500
2026-05-10T09:58:24Z,12.241630875379,0.12241630875379,39892,run-20260510-095500
2026-05-10T10:58:42Z,12.9719129377478,0.129719129377478,43798,run-20260510-105500
2026-05-10T11:59:21Z,13.4003592432293,0.134003592432293,51413,run-20260510-115500
2026-05-10T13:00:16Z,14.0076978272903,0.140076978272903,62349,run-20260510-125500
2026-05-10T14:01:24Z,14.2985586946418,0.142985586946418,76095,run-20260510-135500
2026-05-10T15:02:25Z,13.5324740820788,0.135324740820788,87828,run-20260510-145500
2026-05-10T16:02:54Z,13.3638663259151,0.133638663259151,93117,run-20260510-155500
2026-05-10T17:03:15Z,13.2364929460689,0.132364929460689,97886,run-20260510-165500
2026-05-10T18:03:50Z,12.7811715207297,0.127811715207297,104590,run-20260510-175500
2026-05-10T19:03:17Z,12.9477187402577,0.129477187402577,98013,run-20260510-185500
2026-05-10T20:03:17Z,12.8828055969151,0.128828055969151,97366,run-20260510-195500
2026-05-10T21:03:08Z,11.6563905142708,0.116563905142708,95997,run-20260510-205500
2026-05-10T22:02:47Z,11.8473988921655,0.118473988921655,92045,run-20260510-215500
2026-05-10T23:02:29Z,12.6731576010108,0.126731576010108,88521,run-20260510-225500
2026-05-11T00:02:29Z,14.8720337438385,0.148720337438385,88613,run-20260510-235500
2026-05-11T01:02:39Z,14.6217839657265,0.146217839657265,91057,run-20260511-005500
2026-05-11T02:02:08Z,13.425680652777,0.13425680652777,82753,run-20260511-015500
2026-05-11T03:01:38Z,12.1595927648257,0.121595927648257,78123,run-20260511-025500
2026-05-11T04:00:26Z,11.7667122246444,0.117667122246444,62547,run-20260511-035500
2026-05-11T04:59:29Z,11.8006157471745,0.118006157471745,52891,run-20260511-045500
2026-05-11T05:58:54Z,11.1219518568695,0.111219518568695,45629,run-20260511-055500
2026-05-11T06:58:43Z,11.7219931834574,0.117219931834574,43719,run-20260511-065500
2026-05-11T07:58:30Z,12.1446046160455,0.121446046160455,41330,run-20260511-075500
2026-05-11T08:58:35Z,12.1903046764343,0.121903046764343,42483,run-20260511-085500
2026-05-11T09:58:57Z,11.9601216352574,0.119601216352574,46653,run-20260511-095500
2026-05-11T10:59:24Z,15.9437303184739,0.15943730318474,52174,run-20260511-105500
2026-05-11T12:00:17Z,13.8701736778614,0.138701736778614,62879,run-20260511-115500
2026-05-11T13:01:19Z,14.2563922523024,0.142563922523024,75306,run-20260511-125500
2026-05-11T14:02:21Z,13.2646697654117,0.132646697654117,87114,run-20260511-135500
2026-05-11T15:03:06Z,11.6757620211709,0.116757620211709,96208,run-20260511-145500
2026-05-11T16:03:48Z,10.7546721032526,0.107546721032526,104341,run-20260511-155500
2026-05-11T17:04:22Z,10.7278371066219,0.107278371066219,110872,run-20260511-165500
2026-05-11T18:04:18Z,10.6926577745136,0.106926577745136,110064,run-20260511-175500
2026-05-11T19:04:21Z,10.4903559082135,0.104903559082135,110811,run-20260511-185500
2026-05-11T20:04:15Z,10.7547931784937,0.107547931784937,109359,run-20260511-195500
2026-05-11T21:04:21Z,10.2126382271794,0.102126382271794,110314,run-20260511-205500
2026-05-11T22:04:06Z,10.4823653649754,0.104823653649754,107336,run-20260511-215500
2026-05-11T23:03:22Z,10.5324980543463,0.105324980543463,98533,run-20260511-225500
2026-05-12T00:02:50Z,10.6553968282475,0.106553968282475,92178,run-20260511-235500
2026-05-12T01:02:52Z,9.65652808216611,0.0965652808216611,93501,run-20260512-005500
2026-05-12T02:02:31Z,9.9383222129683,0.099383222129683,88865,run-20260512-015500
2026-05-12T03:01:57Z,10.1752600856345,0.101752600856345,81980,run-20260512-025500
2026-05-12T04:00:54Z,10.1030413851349,0.101030413851349,69242,run-20260512-035500
2026-05-12T04:59:56Z,10.6028701411426,0.106028701411426,57488,run-20260512-045500
2026-05-12T05:59:23Z,11.4628243255207,0.114628243255207,51113,run-20260512-055500
2026-05-12T06:59:13Z,12.1429746805601,0.121429746805601,49961,run-20260512-065500
2026-05-12T07:58:59Z,13.4287665425834,0.134287665425834,46971,run-20260512-075500
2026-05-12T08:58:50Z,14.7018290339678,0.147018290339678,45373,run-20260512-085500
2026-05-12T09:59:04Z,13.3293553532762,0.133293553532762,48549,run-20260512-095500
2026-05-12T10:59:47Z,12.1846343852819,0.121846343852819,56626,run-20260512-105500
2026-05-12T12:00:36Z,11.4908319236583,0.114908319236583,66556,run-20260512-115500
2026-05-12T13:01:52Z,10.6187072714394,0.106187072714394,81251,run-20260512-125500
2026-05-12T14:02:45Z,10.9860651279703,0.109860651279703,91704,run-20260512-135500
2026-05-12T15:03:36Z,10.6105590307562,0.106105590307562,101567,run-20260512-145500
2026-05-12T16:04:03Z,10.1735000227794,0.101735000227794,106951,run-20260512-155500
2026-05-12T17:04:17Z,10.1763251308635,0.101763251308635,109755,run-20260512-165500
2026-05-12T18:04:21Z,9.75313472252129,0.0975313472252129,110185,run-20260512-175500
2026-05-12T19:04:29Z,9.30615396250908,0.0930615396250908,112225,run-20260512-185500
2026-05-12T20:04:33Z,10.440055688403,0.10440055688403,112615,run-20260512-195500
2026-05-12T21:04:26Z,10.2174802262782,0.102174802262782,111306,run-20260512-205500
2026-05-12T22:04:05Z,10.44854700113,0.1044854700113,106572,run-20260512-215500
2026-05-12T23:03:30Z,10.49010943313,0.1049010943313,100070,run-20260512-225500
2026-05-13T00:03:18Z,9.73666538378001,0.0973666538378001,97852,run-20260512-235500
2026-05-13T01:03:17Z,9.95733075484327,0.0995733075484327,97815,run-20260513-005500
2026-05-13T02:03:06Z,9.91736470154918,0.0991736470154918,95786,run-20260513-015500
2026-05-13T03:02:13Z,10.0498044071082,0.100498044071082,85069,run-20260513-025500
2026-05-13T04:01:00Z,11.0962582517801,0.110962582517801,70523,run-20260513-035500
2026-05-13T05:00:04Z,10.8344133109311,0.108344133109311,56931,run-20260513-045500
2026-05-13T05:59:10Z,12.0902336981502,0.120902336981502,48889,run-20260513-055500
2026-05-13T06:58:59Z,11.2124330193507,0.112124330193507,46600,run-20260513-065500
2026-05-13T07:58:48Z,11.55888599887,0.115588859988699,44273,run-20260513-075500
2026-05-13T08:58:38Z,11.3379751710246,0.113379751710246,42762,run-20260513-085500
2026-05-13T09:58:55Z,11.1584773622058,0.111584773622058,46261,run-20260513-095500
2026-05-13T10:59:40Z,11.1913900656147,0.111913900656147,55403,run-20260513-105500
2026-05-13T12:00:39Z,11.0994959653702,0.110994959653702,67290,run-20260513-115500
2026-05-13T13:02:01Z,11.2865167963921,0.112865167963921,83179,run-20260513-125500
2026-05-13T14:03:01Z,10.6594127866946,0.106594127866946,94134,run-20260513-135500
2026-05-13T15:03:38Z,10.8264823223566,0.108264823223566,101945,run-20260513-145500
2026-05-13T16:04:14Z,10.7289281642408,0.107289281642408,108491,run-20260513-155500
2026-05-13T17:04:22Z,10.8796664728619,0.108796664728619,110381,run-20260513-165500
2026-05-13T18:04:18Z,11.5251554192708,0.115251554192708,109701,run-20260513-175500
2026-05-13T19:04:18Z,12.0852626163852,0.120852626163852,109530,run-20260513-185500
2026-05-13T20:04:18Z,11.712918063531,0.11712918063531,109389,run-20260513-195500
2026-05-13T21:04:18Z,11.2488156597285,0.112488156597285,109609,run-20260513-205500
2026-05-13T22:04:13Z,10.3822045987335,0.103822045987335,108300,run-20260513-215500
2026-05-13T23:03:30Z,10.0758558471233,0.100758558471233,100149,run-20260513-225500
2026-05-14T00:03:07Z,10.5204538068957,0.105204538068957,95528,run-20260513-235500
2026-05-14T01:03:16Z,10.9022458751643,0.109022458751643,97726,run-20260514-005500
2026-05-14T02:03:00Z,10.7917000587599,0.107917000587599,94403,run-20260514-015500
2026-05-14T03:02:24Z,10.6018775588713,0.106018775588713,87060,run-20260514-025500
2026-05-14T04:01:14Z,10.1426545430012,0.101426545430012,73149,run-20260514-035500
2026-05-14T04:59:42Z,10.8700025403558,0.108700025403558,55055,run-20260514-045500
2026-05-14T05:59:17Z,11.8710447470012,0.118710447470012,48163,run-20260514-055500
2026-05-14T06:59:05Z,12.1101373487516,0.121101373487516,47577,run-20260514-065500
2026-05-14T07:58:50Z,14.831889035776,0.14831889035776,45035,run-20260514-075500
2026-05-14T08:58:47Z,15.2621264520766,0.152621264520766,44899,run-20260514-085500
2026-05-14T09:58:51Z,13.5200395009709,0.135200395009709,45600,run-20260514-095500
2026-05-14T10:59:26Z,12.6292855142601,0.126292855142601,52524,run-20260514-105500
2026-05-14T12:00:31Z,12.4111003873615,0.124111003873615,65514,run-20260514-115500
2026-05-14T13:02:08Z,12.0218430408085,0.120218430408085,84739,run-20260514-125500
2026-05-14T14:02:52Z,12.2539922288352,0.122539922288352,92872,run-20260514-135500
2026-05-14T15:03:44Z,11.5356173370214,0.115356173370214,103083,run-20260514-145500
2026-05-14T16:04:06Z,11.073781719682,0.11073781719682,107081,run-20260514-155500
2026-05-14T17:04:26Z,10.8783411509843,0.108783411509843,111025,run-20260514-165500
2026-05-14T18:04:35Z,10.3618296126441,0.103618296126441,112440,run-20260514-175500
2026-05-14T19:04:14Z,11.1880959313308,0.111880959313308,108578,run-20260514-185500
2026-05-14T20:04:08Z,11.1579035976696,0.111579035976696,107272,run-20260514-195500
2026-05-14T21:04:00Z,11.0975026627689,0.110975026627689,105947,run-20260514-205500
2026-05-14T22:03:48Z,10.8389164321663,0.108389164321663,103442,run-20260514-215500
2026-05-14T23:03:12Z,10.161779889137,0.10161779889137,96782,run-20260514-225500
2026-05-15T00:03:04Z,10.1040303403004,0.101040303403004,95237,run-20260514-235500
2026-05-15T01:02:52Z,9.68688217551202,0.0968688217551202,93135,run-20260515-005500
2026-05-15T02:02:39Z,9.30275111906169,0.0930275111906169,90589,run-20260515-015500
2026-05-15T03:01:49Z,10.2310408732925,0.102310408732925,80394,run-20260515-025500
2026-05-15T04:00:54Z,10.8774781680854,0.108774781680854,69085,run-20260515-035500
2026-05-15T04:59:58Z,12.0227653058558,0.120227653058558,57937,run-20260515-045500
2026-05-15T05:59:16Z,12.9763263355517,0.129763263355517,49746,run-20260515-055500
2026-05-15T06:59:01Z,12.5046190330741,0.125046190330741,47156,run-20260515-065500
2026-05-15T07:58:47Z,12.8256520420824,0.128256520420824,44307,run-20260515-075500
2026-05-15T08:58:44Z,12.5592221190038,0.125592221190038,44063,run-20260515-085500
2026-05-15T09:58:47Z,12.3281582731378,0.123281582731378,44635,run-20260515-095500
2026-05-15T10:59:30Z,13.6197277233716,0.136197277233716,53320,run-20260515-105500
2026-05-15T12:00:35Z,11.4517902416138,0.114517902416138,65914,run-20260515-115500
2026-05-15T13:01:51Z,12.0215575729902,0.120215575729902,81038,run-20260515-125500
2026-05-15T14:02:57Z,11.9864452996242,0.119864452996242,93750,run-20260515-135500
2026-05-15T15:04:07Z,11.1832145358421,0.111832145358421,104934,run-20260515-145500
2026-05-15T16:04:14Z,10.9288079041558,0.109288079041558,108512,run-20260515-155500
2026-05-15T17:04:25Z,11.4928055446425,0.114928055446425,110843,run-20260515-165500
2026-05-15T18:04:11Z,11.3489990246608,0.113489990246608,108444,run-20260515-175500
2026-05-15T19:03:56Z,11.637865641541,0.11637865641541,105352,run-20260515-185500
2026-05-15T20:04:03Z,11.778907342934,0.11778907342934,105953,run-20260515-195500
2026-05-15T21:04:02Z,10.9192168310447,0.109192168310447,106025,run-20260515-205500
2026-05-15T22:03:52Z,9.90255912401372,0.0990255912401372,104174,run-20260515-215500
2026-05-15T23:03:32Z,9.89560505671567,0.0989560505671567,100172,run-20260515-225500
2026-05-16T00:03:03Z,9.83127513634942,0.0983127513634942,94858,run-20260515-235500
2026-05-16T01:02:43Z,10.0997322411741,0.100997322411741,91126,run-20260516-005500
2026-05-16T02:02:34Z,10.1921473380699,0.101921473380699,89264,run-20260516-015500
2026-05-16T03:01:59Z,10.8870830762899,0.108870830762899,82276,run-20260516-025500
2026-05-16T04:01:03Z,10.2811596491475,0.102811596491475,70674,run-20260516-035500
2026-05-16T05:00:06Z,10.8983575106883,0.108983575106883,59661,run-20260516-045500
2026-05-16T05:59:15Z,10.5010281881429,0.105010281881429,49135,run-20260516-055500
2026-05-16T06:58:40Z,11.5994719904318,0.115994719904318,42765,run-20260516-065500
2026-05-16T07:58:36Z,11.9993740837554,0.119993740837554,42164,run-20260516-075500
2026-05-16T08:58:33Z,12.0773817803655,0.120773817803655,41762,run-20260516-085500
2026-05-16T09:58:38Z,11.9747095366898,0.119747095366898,42570,run-20260516-095500
2026-05-16T10:58:59Z,12.2822395974725,0.122822395974725,47258,run-20260516-105500
2026-05-16T11:59:46Z,12.4555969303282,0.124555969303282,56627,run-20260516-115500
2026-05-16T13:00:54Z,11.7762667265903,0.117762667265903,69817,run-20260516-125500
2026-05-16T14:02:00Z,11.8128384894581,0.118128384894581,82486,run-20260516-135500
2026-05-16T15:02:40Z,12.2656108340241,0.122656108340241,90301,run-20260516-145500
2026-05-16T16:03:06Z,12.0400401045459,0.120400401045459,95157,run-20260516-155500
2026-05-16T17:03:08Z,12.4136345735847,0.124136345735847,95507,run-20260516-165500
2026-05-16T18:03:12Z,12.1529596791335,0.121529596791335,96368,run-20260516-175500
2026-05-16T19:03:02Z,12.0472407970244,0.120472407970244,94222,run-20260516-185500
2026-05-16T20:03:08Z,11.5679294021485,0.115679294021485,95660,run-20260516-195500
2026-05-16T21:03:19Z,11.7824426820113,0.117824426820113,97807,run-20260516-205500
2026-05-16T22:02:57Z,11.4517172953661,0.114517172953661,93360,run-20260516-215500
2026-05-16T23:02:31Z,11.0396524770075,0.110396524770075,88160,run-20260516-225500
2026-05-17T00:02:30Z,11.0467862447301,0.110467862447301,88339,run-20260516-235500
2026-05-17T01:02:18Z,10.8715269448811,0.108715269448811,86475,run-20260517-005500
2026-05-17T02:01:59Z,10.6834745561979,0.106834745561979,82389,run-20260517-015500
2026-05-17T03:01:35Z,10.8239866081267,0.108239866081267,77733,run-20260517-025500
2026-05-17T04:00:40Z,10.715824161801,0.10715824161801,66571,run-20260517-035500
2026-05-17T04:59:49Z,10.6330861746461,0.106330861746461,56582,run-20260517-045500
2026-05-17T05:58:52Z,11.3115539442261,0.113115539442261,45277,run-20260517-055500
2026-05-17T06:58:40Z,11.1954906319396,0.111954906319396,42645,run-20260517-065500
2026-05-17T07:58:21Z,12.5318302528515,0.125318302528515,39422,run-20260517-075500
2026-05-17T08:58:18Z,12.2181820321281,0.122181820321281,38619,run-20260517-085500
2026-05-17T09:58:19Z,12.2701007865189,0.122701007865189,38933,run-20260517-095500
2026-05-17T10:58:36Z,11.8968633201223,0.118968633201223,42628,run-20260517-105500
2026-05-17T11:59:24Z,12.6604792510085,0.126604792510085,52072,run-20260517-115500
2026-05-17T13:00:29Z,11.9924604582582,0.119924604582582,64773,run-20260517-125500
2026-05-17T14:01:29Z,11.9980901239685,0.119980901239685,76499,run-20260517-135500
2026-05-17T15:02:23Z,11.4372638468537,0.114372638468537,87118,run-20260517-145500
2026-05-17T16:03:01Z,10.912198566157,0.10912198566157,94222,run-20260517-155500
2026-05-17T17:03:22Z,11.2329309036493,0.112329309036493,98956,run-20260517-165500
2026-05-17T18:03:21Z,11.4023018490191,0.114023018490191,98865,run-20260517-175500
2026-05-17T19:03:09Z,11.4281787947717,0.114281787947717,96277,run-20260517-185500
2026-05-17T20:03:08Z,11.0815065842383,0.110815065842383,95856,run-20260517-195500
2026-05-17T21:03:05Z,11.3429381806667,0.113429381806667,95169,run-20260517-205500
2026-05-17T22:02:54Z,11.1861544229078,0.111861544229078,92796,run-20260517-215500
2026-05-17T23:02:24Z,11.1710886111166,0.111710886111166,86903,run-20260517-225500
2026-05-18T00:02:07Z,11.312088918342,0.11312088918342,83672,run-20260517-235500
2026-05-18T01:02:10Z,10.624350830217,0.10624350830217,84496,run-20260518-005500
2026-05-18T02:01:55Z,10.5921476130917,0.105921476130917,81391,run-20260518-015500
2026-05-18T03:01:28Z,10.9898173660347,0.109898173660347,75554,run-20260518-025500
2026-05-18T04:00:23Z,11.1159200434353,0.111159200434353,63126,run-20260518-035500
2026-05-18T04:59:36Z,10.6530780027912,0.106530780027912,53767,run-20260518-045500
2026-05-18T05:59:01Z,11.0006906464876,0.110006906464876,46787,run-20260518-055500
2026-05-18T06:58:52Z,10.979969181614,0.10979969181614,45373,run-20260518-065500
2026-05-18T07:58:44Z,11.7180656594439,0.117180656594439,44087,run-20260518-075500
2026-05-18T08:58:25Z,11.8373839624816,0.118373839624816,40415,run-20260518-085500
2026-05-18T09:58:33Z,11.7361590574651,0.117361590574651,41926,run-20260518-095500
2026-05-18T10:59:03Z,12.3259135267619,0.123259135267619,47794,run-20260518-105500
2026-05-18T12:00:07Z,11.589088249063,0.11589088249063,60844,run-20260518-115500
2026-05-18T13:01:23Z,11.7543124293216,0.117543124293216,75910,run-20260518-125500
2026-05-18T14:02:22Z,11.1045493836812,0.111045493836812,87598,run-20260518-135500
2026-05-18T15:03:10Z,11.214529402499,0.11214529402499,96601,run-20260518-145500
2026-05-18T16:03:53Z,10.8372880479802,0.108372880479802,105144,run-20260518-155500
2026-05-18T17:04:20Z,9.64974519449168,0.0964974519449168,110072,run-20260518-165500
2026-05-18T18:04:07Z,9.72433453676132,0.0972433453676132,107753,run-20260518-175500
2026-05-18T19:04:11Z,9.6363158732776,0.096363158732776,108144,run-20260518-185500
2026-05-18T20:04:11Z,9.67960640003372,0.0967960640003372,108315,run-20260518-195500
2026-05-18T21:04:14Z,9.24173751705112,0.0924173751705112,108900,run-20260518-205500
2026-05-18T22:04:08Z,9.5690336013038,0.095690336013038,107783,run-20260518-215500
2026-05-19T00:57:59Z,6.86143150141944,0.0686143150141944,31333,run-20260519-005500
2026-05-19T02:04:40Z,11.3630229684615,0.113630229684615,114301,run-20260519-015500
2026-05-19T03:03:11Z,12.2797538980668,0.122797538980668,97048,run-20260519-025500
2026-05-19T04:02:10Z,11.5345226033537,0.115345226033537,84764,run-20260519-035500
2026-05-19T05:00:13Z,9.94502700154846,0.0994502700154846,61115,run-20260519-045500
2026-05-19T05:59:19Z,9.95702424682475,0.0995702424682475,49321,run-20260519-055500
2026-05-19T06:59:08Z,9.95637680222718,0.0995637680222718,47968,run-20260519-065500
2026-05-19T07:58:53Z,10.1733828855124,0.101733828855124,45510,run-20260519-075500
2026-05-19T08:58:37Z,11.0310096554416,0.110310096554416,42315,run-20260519-085500
2026-05-19T09:58:40Z,11.0940739774482,0.110940739774482,43163,run-20260519-095500
2026-05-19T10:59:24Z,11.7604394646057,0.117604394646057,51556,run-20260519-105500
2026-05-19T12:00:28Z,11.4660608859462,0.114660608859462,64790,run-20260519-115500
2026-05-19T13:01:47Z,11.8965051194171,0.118965051194171,80677,run-20260519-125500
2026-05-19T14:02:52Z,11.9882105495633,0.119882105495633,93039,run-20260519-135500
2026-05-19T15:03:46Z,11.0059164692321,0.110059164692321,104068,run-20260519-145500
2026-05-19T16:04:12Z,10.2787424769349,0.102787424769349,108807,run-20260519-155500
2026-05-19T17:04:32Z,10.0638444139225,0.100638444139225,111854,run-20260519-165500
2026-05-19T18:04:23Z,10.790223838351,0.10790223838351,110358,run-20260519-175500
2026-05-19T19:04:47Z,9.64698631810443,0.0964698631810443,114998,run-20260519-185500
2026-05-19T20:04:50Z,10.0263136430228,0.100263136430228,115858,run-20260519-195500
2026-05-19T21:05:24Z,10.6926365971509,0.106926365971509,122518,run-20260519-205500
2026-05-19T22:04:49Z,9.85410178225184,0.0985410178225184,115425,run-20260519-215500
2026-05-19T23:03:58Z,10.488857740958,0.10488857740958,105298,run-20260519-225500
2026-05-20T00:03:32Z,10.2647380180297,0.102647380180297,100053,run-20260519-235500
2026-05-20T01:03:33Z,9.63656921917652,0.0963656921917652,101307,run-20260520-005500
2026-05-20T02:03:13Z,9.45408382473813,0.0945408382473813,98211,run-20260520-015500
2026-05-20T03:02:56Z,8.31451502802442,0.0831451502802442,95249,run-20260520-025500
2026-05-20T04:01:46Z,8.41403175947228,0.0841403175947228,79269,run-20260520-035500
2026-05-20T05:00:25Z,10.2190514969225,0.102190514969225,62837,run-20260520-045500
2026-05-20T05:59:26Z,10.9694663321102,0.109694663321102,51602,run-20260520-055500
2026-05-20T06:59:12Z,10.6295182431536,0.106295182431536,49146,run-20260520-065500
2026-05-20T07:58:55Z,11.4762186636019,0.114762186636019,46201,run-20260520-075500
2026-05-20T08:58:45Z,10.6945604956315,0.106945604956315,44290,run-20260520-085500
2026-05-20T09:58:42Z,11.5556634825484,0.115556634825484,43551,run-20260520-095500
2026-05-20T10:59:25Z,11.5277820209998,0.115277820209998,52175,run-20260520-105500
2026-05-20T12:00:42Z,11.2815937092377,0.112815937092377,65846,run-20260520-115500
2026-05-20T13:02:01Z,11.3492583987913,0.113492583987913,83229,run-20260520-125500
2026-05-20T14:03:09Z,10.5764228799938,0.105764228799938,96480,run-20260520-135500
2026-05-20T15:04:02Z,10.5636518637247,0.105636518637247,106782,run-20260520-145500
2026-05-20T16:04:29Z,11.2506708993048,0.112506708993048,111877,run-20260520-155500
2026-05-20T17:04:58Z,12.5183409140212,0.125183409140212,117562,run-20260520-165500
2026-05-20T18:04:39Z,11.4170727145872,0.114170727145872,113553,run-20260520-175500
2026-05-20T19:04:25Z,10.7418050327087,0.107418050327087,110452,run-20260520-185500
2026-05-20T20:04:29Z,10.9341084758253,0.109341084758253,111435,run-20260520-195500
2026-05-20T21:04:24Z,10.8135371096042,0.108135371096042,110400,run-20260520-205500
2026-05-20T22:03:57Z,10.6372390636358,0.106372390636358,104243,run-20260520-215500
2026-05-20T23:03:24Z,10.2019299775209,0.102019299775209,98155,run-20260520-225500
2026-05-21T00:03:02Z,10.5127920600139,0.105127920600139,94058,run-20260520-235500
2026-05-21T01:03:10Z,10.1203390304064,0.101203390304064,96241,run-20260521-005500
2026-05-21T02:03:26Z,9.8562846559492,0.098562846559492,99308,run-20260521-015500
2026-05-21T03:03:01Z,10.2179384269963,0.102179384269963,94382,run-20260521-025500
2026-05-21T04:01:31Z,11.6639361982071,0.116639361982071,76494,run-20260521-035500
2026-05-21T05:00:07Z,12.9858399695583,0.129858399695583,59520,run-20260521-045500
2026-05-21T05:59:20Z,11.9996943176841,0.119996943176841,50448,run-20260521-055500
2026-05-21T06:59:10Z,11.4965385512409,0.114965385512409,48794,run-20260521-065500
2026-05-21T07:58:52Z,10.4087761714248,0.104087761714248,45621,run-20260521-075500
2026-05-21T08:58:50Z,11.1148559454397,0.111148559454397,45492,run-20260521-085500
2026-05-21T09:59:09Z,10.4878739328057,0.104878739328057,49259,run-20260521-095500
2026-05-21T10:59:22Z,11.1887378309049,0.111887378309049,51505,run-20260521-105500
2026-05-21T12:00:25Z,11.5683362347375,0.115683362347375,64128,run-20260521-115500
2026-05-21T13:01:39Z,11.7355385841645,0.117355385841645,79005,run-20260521-125500
2026-05-21T14:02:51Z,11.6154556507375,0.116154556507375,92654,run-20260521-135500
2026-05-21T15:03:32Z,11.2442077728112,0.112442077728112,101008,run-20260521-145500
2026-05-21T16:04:19Z,10.9797611582418,0.109797611582418,109794,run-20260521-155500
2026-05-21T17:04:50Z,11.2546916125896,0.112546916125896,115983,run-20260521-165500
2026-05-21T18:04:50Z,11.1005073158076,0.111005073158076,115850,run-20260521-175500
2026-05-21T19:04:35Z,10.7000572303058,0.107000572303058,112883,run-20260521-185500
2026-05-21T20:04:19Z,10.425947964835,0.10425947964835,109616,run-20260521-195500
2026-05-21T21:04:20Z,10.5750158899128,0.105750158899128,109320,run-20260521-205500
2026-05-21T22:03:52Z,10.3042053761441,0.103042053761441,104161,run-20260521-215500
2026-05-21T23:03:30Z,10.4040674122414,0.104040674122414,99616,run-20260521-225500
2026-05-22T00:03:10Z,11.3326061238763,0.113326061238763,95881,run-20260521-235500
2026-05-22T01:02:47Z,10.9139840584374,0.109139840584374,91993,run-20260522-005500
2026-05-22T02:02:13Z,10.0547148699301,0.100547148699301,84949,run-20260522-015500
2026-05-22T03:01:55Z,10.8968430775373,0.108968430775373,80889,run-20260522-025500
2026-05-22T04:00:58Z,10.3097099330668,0.103097099330668,69674,run-20260522-035500
2026-05-22T05:00:08Z,10.5668809664285,0.105668809664285,59829,run-20260522-045500
2026-05-22T05:59:27Z,10.8272540597262,0.108272540597262,51833,run-20260522-055500
2026-05-22T06:59:15Z,10.9284590917762,0.109284590917762,49818,run-20260522-065500
2026-05-22T07:58:57Z,11.4715210695354,0.114715210695354,46546,run-20260522-075500
2026-05-22T08:58:48Z,11.5185793329465,0.115185793329465,44912,run-20260522-085500
2026-05-22T10:00:13Z,12.7822538733947,0.127822538733947,47534,run-20260522-095500
2026-05-22T10:59:29Z,12.4049218287025,0.124049218287025,53179,run-20260522-105500
2026-05-22T12:00:26Z,13.4567554514979,0.134567554514979,64424,run-20260522-115500
2026-05-22T13:01:43Z,12.1336610243365,0.121336610243365,79355,run-20260522-125500
2026-05-22T14:03:25Z,12.4434386710509,0.124434386710509,92601,run-20260522-135500
2026-05-22T15:03:39Z,11.8653534474624,0.118653534474624,102056,run-20260522-145500
2026-05-22T16:04:11Z,12.1046516272992,0.121046516272992,108234,run-20260522-155500
2026-05-22T17:04:24Z,11.9237245876488,0.119237245876488,110592,run-20260522-165500
2026-05-22T18:04:43Z,11.0660177031468,0.110660177031468,114235,run-20260522-175500
2026-05-22T19:04:36Z,11.3549281215021,0.113549281215021,112588,run-20260522-185500
2026-05-22T20:04:15Z,11.6386436768497,0.116386436768497,108489,run-20260522-195500
2026-05-22T21:04:00Z,10.9862005823817,0.109862005823817,105488,run-20260522-205500
2026-05-22T22:03:36Z,10.9115139006537,0.109115139006537,100635,run-20260522-215500
2026-05-22T23:03:10Z,10.9162578163261,0.109162578163261,95659,run-20260522-225500
2026-05-23T00:02:46Z,11.0605580009421,0.110605580009421,91011,run-20260522-235500
2026-05-23T01:02:23Z,11.0913118772745,0.110913118772745,87004,run-20260523-005500
2026-05-23T02:02:03Z,10.9016011633835,0.109016011633835,82576,run-20260523-015500
2026-05-23T03:01:37Z,10.498551174076,0.10498551174076,77706,run-20260523-025500
2026-05-23T04:00:52Z,10.9399571516687,0.109399571516687,68478,run-20260523-035500
2026-05-23T05:00:03Z,11.3484105780652,0.113484105780652,58703,run-20260523-045500
2026-05-23T05:59:18Z,10.7930724518978,0.107930724518978,49968,run-20260523-055500
2026-05-23T06:58:49Z,11.8645844681279,0.118645844681279,44367,run-20260523-065500
2026-05-23T07:58:38Z,11.7597197796416,0.117597197796416,42762,run-20260523-075500
2026-05-23T08:58:32Z,12.5269192358148,0.125269192358148,41644,run-20260523-085500
2026-05-23T09:58:28Z,13.198132280464,0.13198132280464,40804,run-20260523-095500
2026-05-23T10:58:51Z,13.2789660953529,0.132789660953529,45378,run-20260523-105500
2026-05-23T11:59:35Z,13.5582903140098,0.135582903140098,54185,run-20260523-115500
2026-05-23T13:00:27Z,12.7189220512013,0.127189220512013,64178,run-20260523-125500
2026-05-23T14:01:31Z,12.2906463120603,0.122906463120603,76646,run-20260523-135500
2026-05-23T15:02:32Z,11.9181890101148,0.119181890101148,88792,run-20260523-145500
2026-05-23T16:03:04Z,11.5388866532175,0.115388866532175,94844,run-20260523-155500
2026-05-23T17:03:09Z,11.9808974285878,0.119808974285878,95790,run-20260523-165500
2026-05-23T18:03:12Z,12.2214305491857,0.122214305491857,96228,run-20260523-175500
2026-05-23T19:02:57Z,11.9603633029768,0.119603633029768,93047,run-20260523-185500
2026-05-23T20:02:45Z,12.057534947251,0.120575349472511,90579,run-20260523-195500
2026-05-23T21:02:39Z,11.8575475559735,0.118575475559735,89614,run-20260523-205500
2026-05-23T22:02:39Z,11.9170727438648,0.119170727438648,89610,run-20260523-215500
2026-05-23T23:02:26Z,11.5744450669344,0.115744450669344,86955,run-20260523-225500
2026-05-24T00:02:28Z,10.4817051107238,0.104817051107238,87887,run-20260523-235500
2026-05-24T01:02:09Z,10.4451332360801,0.104451332360801,84916,run-20260524-005500
2026-05-24T02:01:48Z,11.2463340528855,0.112463340528855,80109,run-20260524-015500
2026-05-24T03:01:27Z,11.4562941053518,0.114562941053518,75919,run-20260524-025500
2026-05-24T04:00:29Z,11.7651711022565,0.117651711022565,64434,run-20260524-035500
2026-05-24T04:59:41Z,11.8486260113432,0.118486260113432,54519,run-20260524-045500
2026-05-24T05:59:10Z,11.429968346817,0.11429968346817,48600,run-20260524-055500
2026-05-24T06:58:43Z,11.0787988621269,0.110787988621269,43679,run-20260524-065500
2026-05-24T07:58:32Z,12.6935325708422,0.126935325708422,41490,run-20260524-075500
2026-05-24T08:58:31Z,12.8038371873132,0.128038371873132,41571,run-20260524-085500
2026-05-24T09:58:31Z,12.4088946770512,0.124088946770512,41480,run-20260524-095500
2026-05-24T10:58:53Z,12.9170380881387,0.129170380881387,45891,run-20260524-105500
2026-05-24T11:59:39Z,13.8094439407589,0.138094439407589,55342,run-20260524-115500
2026-05-24T13:00:44Z,13.3050181365609,0.133050181365609,68452,run-20260524-125500
2026-05-24T14:01:35Z,13.167345146504,0.13167345146504,78168,run-20260524-135500
2026-05-24T15:02:49Z,10.859357465163,0.10859357465163,92523,run-20260524-145500
2026-05-24T16:03:33Z,11.1874123736901,0.111874123736901,101159,run-20260524-155500
2026-05-24T17:03:48Z,11.4083236148771,0.114083236148771,104192,run-20260524-165500
2026-05-24T18:03:58Z,11.0761756805945,0.110761756805945,106196,run-20260524-175500
2026-05-24T19:03:23Z,12.3215418508801,0.123215418508801,98626,run-20260524-185500
2026-05-24T20:03:10Z,12.0000070802213,0.120000070802213,96125,run-20260524-195500
2026-05-24T21:03:19Z,11.7783044609828,0.117783044609828,98270,run-20260524-205500
2026-05-24T22:02:57Z,11.9877681759629,0.119877681759628,93677,run-20260524-215500
2026-05-24T23:02:24Z,12.1547356997731,0.121547356997731,87416,run-20260524-225500
2026-05-25T00:02:31Z,12.1295381328667,0.121295381328667,88521,run-20260524-235500
2026-05-25T01:02:20Z,11.8100789354092,0.118100789354092,87184,run-20260525-005500
2026-05-25T02:02:15Z,11.6205521366773,0.116205521366773,85346,run-20260525-015500
2026-05-25T03:01:36Z,12.201177593903,0.12201177593903,77679,run-20260525-025500
2026-05-25T04:01:08Z,11.5782341969798,0.115782341969798,72412,run-20260525-035500
2026-05-25T05:00:03Z,12.0195728162398,0.120195728162398,59088,run-20260525-045500
2026-05-25T05:59:03Z,11.8447698088406,0.118447698088406,47407,run-20260525-055500
2026-05-25T06:58:58Z,11.5250873222534,0.115250873222534,46476,run-20260525-065500
2026-05-25T07:58:46Z,12.7417599231669,0.127417599231669,44478,run-20260525-075500
2026-05-25T08:58:34Z,12.6008726908144,0.126008726908144,42294,run-20260525-085500
2026-05-25T09:58:43Z,12.7801609048453,0.127801609048453,43943,run-20260525-095500
2026-05-25T10:59:06Z,12.5921387538776,0.125921387538776,48569,run-20260525-105500
2026-05-25T11:59:53Z,12.7813872796947,0.127813872796947,58018,run-20260525-115500
2026-05-25T13:00:56Z,13.1716068060647,0.131716068060647,70359,run-20260525-125500
2026-05-25T14:02:02Z,12.7463927384231,0.127463927384231,83401,run-20260525-135500
2026-05-25T15:02:40Z,12.6637757537216,0.126637757537216,90783,run-20260525-145500
2026-05-25T16:03:11Z,12.1959951749563,0.121959951749563,96726,run-20260525-155500
2026-05-25T17:03:36Z,11.8506847609317,0.118506847609317,101375,run-20260525-165500
2026-05-25T18:03:35Z,11.877557348176,0.11877557348176,101096,run-20260525-175500
2026-05-25T19:03:28Z,11.9733299803672,0.119733299803672,99088,run-20260525-185500
2026-05-25T20:03:16Z,12.3092059270435,0.123092059270435,96768,run-20260525-195500
2026-05-25T21:03:21Z,12.5960542657258,0.125960542657258,98349,run-20260525-205500
2026-05-25T22:03:08Z,12.7557137325554,0.127557137325554,95191,run-20260525-215500
2026-05-25T23:02:38Z,12.0719176557282,0.120719176557282,89702,run-20260525-225500
2026-05-26T00:02:23Z,13.2127064301784,0.132127064301784,86817,run-20260525-235500
2026-05-26T01:02:33Z,11.8568320812964,0.118568320812964,89155,run-20260526-005500
2026-05-26T02:02:25Z,12.5167372232182,0.125167372232182,87552,run-20260526-015500
2026-05-26T03:01:54Z,11.6665376307789,0.116665376307789,80995,run-20260526-025500
2026-05-26T04:00:45Z,11.6784674649772,0.116784674649772,67417,run-20260526-035500
2026-05-26T04:59:41Z,12.2096448406322,0.122096448406322,54792,run-20260526-045500
2026-05-26T05:58:57Z,12.1745585746139,0.121745585746139,45950,run-20260526-055500
2026-05-26T06:58:49Z,11.3996274141817,0.113996274141817,44676,run-20260526-065500
2026-05-26T07:58:39Z,11.6756318216982,0.116756318216982,42971,run-20260526-075500
2026-05-26T08:58:35Z,11.8066081404634,0.118066081404634,42501,run-20260526-085500
2026-05-26T09:58:47Z,13.0777156704029,0.130777156704029,44916,run-20260526-095500
2026-05-26T10:59:18Z,12.8459950892388,0.128459950892388,50799,run-20260526-105500
2026-05-26T12:00:27Z,14.22020121453,0.1422020121453,64601,run-20260526-115500
2026-05-26T13:01:32Z,12.8741074966903,0.128741074966903,77945,run-20260526-125500
2026-05-26T14:02:33Z,12.3455493946039,0.123455493946039,89747,run-20260526-135500
2026-05-26T15:03:19Z,11.7440880192421,0.117440880192421,98582,run-20260526-145500
2026-05-26T16:03:33Z,11.5581510322558,0.115581510322558,101081,run-20260526-155500
2026-05-26T17:03:51Z,11.074092935782,0.11074092935782,104375,run-20260526-165500
2026-05-26T18:03:58Z,10.9523972697166,0.109523972697166,105952,run-20260526-175500
2026-05-26T19:04:05Z,11.5642637403175,0.115642637403175,106897,run-20260526-185500
2026-05-26T20:04:03Z,11.4910633721536,0.114910633721536,106402,run-20260526-195500
2026-05-26T21:03:53Z,11.1115616980044,0.111115616980044,104656,run-20260526-205500
2026-05-26T22:03:41Z,10.1926343519583,0.101926343519583,102006,run-20260526-215500
2026-05-26T23:03:12Z,10.2334864002445,0.102334864002445,96304,run-20260526-225500
2026-05-27T00:02:52Z,10.4941630287521,0.104941630287521,92711,run-20260526-235500
2026-05-27T01:02:53Z,10.2102600492326,0.102102600492326,93329,run-20260527-005500
2026-05-27T02:02:51Z,10.7150683493847,0.107150683493847,92656,run-20260527-015500
2026-05-27T03:02:17Z,11.0125261937547,0.110125261937547,86019,run-20260527-025500
2026-05-27T04:01:16Z,10.8263125744164,0.108263125744164,73513,run-20260527-035500
2026-05-27T05:00:30Z,11.6455114206042,0.116455114206042,60611,run-20260527-045500
2026-05-27T05:59:18Z,10.7700286687853,0.107700286687853,49837,run-20260527-055500
2026-05-27T06:59:08Z,11.7436871262036,0.117436871262036,48500,run-20260527-065500
2026-05-27T07:58:49Z,11.6885435817484,0.116885435817484,44809,run-20260527-075500
2026-05-27T08:58:49Z,10.7020610082304,0.107020610082304,45199,run-20260527-085500
2026-05-27T09:58:55Z,11.4610961468492,0.114610961468492,46384,run-20260527-095500
2026-05-27T10:59:25Z,11.2512700541405,0.112512700541405,52356,run-20260527-105500
2026-05-27T12:00:22Z,11.6045038793511,0.116045038793511,63478,run-20260527-115500
2026-05-27T13:01:44Z,11.4259651635897,0.114259651635897,79551,run-20260527-125500
2026-05-27T14:02:58Z,11.6150280235263,0.116150280235263,94418,run-20260527-135500
2026-05-27T15:03:39Z,11.422944944629,0.11422944944629,102192,run-20260527-145500
2026-05-27T16:04:17Z,10.6868039243003,0.106868039243003,109761,run-20260527-155500
2026-05-27T17:04:45Z,9.95523545746368,0.0995523545746368,114943,run-20260527-165500
2026-05-27T18:04:42Z,10.0147602831943,0.100147602831943,114234,run-20260527-175500
2026-05-27T19:04:26Z,10.4360165802964,0.104360165802964,111303,run-20260527-185500
2026-05-27T20:04:13Z,10.206318781641,0.10206318781641,108628,run-20260527-195500
2026-05-27T21:04:13Z,9.95844794071313,0.0995844794071313,108593,run-20260527-205500
2026-05-27T22:04:04Z,10.6232587753826,0.106232587753826,106517,run-20260527-215500
2026-05-27T23:03:29Z,11.0130299067882,0.110130299067882,100038,run-20260527-225500
2026-05-28T00:03:13Z,10.8193380258214,0.108193380258214,96780,run-20260527-235500
2026-05-28T01:03:18Z,9.77842283534291,0.0977842283534291,98322,run-20260528-005500
2026-05-28T02:03:09Z,9.92888035935122,0.0992888035935122,96215,run-20260528-015500
2026-05-28T03:02:25Z,10.1090658752113,0.101090658752113,87420,run-20260528-025500
2026-05-28T04:01:15Z,10.3670921631577,0.103670921631577,73638,run-20260528-035500
2026-05-28T05:00:13Z,10.649555046824,0.10649555046824,60732,run-20260528-045500
2026-05-28T05:59:23Z,10.5720415372027,0.105720415372027,51191,run-20260528-055500
2026-05-28T06:59:05Z,10.6135684533124,0.106135684533124,47733,run-20260528-065500
2026-05-28T07:58:50Z,11.8926113140229,0.118926113140229,44969,run-20260528-075500
2026-05-28T08:58:35Z,11.6915016423463,0.116915016423463,42281,run-20260528-085500
2026-05-28T09:58:50Z,12.2071424864501,0.122071424864501,45326,run-20260528-095500
2026-05-28T10:59:27Z,12.5570370304405,0.125570370304405,52814,run-20260528-105500
2026-05-28T12:00:34Z,11.0921117895334,0.110921117895334,66082,run-20260528-115500
2026-05-28T13:01:44Z,10.7992192779654,0.107992192779654,79885,run-20260528-125500
2026-05-28T14:03:01Z,10.1113653861001,0.101113653861001,94953,run-20260528-135500
2026-05-28T15:03:51Z,10.5196626348834,0.105196626348834,104544,run-20260528-145500
2026-05-28T16:04:14Z,10.3501746296672,0.103501746296672,108794,run-20260528-155500
2026-05-28T17:04:34Z,10.3111471368696,0.103111471368696,113101,run-20260528-165500
2026-05-28T18:04:17Z,11.1213864857229,0.111213864857229,109690,run-20260528-175500
2026-05-28T19:04:28Z,11.0955469838726,0.110955469838726,111355,run-20260528-185500
2026-05-28T20:04:21Z,10.5770731795864,0.105770731795864,109755,run-20260528-195500
2026-05-28T21:04:13Z,10.3117982071252,0.103117982071252,108431,run-20260528-205500
2026-05-28T22:03:53Z,10.3300518026281,0.103300518026281,104276,run-20260528-215500
2026-05-28T23:03:21Z,10.2877486454044,0.102877486454044,98066,run-20260528-225500
2026-05-29T00:02:53Z,10.4547151087732,0.104547151087732,92310,run-20260528-235500
2026-05-29T01:02:38Z,10.6191098793132,0.106191098793132,89768,run-20260529-005500
2026-05-29T02:02:37Z,10.9257330874487,0.109257330874487,89516,run-20260529-015500
2026-05-29T03:02:12Z,10.8601242564836,0.108601242564836,84461,run-20260529-025500
2026-05-29T04:01:08Z,10.8415084014204,0.108415084014204,71797,run-20260529-035500
2026-05-29T05:00:12Z,10.272067446201,0.10272067446201,60638,run-20260529-045500
2026-05-29T05:59:17Z,11.2896807418483,0.112896807418483,49956,run-20260529-055500
2026-05-29T06:59:04Z,10.9967967349195,0.109967967349195,47456,run-20260529-065500
2026-05-29T07:58:48Z,11.7988622224479,0.117988622224479,44823,run-20260529-075500
2026-05-29T08:58:39Z,12.6436012824375,0.126436012824375,42853,run-20260529-085500
2026-05-29T09:58:49Z,12.3528739089283,0.123528739089283,44984,run-20260529-095500
2026-05-29T10:59:33Z,11.7425573788452,0.117425573788452,53689,run-20260529-105500
2026-05-29T12:00:39Z,11.7064557183151,0.117064557183151,67099,run-20260529-115500
2026-05-29T13:01:50Z,11.586437612913,0.11586437612913,80902,run-20260529-125500
2026-05-29T14:02:51Z,11.9812412800586,0.119812412800586,92802,run-20260529-135500
2026-05-29T15:03:55Z,10.6312497787114,0.106312497787114,105179,run-20260529-145500
2026-05-29T16:04:35Z,10.624774435306,0.10624774435306,113012,run-20260529-155500
2026-05-29T17:04:56Z,12.996234674188,0.12996234674188,117166,run-20260529-165500
2026-05-29T18:04:50Z,13.9156922156288,0.139156922156288,115970,run-20260529-175500
2026-05-29T19:04:25Z,11.3935337425258,0.113935337425258,110358,run-20260529-185500
2026-05-29T20:04:31Z,10.8824634156033,0.108824634156033,111567,run-20260529-195500
2026-05-29T21:04:03Z,11.5053259968116,0.115053259968116,105889,run-20260529-205500
2026-05-29T22:03:41Z,11.5536720772899,0.115536720772899,101857,run-20260529-215500
2026-05-29T23:03:15Z,11.0289265438141,0.110289265438141,97045,run-20260529-225500
2026-05-30T00:02:33Z,11.7936896486096,0.117936896486096,88462,run-20260529-235500
2026-05-30T01:02:31Z,11.5207176632141,0.115207176632141,88583,run-20260530-005500
2026-05-30T02:02:26Z,12.756576935463,0.12756576935463,87723,run-20260530-015500
2026-05-30T03:02:03Z,13.9639436947833,0.139639436947833,82875,run-20260530-025500
2026-05-30T04:01:04Z,13.0250793167375,0.130250793167375,70745,run-20260530-035500
2026-05-30T04:59:53Z,11.4557062795799,0.114557062795799,56838,run-20260530-045500
2026-05-30T05:59:13Z,11.5388934147582,0.115388934147582,49219,run-20260530-055500
2026-05-30T06:58:42Z,12.1700599934136,0.121700599934136,43132,run-20260530-065500
2026-05-30T07:58:27Z,12.7250217550383,0.127250217550383,40247,run-20260530-075500
2026-05-30T08:58:17Z,12.0155763361018,0.120155763361018,38667,run-20260530-085500
2026-05-30T09:58:22Z,13.0795186320941,0.130795186320941,39685,run-20260530-095500
2026-05-30T10:58:43Z,12.3774145440911,0.123774145440911,43996,run-20260530-105500
2026-05-30T11:59:48Z,12.2828646473278,0.122828646473278,56944,run-20260530-115500
2026-05-30T13:00:56Z,12.2145088076621,0.122145088076621,70120,run-20260530-125500
2026-05-30T14:01:49Z,12.448786454889,0.12448786454889,80595,run-20260530-135500
2026-05-30T15:02:37Z,12.5699692443638,0.125699692443638,89900,run-20260530-145500
2026-05-30T16:03:05Z,12.5015027577645,0.125015027577645,95575,run-20260530-155500
2026-05-30T17:03:37Z,11.9346552068267,0.119346552068267,101248,run-20260530-165500
2026-05-30T18:03:50Z,11.5513827469298,0.115513827469298,103713,run-20260530-175500
2026-05-30T19:03:57Z,11.0417276351559,0.110417276351559,105310,run-20260530-185500
2026-05-30T20:03:50Z,11.8578716746186,0.118578716746186,104360,run-20260530-195500
2026-05-30T21:03:08Z,12.7154559286897,0.127154559286897,95448,run-20260530-205500
2026-05-30T22:03:03Z,13.0797640325821,0.130797640325822,93984,run-20260530-215500
2026-05-30T23:02:44Z,12.3661997094817,0.123661997094817,90640,run-20260530-225500
2026-05-31T00:02:25Z,12.5797632177044,0.125797632177044,87110,run-20260530-235500
2026-05-31T01:02:14Z,11.9964600544733,0.119964600544733,85756,run-20260531-005500
2026-05-31T02:02:11Z,11.912657046481,0.11912657046481,84597,run-20260531-015500
2026-05-31T03:02:12Z,10.9259242367078,0.109259242367078,85307,run-20260531-025500
2026-05-31T04:01:00Z,12.3592116354754,0.123592116354754,70287,run-20260531-035500
2026-05-31T04:59:59Z,12.511479738851,0.12511479738851,58161,run-20260531-045500
2026-05-31T05:59:11Z,12.6150442306551,0.126150442306551,48914,run-20260531-055500
2026-05-31T06:58:43Z,13.0073626894666,0.130073626894666,43338,run-20260531-065500
2026-05-31T07:58:30Z,13.7788693451058,0.137788693451058,41115,run-20260531-075500
2026-05-31T08:58:19Z,13.5453389502625,0.135453389502625,38974,run-20260531-085500
2026-05-31T09:58:26Z,14.4927843393113,0.144927843393113,40296,run-20260531-095500
2026-05-31T10:58:40Z,13.6032763694805,0.136032763694805,42884,run-20260531-105500
2026-05-31T11:59:22Z,13.0741289192905,0.130741289192905,51796,run-20260531-115500
2026-05-31T13:00:26Z,12.4502112029099,0.124502112029099,64262,run-20260531-125500
2026-05-31T14:01:26Z,12.4151045846858,0.124151045846858,76163,run-20260531-135500
2026-05-31T15:02:27Z,11.8287891979329,0.118287891979329,88245,run-20260531-145500
2026-05-31T16:03:06Z,12.0074405841412,0.120074405841412,95560,run-20260531-155500
2026-05-31T17:03:28Z,13.8155267557792,0.138155267557792,100284,run-20260531-165500
2026-05-31T18:03:49Z,15.5506225021034,0.155506225021034,104381,run-20260531-175500
2026-05-31T19:03:56Z,15.4654499601605,0.154654499601605,105669,run-20260531-185500
2026-05-31T20:03:31Z,13.6785768390286,0.136785768390286,99998,run-20260531-195500
2026-05-31T21:03:12Z,13.0744496980414,0.130744496980414,96464,run-20260531-205500
2026-05-31T22:03:00Z,13.6183222232483,0.136183222232483,93741,run-20260531-215500
2026-05-31T23:02:31Z,13.4446560422294,0.134446560422294,88275,run-20260531-225500
2026-06-01T00:02:10Z,13.474702752372,0.13474702752372,84393,run-20260531-235500
2026-06-01T01:01:53Z,12.6128538841518,0.126128538841518,81029,run-20260601-005500
2026-06-01T02:01:47Z,13.3624520687817,0.133624520687817,79631,run-20260601-015500
2026-06-01T03:01:27Z,14.0356805485107,0.140356805485107,75845,run-20260601-025500
2026-06-01T04:00:37Z,14.4372404970867,0.144372404970867,65670,run-20260601-035500
2026-06-01T05:00:02Z,16.3745876755156,0.163745876755156,58807,run-20260601-045500
2026-06-01T05:59:22Z,15.3733008867641,0.153733008867641,51050,run-20260601-055500
2026-06-01T06:59:04Z,13.8768785095049,0.138768785095049,47620,run-20260601-065500
2026-06-01T07:58:46Z,14.297606026981,0.14297606026981,44514,run-20260601-075500
2026-06-01T08:58:35Z,14.6882609679567,0.146882609679567,42237,run-20260601-085500
2026-06-01T09:58:46Z,13.9415998163451,0.139415998163451,44524,run-20260601-095500
2026-06-01T10:59:22Z,14.4366054908466,0.144366054908466,51559,run-20260601-105500
2026-06-01T12:00:20Z,15.0677547721538,0.150677547721538,63283,run-20260601-115500
2026-06-01T13:01:43Z,15.8336926284921,0.158336926284921,79634,run-20260601-125500
2026-06-01T14:03:01Z,15.3376337560341,0.153376337560341,94927,run-20260601-135500
2026-06-01T15:03:51Z,14.4291374684613,0.144291374684613,105132,run-20260601-145500
2026-06-01T16:04:17Z,14.6657425160543,0.146657425160543,109806,run-20260601-155500
2026-06-01T17:04:42Z,14.8673652513553,0.148673652513553,114910,run-20260601-165500
2026-06-01T18:04:57Z,14.6795802175298,0.146795802175298,117944,run-20260601-175500
2026-06-01T19:04:55Z,15.1597281709171,0.151597281709171,117051,run-20260601-185500
2026-06-01T20:04:46Z,14.5628271681693,0.145628271681693,115370,run-20260601-195500
2026-06-01T21:04:33Z,13.7517376800611,0.137517376800611,112521,run-20260601-205500
2026-06-01T22:04:01Z,14.4553672097213,0.144553672097213,106467,run-20260601-215500
2026-06-01T23:03:38Z,13.7268087162044,0.137268087162044,101208,run-20260601-225500
2026-06-02T00:03:14Z,13.8406597509809,0.138406597509809,96665,run-20260601-235500
2026-06-02T01:02:47Z,14.558100325656,0.14558100325656,91916,run-20260602-005500
2026-06-02T02:02:32Z,13.8857888672869,0.138857888672869,88603,run-20260602-015500
2026-06-02T03:02:01Z,13.6080732966703,0.136080732966703,82755,run-20260602-025500
2026-06-02T04:00:58Z,13.6892598959144,0.136892598959144,69910,run-20260602-035500
2026-06-02T05:00:12Z,14.3871765787243,0.143871765787243,60634,run-20260602-045500
2026-06-02T05:59:19Z,14.088764767411,0.14088764767411,50520,run-20260602-055500
2026-06-02T06:59:23Z,15.6466712105519,0.156466712105519,51243,run-20260602-065500
2026-06-02T07:58:54Z,15.6230080094631,0.156230080094631,45669,run-20260602-075500
2026-06-02T08:58:45Z,14.6916029199451,0.146916029199451,44113,run-20260602-085500
2026-06-02T09:58:55Z,14.6323569391747,0.146323569391747,46324,run-20260602-095500
2026-06-02T10:59:26Z,12.8330412973685,0.128330412973685,52398,run-20260602-105500
2026-06-02T12:00:21Z,12.7548111485962,0.127548111485962,63444,run-20260602-115500
2026-06-02T13:01:31Z,13.0098706264732,0.130098706264732,77018,run-20260602-125500
2026-06-02T14:02:50Z,12.3885859944885,0.123885859944885,92485,run-20260602-135500
2026-06-02T15:03:43Z,11.6691908749806,0.116691908749806,102905,run-20260602-145500
2026-06-02T16:04:04Z,12.4466065125227,0.124466065125227,106811,run-20260602-155500
2026-06-02T17:04:18Z,12.3326579528464,0.123326579528464,109487,run-20260602-165500
2026-06-02T18:04:22Z,12.3723681253959,0.123723681253959,109352,run-20260602-175500
2026-06-02T19:04:23Z,11.9818875784376,0.119818875784376,109886,run-20260602-185500
2026-06-02T20:04:12Z,12.2209418739668,0.122209418739668,107606,run-20260602-195500
2026-06-02T21:04:25Z,11.4335067170851,0.114335067170851,109776,run-20260602-205500
2026-06-02T22:05:11Z,10.965129636201,0.10965129636201,120219,run-20260602-215500
2026-06-02T23:04:29Z,11.1518971614404,0.111518971614404,111303,run-20260602-225500
2026-06-03T00:03:25Z,11.3383036169438,0.113383036169438,98795,run-20260602-235500
2026-06-03T01:03:09Z,11.0589509668196,0.110589509668196,95960,run-20260603-005500
2026-06-03T02:02:45Z,11.0392949479432,0.110392949479432,91002,run-20260603-015500
2026-06-03T03:02:37Z,10.2666156320713,0.102666156320713,89435,run-20260603-025500
2026-06-03T04:01:14Z,10.7503766718965,0.107503766718965,73170,run-20260603-035500
2026-06-03T05:00:12Z,11.4437363273543,0.114437363273543,60631,run-20260603-045500
2026-06-03T05:59:30Z,11.1226502308526,0.111226502308526,52446,run-20260603-055500
2026-06-03T06:59:10Z,10.931612141352,0.10931612141352,48729,run-20260603-065500
2026-06-03T07:58:41Z,10.4804694306105,0.104804694306105,43285,run-20260603-075500
2026-06-03T08:58:36Z,10.6193183292266,0.106193183292266,42003,run-20260603-085500
2026-06-03T09:58:42Z,10.7658285451606,0.107658285451606,43737,run-20260603-095500
2026-06-03T10:59:26Z,11.0830203848589,0.110830203848589,52382,run-20260603-105500
2026-06-03T12:00:31Z,11.0636021860372,0.110636021860372,65536,run-20260603-115500
2026-06-03T13:01:37Z,11.5102412745981,0.115102412745981,78224,run-20260603-125500
2026-06-03T14:02:49Z,11.4557961529961,0.114557961529961,92370,run-20260603-135500
2026-06-03T15:03:41Z,11.3016364508608,0.113016364508608,102529,run-20260603-145500
2026-06-03T16:04:23Z,11.0808213773034,0.110808213773034,110850,run-20260603-155500
2026-06-03T17:04:28Z,11.6031386500632,0.116031386500632,111563,run-20260603-165500
2026-06-03T18:04:37Z,11.350490979536,0.11350490979536,112614,run-20260603-175500
2026-06-03T19:04:21Z,11.3109522322649,0.113109522322649,110171,run-20260603-185500
2026-06-03T20:04:11Z,10.9586360493061,0.109586360493061,108018,run-20260603-195500
2026-06-03T21:04:18Z,10.589456611009,0.10589456611009,109435,run-20260603-205500
2026-06-03T22:04:06Z,10.5830286625657,0.105830286625657,107549,run-20260603-215500
2026-06-03T23:03:37Z,10.0194489212288,0.100194489212288,101380,run-20260603-225500
2026-06-04T00:03:09Z,10.9617576998384,0.109617576998384,95104,run-20260603-235500
2026-06-04T01:03:14Z,11.6768518829074,0.116768518829074,96495,run-20260604-005500
2026-06-04T02:03:03Z,11.0730645441253,0.110730645441253,95198,run-20260604-015500
2026-06-04T03:02:07Z,11.3003184552345,0.113003184552345,83597,run-20260604-025500
2026-06-04T04:01:29Z,11.0793252552718,0.110793252552718,75685,run-20260604-035500
2026-06-04T04:59:59Z,11.5992927107668,0.115992927107668,57806,run-20260604-045500
2026-06-04T05:59:14Z,11.5268227736464,0.115268227736464,49046,run-20260604-055500
2026-06-04T06:59:05Z,11.4348631303006,0.114348631303006,47818,run-20260604-065500
2026-06-04T07:58:52Z,11.0307383203847,0.110307383203847,45210,run-20260604-075500
2026-06-04T08:58:37Z,10.1561923260402,0.101561923260402,42279,run-20260604-085500
2026-06-04T09:58:48Z,11.273507488008,0.11273507488008,44835,run-20260604-095500
2026-06-04T10:59:17Z,11.5582878859293,0.115582878859293,50649,run-20260604-105500
2026-06-04T12:00:23Z,11.1096476426637,0.111096476426637,64022,run-20260604-115500
2026-06-04T13:01:37Z,11.5552480071849,0.115552480071849,77982,run-20260604-125500
2026-06-04T14:02:46Z,11.5108189532347,0.115108189532347,92086,run-20260604-135500
2026-06-04T15:03:33Z,11.3440297317008,0.113440297317008,101111,run-20260604-145500
2026-06-04T16:04:17Z,11.2039642062595,0.112039642062595,109442,run-20260604-155500
2026-06-04T17:04:41Z,11.1236987770225,0.111236987770225,113599,run-20260604-165500
2026-06-04T18:04:39Z,11.3713809133391,0.113713809133391,113454,run-20260604-175500
2026-06-04T19:04:23Z,11.3347991903858,0.113347991903858,110137,run-20260604-185500
2026-06-04T20:04:30Z,11.3585843455086,0.113585843455086,111731,run-20260604-195500
2026-06-04T21:04:48Z,10.8220316541681,0.108220316541681,115277,run-20260604-205500
2026-06-04T22:04:32Z,9.8341566968212,0.098341566968212,112346,run-20260604-215500
2026-06-04T23:03:55Z,10.4028825718942,0.104028825718942,104968,run-20260604-225500
2026-06-05T00:03:25Z,10.2425184302122,0.102425184302122,99075,run-20260604-235500
2026-06-05T01:03:15Z,11.8686121039607,0.118686121039607,97380,run-20260605-005500
2026-06-05T02:03:34Z,15.4225751774983,0.154225751774983,101491,run-20260605-015500
2026-06-05T03:02:53Z,16.2957781197764,0.162957781197764,92933,run-20260605-025500
2026-06-05T04:01:24Z,12.6847738253155,0.126847738253155,75035,run-20260605-035500
2026-06-05T05:00:08Z,11.662325049743,0.11662325049743,59705,run-20260605-045500
2026-06-05T05:59:24Z,11.3923298952703,0.113923298952703,51085,run-20260605-055500
2026-06-05T06:59:08Z,11.8516842887069,0.118516842887069,48214,run-20260605-065500
2026-06-05T07:58:56Z,14.2020887308425,0.142020887308425,46320,run-20260605-075500
2026-06-05T08:58:47Z,14.1261120162471,0.141261120162471,44175,run-20260605-085500
2026-06-05T09:58:55Z,15.7191627663397,0.157191627663397,45599,run-20260605-095500
2026-06-05T10:59:25Z,15.1037714048354,0.151037714048354,51908,run-20260605-105500
2026-06-05T12:00:42Z,14.0241066642334,0.140241066642334,67480,run-20260605-115500
2026-06-05T13:01:54Z,13.0316672604532,0.130316672604532,81711,run-20260605-125500
2026-06-05T14:03:00Z,11.9269184059663,0.119269184059663,94050,run-20260605-135500
2026-06-05T15:03:47Z,11.7560330936069,0.117560330936069,103311,run-20260605-145500
2026-06-05T16:04:18Z,11.3469180510003,0.113469180510003,109588,run-20260605-155500
2026-06-05T17:04:53Z,10.4846140842462,0.104846140842462,116163,run-20260605-165500
2026-06-05T18:04:46Z,10.9966130912618,0.109966130912618,114798,run-20260605-175500
2026-06-05T19:04:41Z,10.7232293641918,0.107232293641918,114003,run-20260605-185500
2026-06-05T20:04:41Z,10.879002673237,0.10879002673237,114008,run-20260605-195500
2026-06-05T21:04:31Z,10.6233475937528,0.106233475937528,112178,run-20260605-205500
2026-06-05T22:05:53Z,8.70275601800897,0.0870275601800897,128325,run-20260605-215500
2026-06-05T23:05:40Z,9.49269707176106,0.0949269707176106,125920,run-20260605-225500
2026-06-06T00:04:21Z,11.9521332741171,0.119521332741171,109903,run-20260605-235500
2026-06-06T01:03:26Z,14.6182187216704,0.146182187216704,99547,run-20260606-005500
2026-06-06T02:03:03Z,14.8853212046957,0.148853212046957,94903,run-20260606-015500
2026-06-06T03:02:20Z,12.3773031669476,0.123773031669476,86500,run-20260606-025500
2026-06-06T04:01:56Z,10.2334605151796,0.102334605151796,81463,run-20260606-035500
2026-06-06T05:00:13Z,11.3687738072299,0.113687738072299,60424,run-20260606-045500
2026-06-06T05:59:14Z,12.5513772094688,0.125513772094688,49355,run-20260606-055500
2026-06-06T06:58:50Z,13.2573072226437,0.132573072226437,44636,run-20260606-065500
2026-06-06T07:58:48Z,14.0966125147276,0.140966125147276,44503,run-20260606-075500
2026-06-06T08:58:33Z,13.9179011358564,0.139179011358564,42013,run-20260606-085500
2026-06-06T09:58:43Z,16.583206090346,0.16583206090346,43926,run-20260606-095500
2026-06-06T10:58:51Z,14.5491679359775,0.145491679359775,45129,run-20260606-105500
2026-06-06T11:59:39Z,13.0153594181181,0.130153594181181,55060,run-20260606-115500
2026-06-06T13:00:36Z,12.8522152118523,0.128522152118523,66211,run-20260606-125500
2026-06-06T14:01:36Z,12.4211924851544,0.124211924851544,78138,run-20260606-135500
2026-06-06T15:02:34Z,11.9310627590195,0.119310627590195,89118,run-20260606-145500
2026-06-06T16:03:05Z,12.0753113416005,0.120753113416005,94989,run-20260606-155500
2026-06-06T17:03:14Z,11.9439078993391,0.119439078993391,96145,run-20260606-165500
2026-06-06T18:03:15Z,11.85758969353,0.1185758969353,96927,run-20260606-175500
2026-06-06T19:03:24Z,11.8669746715011,0.118669746715011,98369,run-20260606-185500
2026-06-06T20:03:12Z,11.6396071830491,0.116396071830491,96242,run-20260606-195500
2026-06-06T21:03:11Z,11.6145238154117,0.116145238154117,96239,run-20260606-205500
2026-06-06T22:03:05Z,11.3841146032597,0.113841146032597,94943,run-20260606-215500
2026-06-06T23:02:29Z,11.9613426142687,0.119613426142687,87809,run-20260606-225500
2026-06-07T00:02:11Z,11.8746745930892,0.118746745930892,83510,run-20260606-235500
2026-06-07T01:02:05Z,11.8182240161613,0.118182240161613,82853,run-20260607-005500
2026-06-07T02:01:54Z,12.219371742831,0.12219371742831,80943,run-20260607-015500
2026-06-07T03:01:56Z,16.1329615617051,0.161329615617051,81937,run-20260607-025500
2026-06-07T04:00:53Z,15.9067666304634,0.159067666304634,69256,run-20260607-035500
2026-06-07T05:00:03Z,15.513162572967,0.15513162572967,59317,run-20260607-045500
2026-06-07T05:59:01Z,12.4480880405533,0.124480880405533,46382,run-20260607-055500
2026-06-07T06:58:31Z,11.3952220505193,0.113952220505193,40736,run-20260607-065500
2026-06-07T07:58:22Z,12.5926498061032,0.125926498061032,39257,run-20260607-075500
2026-06-07T08:58:18Z,11.9687759313921,0.119687759313921,38595,run-20260607-085500
2026-06-07T09:58:19Z,12.3432668614692,0.123432668614692,38966,run-20260607-095500
2026-06-07T10:58:41Z,13.4714148460356,0.134714148460356,43236,run-20260607-105500
2026-06-07T11:59:22Z,13.5424452045366,0.135424452045366,51617,run-20260607-115500
2026-06-07T13:00:28Z,15.0497664880064,0.150497664880064,64693,run-20260607-125500
2026-06-07T14:01:33Z,14.1720528285019,0.141720528285019,77646,run-20260607-135500
2026-06-07T15:02:44Z,12.9574743699337,0.129574743699337,91672,run-20260607-145500
2026-06-07T16:03:32Z,11.6936959398854,0.116936959398854,100904,run-20260607-155500
2026-06-07T17:03:46Z,11.4569678188497,0.114569678188497,103697,run-20260607-165500
2026-06-07T18:04:21Z,10.4354525849206,0.104354525849206,110378,run-20260607-175500
2026-06-07T19:05:11Z,10.1728525982623,0.101728525982623,120183,run-20260607-185500
2026-06-07T20:04:27Z,9.83590639765375,0.0983590639765375,111848,run-20260607-195500
2026-06-07T21:04:06Z,10.0257307232169,0.100257307232169,107360,run-20260607-205500
2026-06-07T22:03:35Z,10.2126048510067,0.102126048510067,101367,run-20260607-215500
2026-06-07T23:03:06Z,10.3885334722482,0.103885334722482,95427,run-20260607-225500
2026-06-08T00:02:42Z,10.377447284417,0.10377447284417,90922,run-20260607-235500
2026-06-08T01:02:38Z,10.8950162885464,0.108950162885464,90485,run-20260608-005500
2026-06-08T02:02:25Z,10.2699100058041,0.102699100058041,87654,run-20260608-015500
2026-06-08T03:01:53Z,10.5026235274487,0.105026235274487,80414,run-20260608-025500
2026-06-08T04:00:53Z,10.8638240980372,0.108638240980372,68133,run-20260608-035500
2026-06-08T04:59:47Z,10.612025828813,0.10612025828813,55720,run-20260608-045500
2026-06-08T05:59:03Z,10.518083260767,0.10518083260767,46498,run-20260608-055500
2026-06-08T06:58:48Z,10.4022946230161,0.104022946230161,44428,run-20260608-065500
2026-06-08T07:58:35Z,11.7507629639953,0.117507629639953,42199,run-20260608-075500
2026-06-08T08:58:30Z,12.2993371155916,0.122993371155916,41156,run-20260608-085500
2026-06-08T09:58:37Z,11.454026601478,0.11454026601478,42577,run-20260608-095500
2026-06-08T10:59:08Z,11.6922206190657,0.116922206190657,48887,run-20260608-105500
2026-06-08T12:00:08Z,11.3570620088182,0.113570620088182,61050,run-20260608-115500
2026-06-08T13:01:14Z,11.7340083331852,0.117340083331852,73833,run-20260608-125500
2026-06-08T14:02:19Z,11.1788352942648,0.111788352942648,86888,run-20260608-135500
2026-06-08T15:03:24Z,11.1201750989348,0.111201750989348,99628,run-20260608-145500
2026-06-08T16:03:53Z,11.1558553652486,0.111558553652486,105017,run-20260608-155500
2026-06-08T17:04:09Z,11.1511174606516,0.111511174606516,108410,run-20260608-165500
2026-06-08T18:04:16Z,11.3455866895321,0.113455866895321,109378,run-20260608-175500
2026-06-08T19:04:30Z,11.1380646040157,0.111380646040157,112037,run-20260608-185500
2026-06-08T20:04:22Z,10.8876554380487,0.108876554380487,110094,run-20260608-195500
2026-06-08T21:04:31Z,9.90598598073979,0.0990598598073979,112056,run-20260608-205500
2026-06-08T22:04:16Z,9.50888662534739,0.0950888662534739,109468,run-20260608-215500
2026-06-08T23:03:39Z,9.99721295087794,0.0999721295087794,101822,run-20260608-225500
2026-06-09T00:03:14Z,10.0151380576688,0.100151380576688,97259,run-20260608-235500
2026-06-09T01:03:31Z,10.3022833398899,0.103022833398899,100828,run-20260609-005500
2026-06-09T02:03:45Z,9.84975831366183,0.0984975831366183,103614,run-20260609-015500
2026-06-09T03:02:52Z,10.7133470412947,0.107133470412947,93263,run-20260609-025500
2026-06-09T04:02:20Z,8.72757717639766,0.0872757717639766,86143,run-20260609-035500
2026-06-09T05:00:22Z,10.5045121376923,0.105045121376923,63123,run-20260609-045500
2026-06-09T05:59:18Z,10.7495361198705,0.107495361198705,50288,run-20260609-055500
2026-06-09T06:59:02Z,10.7717398281215,0.107717398281215,47316,run-20260609-065500
2026-06-09T07:58:48Z,12.9048358021977,0.129048358021977,45068,run-20260609-075500
2026-06-09T08:58:42Z,12.3535309697,0.123535309697,43651,run-20260609-085500
2026-06-09T09:58:59Z,11.525941242933,0.11525941242933,45451,run-20260609-095500
2026-06-09T10:59:30Z,12.0260382337163,0.120260382337163,53311,run-20260609-105500
2026-06-09T12:00:19Z,11.9807645147011,0.119807645147011,63144,run-20260609-115500
2026-06-09T13:01:35Z,11.9291196635154,0.119291196635154,78175,run-20260609-125500
2026-06-09T14:02:47Z,11.1135456868404,0.111135456868404,91791,run-20260609-135500
2026-06-09T15:06:35Z,8.75942993166919,0.0875942993166919,137819,run-20260609-145500
2026-06-09T16:07:05Z,10.5944226151935,0.105944226151935,143713,run-20260609-155500
2026-06-09T17:05:30Z,10.5511173602508,0.105511173602508,124447,run-20260609-165500
2026-06-09T18:05:05Z,10.5929903253974,0.105929903253974,118907,run-20260609-175500
2026-06-09T19:04:49Z,10.6511065805861,0.106511065805861,115581,run-20260609-185500
2026-06-09T20:04:26Z,10.4383106167611,0.104383106167611,110718,run-20260609-195500
2026-06-09T21:04:32Z,11.7985363851277,0.117985363851277,112139,run-20260609-205500
2026-06-09T22:04:28Z,12.6397501815946,0.126397501815946,111495,run-20260609-215500
2026-06-09T23:03:45Z,10.9724180215371,0.109724180215371,102592,run-20260609-225500
2026-06-10T00:03:19Z,9.56177557449473,0.0956177557449473,97685,run-20260609-235500
2026-06-10T01:03:25Z,11.349159620349,0.11349159620349,99268,run-20260610-005500
2026-06-10T02:03:26Z,11.5684696371057,0.115684696371057,99419,run-20260610-015500
2026-06-10T03:02:45Z,10.6484386944739,0.106484386944739,91444,run-20260610-025500
2026-06-10T04:01:30Z,9.89069699322625,0.0989069699322625,75790,run-20260610-035500
2026-06-10T05:00:10Z,10.192551906986,0.10192551906986,60383,run-20260610-045500
2026-06-10T05:59:22Z,10.246505797951,0.10246505797951,50287,run-20260610-055500
2026-06-10T06:59:02Z,9.78746943785393,0.0978746943785393,47175,run-20260610-065500
2026-06-10T07:58:51Z,10.6189281533638,0.106189281533638,45099,run-20260610-075500
2026-06-10T08:58:41Z,9.90044529172994,0.0990044529172994,43345,run-20260610-085500
2026-06-10T09:58:57Z,11.5845104754816,0.115845104754816,46594,run-20260610-095500
2026-06-10T10:59:27Z,11.0488899861331,0.110488899861331,52675,run-20260610-105500
2026-06-10T12:01:40Z,10.9878276026102,0.109878276026102,79596,run-20260610-115500
2026-06-10T13:02:49Z,12.7995173493002,0.127995173493002,88576,run-20260610-125500
2026-06-10T14:03:13Z,11.2077029685951,0.112077029685951,96533,run-20260610-135500
2026-06-10T15:03:55Z,10.7403266662379,0.107403266662379,105363,run-20260610-145500
2026-06-10T16:04:31Z,10.6793699436848,0.106793699436848,112312,run-20260610-155500
2026-06-10T17:05:03Z,10.3168372984549,0.103168372984549,117029,run-20260610-165500
2026-06-10T18:04:45Z,10.8629126162654,0.108629126162654,113427,run-20260610-175500
2026-06-10T19:04:35Z,10.9004926455846,0.109004926455846,112504,run-20260610-185500
2026-06-10T20:04:21Z,11.1845317545288,0.111845317545288,109821,run-20260610-195500
2026-06-10T21:04:22Z,10.5651428673046,0.105651428673046,109863,run-20260610-205500
2026-06-10T22:04:15Z,9.41680406919434,0.0941680406919434,109591,run-20260610-215500
2026-06-11T00:03:17Z,10.1457523605307,0.101457523605307,98294,run-20260610-235500
2026-06-11T01:03:23Z,9.74144130236281,0.0974144130236281,99391,run-20260611-005500
2026-06-11T02:03:30Z,9.4644476646619,0.094644476646619,100661,run-20260611-015500
2026-06-11T03:02:39Z,9.75550644939904,0.0975550644939904,89815,run-20260611-025500
2026-06-11T04:03:13Z,8.29600054755652,0.0829600054755651,96967,run-20260611-035500
2026-06-11T05:00:45Z,10.9676909794012,0.109676909794012,67635,run-20260611-045500
2026-06-11T05:59:17Z,10.477502836086,0.10477502836086,50338,run-20260611-055500
2026-06-11T06:58:55Z,10.1390124095486,0.101390124095486,46017,run-20260611-065500
2026-06-11T07:58:50Z,10.8040932854649,0.108040932854649,44950,run-20260611-075500
2026-06-11T08:58:36Z,10.0449568498717,0.100449568498717,42508,run-20260611-085500
2026-06-11T09:58:41Z,10.5749144088694,0.105749144088694,43494,run-20260611-095500
2026-06-11T10:59:26Z,11.9950874383245,0.119950874383245,52300,run-20260611-105500
2026-06-11T12:00:29Z,11.9363246840682,0.119363246840682,65081,run-20260611-115500
2026-06-11T13:01:51Z,11.3969373210335,0.113969373210335,81197,run-20260611-125500
2026-06-11T14:03:03Z,10.3286307480952,0.103286307480952,95181,run-20260611-135500
2026-06-11T15:03:54Z,10.2584578022737,0.102584578022737,105303,run-20260611-145500
2026-06-11T16:04:24Z,10.151330828812,0.10151330828812,111115,run-20260611-155500
2026-06-11T17:05:10Z,10.161843491826,0.10161843491826,119859,run-20260611-165500
2026-06-11T18:05:02Z,10.0706450149143,0.100706450149143,118221,run-20260611-175500
2026-06-11T19:05:10Z,10.2647284917,0.102647284917,119726,run-20260611-185500
2026-06-11T20:05:05Z,10.1199165381333,0.101199165381333,118971,run-20260611-195500
2026-06-11T21:04:54Z,9.95235364483831,0.0995235364483831,116641,run-20260611-205500
2026-06-11T22:04:14Z,10.0344809571881,0.100344809571881,108292,run-20260611-215500
2026-06-11T23:03:18Z,10.1423977544625,0.101423977544625,97593,run-20260611-225500
2026-06-12T00:03:03Z,10.266526988797,0.10266526988797,94528,run-20260611-235500
2026-06-12T01:02:56Z,10.3862466676158,0.103862466676158,93775,run-20260612-005500
2026-06-12T02:02:45Z,9.64001275475668,0.0964001275475668,91453,run-20260612-015500
2026-06-12T03:02:13Z,9.99796832737734,0.0999796832737734,85017,run-20260612-025500
2026-06-12T04:01:03Z,9.59880658335101,0.0959880658335101,58552,run-20260612-035500
2026-06-12T05:00:13Z,10.5482604614543,0.105482604614543,60861,run-20260612-045500
2026-06-12T05:59:26Z,10.8682706146435,0.108682706146435,51268,run-20260612-055500
2026-06-12T06:59:03Z,10.9826671023406,0.109826671023406,47226,run-20260612-065500
2026-06-12T07:58:53Z,11.7588513997137,0.117588513997137,45731,run-20260612-075500
2026-06-12T08:58:42Z,11.3510481096062,0.113510481096062,43923,run-20260612-085500
2026-06-12T09:58:51Z,11.2337921980979,0.112337921980979,45282,run-20260612-095500
2026-06-12T10:59:30Z,12.3135375515187,0.123135375515187,52951,run-20260612-105500
2026-06-12T12:00:29Z,12.2629960816359,0.122629960816359,64922,run-20260612-115500
2026-06-12T13:01:52Z,12.95268358214,0.1295268358214,81304,run-20260612-125500
2026-06-12T14:03:12Z,12.3344408764854,0.123344408764854,97135,run-20260612-135500
2026-06-12T15:04:29Z,11.7917196502331,0.117917196502331,112046,run-20260612-145500
2026-06-12T16:04:26Z,11.5533133840403,0.115533133840403,111292,run-20260612-155500
2026-06-12T17:04:42Z,10.74997015056,0.1074997015056,114458,run-20260612-165500
2026-06-12T18:04:35Z,11.252869427903,0.11252869427903,112608,run-20260612-175500
2026-06-12T19:04:37Z,11.0375910991458,0.110375910991458,112885,run-20260612-185500
2026-06-12T20:04:40Z,11.7015304685415,0.117015304685415,113302,run-20260612-195500
2026-06-12T21:04:33Z,11.3056627619202,0.113056627619202,112006,run-20260612-205500
2026-06-12T22:04:03Z,11.4409838121629,0.114409838121629,106085,run-20260612-215500
2026-06-12T23:03:21Z,11.9303554126269,0.119303554126269,97953,run-20260612-225500
2026-06-13T00:03:04Z,11.9460055936666,0.119460055936666,95196,run-20260612-235500
2026-06-13T01:02:44Z,11.7460568863112,0.117460568863112,91392,run-20260613-005500
2026-06-13T02:03:30Z,11.0254036926846,0.110254036926846,100181,run-20260613-015500
2026-06-13T03:02:35Z,10.9969022122866,0.109969022122866,89495,run-20260613-025500
2026-06-13T04:01:55Z,11.9108289468119,0.119108289468119,81558,run-20260613-035500
2026-06-13T05:00:45Z,9.66780515093206,0.0966780515093206,67714,run-20260613-045500
2026-06-13T05:59:40Z,10.3645715200986,0.103645715200986,54612,run-20260613-055500
2026-06-13T06:59:00Z,10.1085843920663,0.101085843920663,46971,run-20260613-065500
2026-06-13T07:58:37Z,13.3345960528989,0.133345960528989,42669,run-20260613-075500
2026-06-13T08:58:37Z,15.4708063314279,0.154708063314279,42540,run-20260613-085500
2026-06-13T09:58:35Z,14.3427797483276,0.143427797483276,42075,run-20260613-095500
2026-06-13T10:59:00Z,14.0007494382922,0.140007494382922,47001,run-20260613-105500
2026-06-13T11:59:39Z,14.1517835182113,0.141517835182113,54890,run-20260613-115500
2026-06-13T13:00:32Z,12.2802854577101,0.122802854577101,65524,run-20260613-125500
2026-06-13T14:01:29Z,12.4724307066571,0.124724307066571,76484,run-20260613-135500
2026-06-13T15:02:29Z,13.6349983658927,0.136349983658927,88253,run-20260613-145500
2026-06-13T16:03:02Z,13.0411821921651,0.130411821921651,94811,run-20260613-155500
2026-06-13T17:03:12Z,13.2124575551921,0.132124575551921,96461,run-20260613-165500
2026-06-13T18:03:05Z,12.7715284105041,0.127715284105041,94764,run-20260613-175500
2026-06-13T19:03:06Z,11.6717059257416,0.116717059257416,94934,run-20260613-185500
2026-06-13T20:03:05Z,11.7700301483767,0.117700301483767,94942,run-20260613-195500
2026-06-13T21:02:57Z,11.3181615607901,0.113181615607901,92948,run-20260613-205500
2026-06-13T22:02:52Z,11.2646314190615,0.112646314190615,92215,run-20260613-215500
2026-06-13T23:03:09Z,11.6005949586401,0.116005949586401,95738,run-20260613-225500
2026-06-14T00:02:27Z,12.1422097823342,0.121422097823342,87473,run-20260613-235500
2026-06-14T01:02:26Z,11.4326578943534,0.114326578943534,88540,run-20260614-005500
2026-06-14T02:02:28Z,11.1255393861924,0.111255393861924,88850,run-20260614-015500
2026-06-14T03:02:12Z,9.9415289286474,0.099415289286474,85135,run-20260614-025500
2026-06-14T04:03:44Z,12.8366109715842,0.128366109715842,103609,run-20260614-035500
2026-06-14T05:01:08Z,13.948040736064,0.13948040736064,72149,run-20260614-045500
2026-06-14T05:59:40Z,12.3277300347749,0.123277300347749,54726,run-20260614-055500
2026-06-14T06:58:54Z,12.1861524752793,0.121861524752793,45688,run-20260614-065500
2026-06-14T07:58:45Z,14.6344877417408,0.146344877417408,44195,run-20260614-075500
2026-06-14T08:58:33Z,15.9363510382103,0.159363510382103,41702,run-20260614-085500
2026-06-14T09:58:19Z,13.2612565045889,0.132612565045889,39087,run-20260614-095500
2026-06-14T10:58:38Z,13.312038218979,0.13312038218979,42777,run-20260614-105500
2026-06-14T11:59:15Z,13.7962942576132,0.137962942576132,50329,run-20260614-115500
2026-06-14T13:00:23Z,14.049790409389,0.14049790409389,63255,run-20260614-125500
2026-06-14T14:01:38Z,13.1365032094753,0.131365032094753,78673,run-20260614-135500
2026-06-14T15:02:49Z,13.7989796665107,0.137989796665107,92465,run-20260614-145500
2026-06-14T16:03:20Z,14.1401751158267,0.141401751158267,98561,run-20260614-155500
2026-06-14T17:03:28Z,13.6876489932117,0.136876489932117,99764,run-20260614-165500
2026-06-14T18:04:05Z,12.5693588543165,0.125693588543165,107283,run-20260614-175500
2026-06-14T19:04:25Z,12.1614261628594,0.121614261628594,110653,run-20260614-185500
2026-06-14T20:04:06Z,12.0299929893263,0.120299929893263,107722,run-20260614-195500
2026-06-14T21:04:00Z,12.2385491528229,0.122385491528229,106451,run-20260614-205500
2026-06-14T22:03:49Z,11.3961748542478,0.113961748542478,103892,run-20260614-215500
2026-06-14T23:03:12Z,11.4935471770915,0.114935471770915,96777,run-20260614-225500
2026-06-15T00:02:44Z,11.6281968068127,0.116281968068127,91389,run-20260614-235500
2026-06-15T01:02:38Z,11.2471611835451,0.112471611835451,90193,run-20260615-005500
2026-06-15T02:02:53Z,11.0517255153087,0.110517255153087,92994,run-20260615-015500
2026-06-15T03:02:13Z,11.115025464867,0.11115025464867,85038,run-20260615-025500
2026-06-15T04:01:35Z,11.3348195930272,0.113348195930272,77322,run-20260615-035500
2026-06-15T05:00:09Z,10.230411678162,0.10230411678162,60247,run-20260615-045500
2026-06-15T05:59:26Z,10.5602293635998,0.105602293635998,50511,run-20260615-055500
2026-06-15T06:58:59Z,10.2562316931534,0.102562316931534,46331,run-20260615-065500
2026-06-15T07:58:53Z,11.0418319946307,0.110418319946307,45909,run-20260615-075500
2026-06-15T08:58:55Z,9.8195620325688,0.098195620325688,46241,run-20260615-085500
2026-06-15T09:58:49Z,10.735094274373,0.10735094274373,45140,run-20260615-095500
2026-06-15T10:59:36Z,10.899789530045,0.10899789530045,54484,run-20260615-105500
2026-06-15T12:00:17Z,11.3387599887265,0.113387599887265,62678,run-20260615-115500
2026-06-15T13:01:26Z,10.8047545564121,0.108047545564121,76222,run-20260615-125500
2026-06-15T14:02:28Z,11.1927650822591,0.111927650822591,88529,run-20260615-135500
2026-06-15T15:03:23Z,10.8315415161758,0.108315415161758,99206,run-20260615-145500
2026-06-15T16:04:27Z,10.849696582862,0.10849696582862,111446,run-20260615-155500
2026-06-15T17:04:31Z,10.523066859429,0.10523066859429,112418,run-20260615-165500
2026-06-15T18:04:33Z,10.8908882683783,0.108908882683783,112762,run-20260615-175500
2026-06-15T19:04:56Z,11.3263692377443,0.113263692377443,117453,run-20260615-185500
2026-06-15T20:04:19Z,10.3837711430826,0.103837711430826,109903,run-20260615-195500
2026-06-15T21:04:30Z,10.4277700871701,0.104277700871701,111675,run-20260615-205500
2026-06-15T22:04:04Z,10.1918871043071,0.101918871043071,106889,run-20260615-215500
2026-06-15T23:03:30Z,10.5072718776349,0.105072718776349,99354,run-20260615-225500
2026-06-16T00:03:07Z,11.2763666612042,0.112763666612042,95378,run-20260615-235500
2026-06-16T01:02:58Z,11.6910173381736,0.116910173381736,94333,run-20260616-005500
2026-06-16T02:02:52Z,11.3803935255713,0.113803935255713,92455,run-20260616-015500
2026-06-16T03:02:23Z,11.6084491954646,0.116084491954646,86884,run-20260616-025500
2026-06-16T04:01:09Z,11.6634231083345,0.116634231083345,71985,run-20260616-035500
2026-06-16T04:59:53Z,10.7891826065315,0.107891826065315,56992,run-20260616-045500
2026-06-16T05:59:16Z,10.7256317143314,0.107256317143314,49742,run-20260616-055500
2026-06-16T06:59:05Z,10.3438340649396,0.103438340649396,47693,run-20260616-065500
2026-06-16T07:58:50Z,9.8306621193437,0.0983066211934371,44825,run-20260616-075500
2026-06-16T08:58:36Z,10.2604777457954,0.102604777457954,42670,run-20260616-085500
2026-06-16T09:58:45Z,10.4917534794434,0.104917534794434,44420,run-20260616-095500
2026-06-16T10:59:17Z,11.7741853493177,0.117741853493177,50748,run-20260616-105500
2026-06-16T12:00:25Z,11.9112085908362,0.119112085908362,64231,run-20260616-115500
2026-06-16T13:01:34Z,11.6019939528553,0.116019939528553,77806,run-20260616-125500
2026-06-16T14:02:46Z,10.8827299406411,0.108827299406411,92151,run-20260616-135500
2026-06-16T15:03:33Z,10.7482362895291,0.107482362895291,101236,run-20260616-145500
2026-06-16T16:04:17Z,10.4687405673326,0.104687405673326,109024,run-20260616-155500
2026-06-16T17:04:46Z,11.559963226422,0.11559963226422,114920,run-20260616-165500
2026-06-16T18:04:44Z,12.1900927244487,0.121900927244487,114549,run-20260616-175500
2026-06-16T19:04:26Z,10.1787045647909,0.101787045647909,111037,run-20260616-185500
2026-06-16T20:04:28Z,10.3558091081643,0.103558091081643,111145,run-20260616-195500
2026-06-16T21:04:52Z,9.62722571104708,0.0962722571104708,116004,run-20260616-205500
2026-06-16T22:04:18Z,9.72766961647303,0.0972766961647303,109213,run-20260616-215500
2026-06-16T23:03:36Z,9.54575983646481,0.0954575983646481,100787,run-20260616-225500
2026-06-17T00:03:14Z,10.0901776889011,0.100901776889011,96693,run-20260616-235500
2026-06-17T01:02:53Z,10.0280496548222,0.100280496548222,93005,run-20260617-005500
2026-06-17T02:02:43Z,9.93352238086378,0.0993352238086378,90830,run-20260617-015500
2026-06-17T03:02:24Z,10.4617657375649,0.104617657375649,87231,run-20260617-025500
2026-06-17T04:01:13Z,10.5716281552984,0.105716281552984,72930,run-20260617-035500
2026-06-17T05:00:03Z,10.8995084066027,0.108995084066027,59133,run-20260617-045500
2026-06-17T05:59:26Z,11.4617834593602,0.114617834593602,50807,run-20260617-055500
2026-06-17T06:59:02Z,11.2205834394241,0.112205834394241,47229,run-20260617-065500
2026-06-17T07:58:54Z,10.9903374678139,0.109903374678139,45661,run-20260617-075500
2026-06-17T08:58:44Z,11.5089529871152,0.115089529871152,44198,run-20260617-085500
2026-06-17T09:59:14Z,12.4720274867893,0.124720274867893,50226,run-20260617-095500
2026-06-17T10:59:36Z,11.7754619088735,0.117754619088735,54549,run-20260617-105500
2026-06-17T12:00:36Z,11.5404018569705,0.115404018569705,65574,run-20260617-115500
2026-06-17T13:01:45Z,11.7952204284393,0.117952204284393,79974,run-20260617-125500
2026-06-17T14:03:02Z,11.5764058876262,0.115764058876262,95383,run-20260617-135500
2026-06-17T15:04:09Z,11.573853922487,0.11573853922487,108546,run-20260617-145500
2026-06-17T16:04:17Z,11.1447253248484,0.111447253248484,109781,run-20260617-155500
2026-06-17T17:05:04Z,10.2149895030014,0.102149895030014,118774,run-20260617-165500
2026-06-17T18:05:02Z,9.9288027656508,0.099288027656508,118393,run-20260617-175500
2026-06-17T19:04:44Z,10.6086783121973,0.106086783121973,114672,run-20260617-185500
2026-06-17T20:04:52Z,10.8790649470516,0.108790649470516,116513,run-20260617-195500
2026-06-17T21:05:27Z,10.0355089048957,0.100355089048957,122857,run-20260617-205500
2026-06-17T22:04:52Z,10.5388573847261,0.105388573847261,116483,run-20260617-215500
2026-06-17T23:04:11Z,10.2012227334019,0.102012227334019,104704,run-20260617-225500
2026-06-18T00:03:17Z,9.80236263850211,0.0980236263850211,97239,run-20260617-235500
2026-06-18T01:03:04Z,9.93260095308774,0.0993260095308774,94525,run-20260618-005500
2026-06-18T02:02:58Z,10.0445038366762,0.100445038366762,93181,run-20260618-015500
2026-06-18T03:02:13Z,10.2880469536179,0.102880469536179,84879,run-20260618-025500
2026-06-18T04:01:04Z,10.3375426858904,0.103375426858904,70916,run-20260618-035500
2026-06-18T05:00:13Z,10.9349121594079,0.109349121594079,60982,run-20260618-045500
2026-06-18T05:59:32Z,11.4125256871068,0.114125256871068,51190,run-20260618-055500
2026-06-18T06:59:09Z,10.5786694550499,0.105786694550499,48704,run-20260618-065500
2026-06-18T07:58:52Z,11.7173365609564,0.117173365609564,45510,run-20260618-075500
2026-06-18T08:58:54Z,11.0999941961008,0.110999941961008,46115,run-20260618-085500
2026-06-18T09:59:02Z,11.9218111901725,0.119218111901725,47722,run-20260618-095500
2026-06-18T10:59:36Z,11.5429037800289,0.115429037800289,54629,run-20260618-105500
2026-06-18T12:00:34Z,11.5909505814259,0.115909505814259,66373,run-20260618-115500
2026-06-18T13:01:29Z,11.3199403629738,0.113199403629738,77035,run-20260618-125500
2026-06-18T14:02:40Z,11.4866574378914,0.114866574378914,90777,run-20260618-135500
2026-06-18T15:03:41Z,11.2337401268366,0.112337401268366,102729,run-20260618-145500
2026-06-18T16:04:08Z,11.5831886557764,0.115831886557764,107770,run-20260618-155500
2026-06-18T17:04:42Z,11.4246933114403,0.114246933114403,114560,run-20260618-165500
2026-06-18T18:04:34Z,11.8550920854037,0.118550920854037,111941,run-20260618-175500
2026-06-18T19:04:17Z,12.0600881784889,0.120600881784889,109111,run-20260618-185500
2026-06-18T20:04:20Z,11.5178735399731,0.115178735399731,109554,run-20260618-195500
2026-06-18T21:04:23Z,12.0102430133711,0.120102430133711,110107,run-20260618-205500
2026-06-18T22:04:01Z,11.8942522482723,0.118942522482723,105857,run-20260618-215500
2026-06-18T23:03:47Z,12.0466496278392,0.120466496278392,102920,run-20260618-225500
2026-06-19T00:03:35Z,10.5191610337735,0.105191610337735,100936,run-20260618-235500
2026-06-19T01:02:48Z,11.7596492077432,0.117596492077432,92053,run-20260619-005500
2026-06-19T02:02:26Z,11.0699817320849,0.110699817320849,87186,run-20260619-015500
2026-06-19T03:02:15Z,11.6064881880258,0.116064881880258,85387,run-20260619-025500
2026-06-19T04:01:04Z,11.8983130171549,0.118983130171549,70693,run-20260619-035500
2026-06-19T04:59:55Z,11.7737505873011,0.117737505873011,57231,run-20260619-045500
2026-06-19T05:59:36Z,11.3683573329597,0.113683573329597,53720,run-20260619-055500
2026-06-19T06:59:25Z,11.6118368359404,0.116118368359404,51796,run-20260619-065500
2026-06-19T07:59:12Z,11.9001145711431,0.119001145711431,49722,run-20260619-075500
2026-06-19T08:58:52Z,11.9244935598292,0.119244935598292,45746,run-20260619-085500
2026-06-19T09:58:53Z,11.6959661713314,0.116959661713314,45855,run-20260619-095500
2026-06-19T10:59:20Z,12.1795105310323,0.121795105310323,51163,run-20260619-105500
2026-06-19T12:00:18Z,12.9235657187549,0.129235657187549,62706,run-20260619-115500
2026-06-19T13:01:39Z,12.1295925381027,0.121295925381027,79004,run-20260619-125500
2026-06-19T14:02:41Z,12.5132033990803,0.125132033990803,91073,run-20260619-135500
2026-06-19T15:03:25Z,12.5497032001723,0.125497032001723,99278,run-20260619-145500
2026-06-19T16:03:52Z,11.8070053940843,0.118070053940843,104359,run-20260619-155500
2026-06-19T17:03:59Z,12.0973873913604,0.120973873913604,105569,run-20260619-165500
2026-06-19T18:03:56Z,12.5493759313984,0.125493759313984,104740,run-20260619-175500
2026-06-19T19:04:08Z,11.9259972840446,0.119259972840446,107501,run-20260619-185500
2026-06-19T20:04:39Z,11.9970732979155,0.119970732979155,113484,run-20260619-195500
2026-06-19T21:04:11Z,12.2126117739554,0.122126117739554,107755,run-20260619-205500
2026-06-19T22:03:59Z,12.5824346780789,0.125824346780789,105657,run-20260619-215500
2026-06-19T23:03:11Z,11.7462675006497,0.117462675006497,96048,run-20260619-225500
2026-06-20T00:03:02Z,12.4233328411093,0.124233328411093,93667,run-20260619-235500
2026-06-20T01:02:29Z,12.1464184715217,0.121464184715217,88045,run-20260620-005500
2026-06-20T02:02:10Z,12.2126421234917,0.122126421234917,84115,run-20260620-015500
2026-06-20T03:01:37Z,11.6573370278076,0.116573370278076,77837,run-20260620-025500
2026-06-20T04:00:50Z,12.0303134255554,0.120303134255554,68371,run-20260620-035500
2026-06-20T05:00:03Z,11.4742871800781,0.114742871800781,58580,run-20260620-045500
2026-06-20T05:59:18Z,11.4024943700894,0.114024943700894,49963,run-20260620-055500
2026-06-20T06:58:50Z,11.453841177815,0.11453841177815,44722,run-20260620-065500
2026-06-20T07:58:36Z,11.2532657138967,0.112532657138967,41945,run-20260620-075500
2026-06-20T08:58:29Z,10.8286215314545,0.108286215314545,40847,run-20260620-085500
2026-06-20T09:58:26Z,11.6233883123918,0.116233883123918,40346,run-20260620-095500
2026-06-20T10:58:47Z,11.717064156265,0.11717064156265,44703,run-20260620-105500
2026-06-20T11:59:39Z,12.2363641253548,0.122363641253548,54758,run-20260620-115500
2026-06-20T13:00:42Z,12.5629270008473,0.125629270008473,67202,run-20260620-125500
2026-06-20T14:01:45Z,11.8231197612475,0.118231197612475,79631,run-20260620-135500
2026-06-20T15:02:37Z,12.5685971715303,0.125685971715303,89715,run-20260620-145500
2026-06-20T16:03:12Z,11.9517186311175,0.119517186311175,96115,run-20260620-155500
2026-06-20T17:03:30Z,12.511921567245,0.12511921567245,99725,run-20260620-165500
2026-06-20T18:03:47Z,12.7008604427048,0.127008604427048,103105,run-20260620-175500
2026-06-20T19:03:40Z,11.9864580761433,0.119864580761433,101873,run-20260620-185500
2026-06-20T20:03:13Z,12.0491585701845,0.120491585701845,96456,run-20260620-195500
2026-06-20T21:02:59Z,11.7256431457223,0.117256431457223,93868,run-20260620-205500
2026-06-20T22:03:10Z,10.9525348545593,0.109525348545593,95552,run-20260620-215500
2026-06-20T23:02:46Z,11.4661995384747,0.114661995384747,90933,run-20260620-225500
2026-06-21T00:02:07Z,11.2518354873519,0.112518354873519,83049,run-20260620-235500
2026-06-21T01:01:55Z,11.5187105252307,0.115187105252307,81661,run-20260621-005500
2026-06-21T02:01:54Z,10.9731020549908,0.109731020549908,81272,run-20260621-015500
2026-06-21T03:01:19Z,11.4213381738195,0.114213381738195,74227,run-20260621-025500
2026-06-21T04:00:27Z,11.40341731762,0.1140341731762,63893,run-20260621-035500
2026-06-21T04:59:54Z,11.6243241519009,0.116243241519009,57450,run-20260621-045500
2026-06-21T05:59:13Z,12.5429220695161,0.125429220695161,49376,run-20260621-055500
2026-06-21T06:58:40Z,11.5672625092587,0.115672625092587,42523,run-20260621-065500
2026-06-21T07:58:47Z,13.4784313188889,0.134784313188889,44465,run-20260621-075500
2026-06-21T08:58:46Z,12.8986123591059,0.128986123591059,44419,run-20260621-085500
2026-06-21T09:58:43Z,13.4865912504668,0.134865912504668,43639,run-20260621-095500
2026-06-21T10:58:56Z,13.3825924615247,0.133825924615247,46555,run-20260621-105500
2026-06-21T11:59:38Z,13.2030669431375,0.132030669431375,54964,run-20260621-115500
2026-06-21T13:00:27Z,13.4995181034277,0.134995181034277,64455,run-20260621-125500
2026-06-21T14:01:43Z,13.5660479537018,0.135660479537018,79753,run-20260621-135500
2026-06-21T15:02:22Z,12.8424450317284,0.128424450317284,87409,run-20260621-145500
2026-06-21T16:02:57Z,13.3343098700782,0.133343098700782,94340,run-20260621-155500
2026-06-21T17:03:14Z,13.031251824246,0.13031251824246,97505,run-20260621-165500
2026-06-21T18:03:12Z,13.0488748451507,0.130488748451507,96909,run-20260621-175500
2026-06-21T19:03:14Z,12.9626057871735,0.129626057871735,96894,run-20260621-185500
2026-06-21T20:03:17Z,12.3119954063201,0.123119954063201,97496,run-20260621-195500
2026-06-21T21:03:19Z,11.7012775909835,0.117012775909835,97789,run-20260621-205500
2026-06-21T22:02:57Z,11.4835173025061,0.114835173025061,93763,run-20260621-215500
2026-06-21T23:02:40Z,10.880955579065,0.10880955579065,89819,run-20260621-225500
2026-06-22T00:02:14Z,11.2990155185111,0.112990155185111,84954,run-20260621-235500
2026-06-22T01:02:03Z,11.8304215733645,0.118304215733645,83207,run-20260622-005500
2026-06-22T02:01:37Z,11.7506051537679,0.117506051537679,77837,run-20260622-015500
2026-06-22T03:01:19Z,11.6200129308268,0.116200129308268,74131,run-20260622-025500
2026-06-22T04:00:22Z,11.9335028509482,0.119335028509482,62840,run-20260622-035500
2026-06-22T04:59:32Z,11.4045534375131,0.114045534375131,52861,run-20260622-045500
2026-06-22T05:58:58Z,11.4417254830986,0.114417254830986,45937,run-20260622-055500
2026-06-22T06:58:43Z,12.0886268970791,0.120886268970791,43409,run-20260622-065500
2026-06-22T07:58:31Z,12.3578880473862,0.123578880473862,41284,run-20260622-075500
2026-06-22T08:59:05Z,10.1476828039408,0.101476828039408,47745,run-20260622-085500
2026-06-22T09:59:17Z,9.87088213235937,0.0987088213235938,50887,run-20260622-095500
2026-06-22T10:59:44Z,10.9624173258302,0.109624173258302,55962,run-20260622-105500
2026-06-22T12:00:31Z,10.9327453521734,0.109327453521734,65545,run-20260622-115500
2026-06-22T13:01:43Z,11.4280911311297,0.114280911311297,79893,run-20260622-125500
2026-06-22T14:02:23Z,11.3257523088727,0.113257523088727,87728,run-20260622-135500
2026-06-22T15:03:24Z,11.0579424314693,0.110579424314693,99518,run-20260622-145500
2026-06-22T16:03:51Z,10.9040614430096,0.109040614430096,105158,run-20260622-155500
2026-06-22T17:04:00Z,11.1720004074706,0.111720004074706,106317,run-20260622-165500
2026-06-22T18:04:46Z,10.5154347190399,0.105154347190399,115423,run-20260622-175500
2026-06-22T19:04:19Z,10.599497131541,0.10599497131541,109740,run-20260622-185500
2026-06-22T20:04:30Z,11.4062573136496,0.114062573136496,111558,run-20260622-195500
2026-06-22T21:04:26Z,10.4213349081282,0.104213349081282,110830,run-20260622-205500
2026-06-22T22:04:09Z,10.6737149891069,0.106737149891069,107314,run-20260622-215500
2026-06-22T23:03:42Z,10.6658449492489,0.106658449492489,102114,run-20260622-225500
2026-06-23T00:03:04Z,10.2314564186424,0.102314564186424,95226,run-20260622-235500
2026-06-23T01:02:47Z,10.9474769028761,0.109474769028761,91605,run-20260623-005500
2026-06-23T02:02:51Z,11.1219707585196,0.111219707585196,92444,run-20260623-015500
2026-06-23T03:01:54Z,11.1876750059979,0.111876750059979,80575,run-20260623-025500
2026-06-23T04:00:50Z,11.3681665693866,0.113681665693866,68226,run-20260623-035500
2026-06-23T05:00:06Z,11.1229321277457,0.111229321277457,59486,run-20260623-045500
2026-06-23T05:59:07Z,11.203024582763,0.11203024582763,48018,run-20260623-055500
2026-06-23T06:59:12Z,10.3404967699661,0.103404967699661,49176,run-20260623-065500
2026-06-23T07:58:53Z,11.2515233731266,0.112515233731266,45533,run-20260623-075500
2026-06-23T08:58:43Z,10.9894952252054,0.109894952252054,43708,run-20260623-085500
2026-06-23T09:59:06Z,11.2860707056229,0.112860707056229,48544,run-20260623-095500
2026-06-23T10:59:38Z,11.9828852050384,0.119828852050384,54839,run-20260623-105500
2026-06-23T12:00:38Z,11.7029999090353,0.117029999090353,66702,run-20260623-115500
2026-06-23T13:01:46Z,11.7824352129102,0.117824352129102,80106,run-20260623-125500
2026-06-23T14:02:52Z,11.6045018642483,0.116045018642483,93314,run-20260623-135500
2026-06-23T15:03:34Z,11.6704772738134,0.116704772738134,101241,run-20260623-145500
2026-06-23T16:04:12Z,11.3295727771414,0.113295727771414,108267,run-20260623-155500
2026-06-23T17:04:34Z,11.1721684052153,0.111721684052153,112694,run-20260623-165500
2026-06-23T18:04:38Z,10.4424809749083,0.104424809749083,113180,run-20260623-175500
2026-06-23T19:04:07Z,10.0700577151822,0.100700577151822,106771,run-20260623-185500
2026-06-23T20:04:15Z,10.1041047814648,0.101041047814648,108509,run-20260623-195500
2026-06-23T21:04:25Z,9.63749476959544,0.0963749476959544,110342,run-20260623-205500
2026-06-23T22:04:43Z,9.12604805001165,0.0912604805001165,114274,run-20260623-215500
2026-06-23T23:04:08Z,9.34542359567354,0.0934542359567354,107486,run-20260623-225500
2026-06-24T00:03:17Z,10.1595846793584,0.101595846793584,97082,run-20260623-235500
2026-06-24T01:03:13Z,10.386833516908,0.10386833516908,96422,run-20260624-005500
2026-06-24T02:03:07Z,11.2742132933493,0.112742132933493,95144,run-20260624-015500
2026-06-24T03:02:48Z,11.727644295671,0.11727644295671,91447,run-20260624-025500
2026-06-24T04:01:44Z,11.7169324671868,0.117169324671868,78943,run-20260624-035500
2026-06-24T05:00:33Z,11.4577843496725,0.114577843496725,64923,run-20260624-045500
2026-06-24T05:59:32Z,10.77512018679,0.1077512018679,52845,run-20260624-055500
2026-06-24T06:59:21Z,10.7218060132322,0.107218060132322,50774,run-20260624-065500
2026-06-24T07:59:03Z,11.8105676506821,0.118105676506821,47451,run-20260624-075500
2026-06-24T08:58:55Z,11.8717206135631,0.118717206135631,46056,run-20260624-085500
2026-06-24T09:59:11Z,12.2058168036453,0.122058168036453,49112,run-20260624-095500
2026-06-24T10:59:50Z,11.7958122993666,0.117958122993666,56625,run-20260624-105500
2026-06-24T12:00:45Z,11.0406116981669,0.110406116981669,68167,run-20260624-115500
2026-06-24T13:01:59Z,11.1665989093279,0.111665989093279,82861,run-20260624-125500
2026-06-24T14:03:16Z,11.35268289968,0.1135268289968,97698,run-20260624-135500
2026-06-24T15:04:21Z,11.3081198340725,0.113081198340725,110518,run-20260624-145500
2026-06-24T16:05:01Z,10.5424393456735,0.105424393456735,118088,run-20260624-155500
2026-06-24T17:04:52Z,10.9454493097992,0.109454493097992,116555,run-20260624-165500
2026-06-24T18:04:34Z,10.9686279489546,0.109686279489546,112266,run-20260624-175500
2026-06-24T19:04:14Z,10.8713956158288,0.108713956158288,108335,run-20260624-185500
2026-06-24T20:04:34Z,10.2710961905957,0.102710961905957,111986,run-20260624-195500
2026-06-24T21:04:34Z,10.6014269107237,0.106014269107237,111047,run-20260624-205500
2026-06-24T22:04:12Z,10.003466329924,0.10003466329924,107887,run-20260624-215500
2026-06-24T23:04:16Z,9.12864848256608,0.0912864848256608,108952,run-20260624-225500
2026-06-25T00:03:31Z,9.95388767329874,0.0995388767329874,99611,run-20260624-235500
2026-06-25T01:03:30Z,10.3122889331914,0.103122889331914,100111,run-20260625-005500
2026-06-25T02:03:11Z,10.2103701276886,0.102103701276886,96217,run-20260625-015500
2026-06-25T03:02:23Z,10.4912693669886,0.104912693669886,86772,run-20260625-025500
2026-06-25T04:01:18Z,11.0843567533481,0.110843567533481,73449,run-20260625-035500
2026-06-25T05:00:07Z,10.888281368207,0.10888281368207,59667,run-20260625-045500
2026-06-25T05:59:16Z,10.6800093624891,0.106800093624891,49351,run-20260625-055500
2026-06-25T06:58:59Z,10.7459626619443,0.107459626619443,46620,run-20260625-065500
2026-06-25T07:58:46Z,10.7577044125183,0.107577044125183,44059,run-20260625-075500
2026-06-25T08:58:41Z,11.0244215749423,0.110244215749423,43325,run-20260625-085500
2026-06-25T09:58:48Z,12.152852134393,0.12152852134393,44577,run-20260625-095500
2026-06-25T10:59:33Z,11.8054111231141,0.118054111231141,53624,run-20260625-105500
2026-06-25T12:00:38Z,11.2174152497392,0.112174152497392,66456,run-20260625-115500
2026-06-25T13:02:00Z,11.3083562344817,0.113083562344817,82949,run-20260625-125500
2026-06-25T14:03:13Z,10.5933207787701,0.105933207787701,97613,run-20260625-135500
2026-06-25T15:04:12Z,9.86801480880562,0.0986801480880562,108812,run-20260625-145500
2026-06-25T16:04:38Z,9.8155440882357,0.098155440882357,113666,run-20260625-155500
2026-06-25T17:04:55Z,9.7046239228745,0.097046239228745,116545,run-20260625-165500
2026-06-25T18:04:45Z,10.1805089624324,0.101805089624324,114670,run-20260625-175500
2026-06-25T19:04:17Z,10.5555556526191,0.105555556526191,108881,run-20260625-185500
2026-06-25T20:04:17Z,9.99306440938031,0.0999306440938031,109219,run-20260625-195500
2026-06-25T21:04:26Z,9.7350395700273,0.097350395700273,111146,run-20260625-205500
2026-06-25T22:04:13Z,9.18798956298246,0.0918798956298246,108184,run-20260625-215500
2026-06-25T23:03:34Z,10.0556508215579,0.100556508215579,100774,run-20260625-225500
2026-06-26T00:03:07Z,9.68168520787148,0.0968168520787148,95365,run-20260625-235500
2026-06-26T01:02:48Z,10.0447720769044,0.100447720769044,91315,run-20260626-005500
2026-06-26T02:02:48Z,10.4669827588003,0.104669827588003,91133,run-20260626-015500
2026-06-26T03:02:46Z,10.7816383129463,0.107816383129463,91189,run-20260626-025500
2026-06-26T04:01:34Z,10.8917053106849,0.108917053106849,76476,run-20260626-035500
2026-06-26T05:00:46Z,11.0944986880187,0.110944986880187,66662,run-20260626-045500
2026-06-26T05:59:23Z,11.0709734356517,0.110709734356517,50832,run-20260626-055500
2026-06-26T06:59:11Z,10.9400891503758,0.109400891503758,49023,run-20260626-065500
2026-06-26T07:59:01Z,12.5058270628637,0.125058270628637,47235,run-20260626-075500
2026-06-26T08:58:51Z,11.2662090538045,0.112662090538045,45307,run-20260626-085500
2026-06-26T09:58:57Z,11.6930984771965,0.116930984771965,46697,run-20260626-095500
2026-06-26T10:59:29Z,12.2302967592526,0.122302967592526,52941,run-20260626-105500
2026-06-26T12:00:37Z,11.9871465360832,0.119871465360832,66539,run-20260626-115500
2026-06-26T13:02:02Z,11.5287645449479,0.115287645449479,83222,run-20260626-125500
2026-06-26T14:03:25Z,11.5689951758135,0.115689951758135,99675,run-20260626-135500
2026-06-26T15:04:09Z,10.8410644936475,0.108410644936475,108452,run-20260626-145500
2026-06-26T16:04:23Z,11.5356246940749,0.115356246940749,110620,run-20260626-155500
2026-06-26T17:04:45Z,11.0484755591494,0.110484755591494,114303,run-20260626-165500
2026-06-26T18:04:45Z,11.0496003464997,0.110496003464997,114579,run-20260626-175500
2026-06-26T19:04:39Z,10.7833759510971,0.107833759510971,113442,run-20260626-185500
2026-06-26T20:04:42Z,10.6334517714866,0.106334517714866,113586,run-20260626-195500
2026-06-26T21:04:39Z,10.24356536018,0.1024356536018,113271,run-20260626-205500
2026-06-26T22:04:07Z,10.2720351712862,0.102720351712862,107085,run-20260626-215500
2026-06-26T23:03:26Z,10.3889806584492,0.103889806584492,99023,run-20260626-225500
2026-06-27T00:03:08Z,10.2821239444058,0.102821239444058,95024,run-20260626-235500
2026-06-27T01:02:42Z,10.8238660884491,0.108238660884491,90624,run-20260627-005500
2026-06-27T02:02:35Z,10.6081643344136,0.106081643344136,89075,run-20260627-015500
2026-06-27T03:02:09Z,10.8864993261138,0.108864993261138,83983,run-20260627-025500
2026-06-27T04:00:59Z,11.0409269399698,0.110409269399698,69860,run-20260627-035500
2026-06-27T04:59:58Z,11.4078576636959,0.114078576636959,58027,run-20260627-045500
2026-06-27T05:59:28Z,11.0232629118232,0.110232629118232,52076,run-20260627-055500
2026-06-27T06:58:43Z,12.0078038791556,0.120078038791556,43317,run-20260627-065500
2026-06-27T07:58:30Z,11.9372681092652,0.119372681092652,41057,run-20260627-075500
2026-06-27T08:58:19Z,12.2782409477566,0.122782409477566,38976,run-20260627-085500
2026-06-27T09:58:24Z,12.497849852667,0.12497849852667,39740,run-20260627-095500
2026-06-27T10:58:47Z,12.1597849493866,0.121597849493866,44723,run-20260627-105500
2026-06-27T11:59:37Z,12.9256051862621,0.129256051862621,54322,run-20260627-115500
2026-06-27T13:00:43Z,11.9603996245272,0.119603996245272,67312,run-20260627-125500
2026-06-27T14:01:34Z,12.1623778068733,0.121623778068733,77495,run-20260627-135500
2026-06-27T15:02:30Z,12.1473423789498,0.121473423789498,88325,run-20260627-145500
2026-06-27T16:03:01Z,12.4450447068152,0.124450447068152,94298,run-20260627-155500
2026-06-27T17:03:24Z,12.7831196872142,0.127831196872142,98586,run-20260627-165500
2026-06-27T18:03:28Z,12.584269178805,0.12584269178805,99614,run-20260627-175500
2026-06-27T19:03:14Z,12.3575976562309,0.123575976562309,96663,run-20260627-185500
2026-06-27T20:03:01Z,11.9379114160151,0.119379114160151,94235,run-20260627-195500
2026-06-27T21:02:55Z,12.0940797390761,0.120940797390761,92762,run-20260627-205500
2026-06-27T22:03:03Z,11.8228528254931,0.118228528254931,94240,run-20260627-215500
2026-06-27T23:03:04Z,11.9960188243905,0.119960188243905,94686,run-20260627-225500
2026-06-28T00:02:26Z,12.1623622103877,0.121623622103877,87013,run-20260627-235500
2026-06-28T01:01:56Z,12.0636489729402,0.120636489729402,82491,run-20260628-005500
2026-06-28T02:01:57Z,11.3950208202255,0.113950208202255,81707,run-20260628-015500
2026-06-28T03:01:18Z,11.5235527386009,0.115235527386009,74041,run-20260628-025500
2026-06-28T04:00:30Z,11.8475823693702,0.118475823693702,64627,run-20260628-035500
2026-06-28T05:00:04Z,10.9587645095967,0.109587645095967,58975,run-20260628-045500
2026-06-28T05:58:54Z,11.5721386367423,0.115721386367423,45702,run-20260628-055500
2026-06-28T06:58:32Z,12.2420218450198,0.122420218450198,41427,run-20260628-065500
2026-06-28T07:58:15Z,12.4959404378357,0.124959404378357,38027,run-20260628-075500
2026-06-28T08:58:13Z,12.207272308462,0.12207272308462,37690,run-20260628-085500
2026-06-28T09:58:17Z,12.0362515059318,0.120362515059318,38509,run-20260628-095500
2026-06-28T10:58:31Z,12.2949431282052,0.122949431282052,41231,run-20260628-105500
2026-06-28T11:59:11Z,12.730799269171,0.12730799269171,49507,run-20260628-115500
2026-06-28T13:00:12Z,12.836102325216,0.12836102325216,61582,run-20260628-125500
2026-06-28T14:01:24Z,11.8126478859831,0.118126478859831,75722,run-20260628-135500
2026-06-28T15:02:13Z,12.4639844695196,0.124639844695196,85298,run-20260628-145500
2026-06-28T16:02:50Z,12.3707537065369,0.123707537065369,92307,run-20260628-155500
2026-06-28T17:03:04Z,11.9574973333701,0.119574973333701,95437,run-20260628-165500
2026-06-28T18:03:04Z,12.505825009291,0.12505825009291,94911,run-20260628-175500
2026-06-28T19:03:03Z,12.2693980483843,0.122693980483844,94933,run-20260628-185500
2026-06-28T20:03:28Z,11.9495216095957,0.119495216095957,99760,run-20260628-195500
2026-06-28T21:03:31Z,11.7718857717741,0.117718857717741,100616,run-20260628-205500
2026-06-28T22:03:04Z,12.535604782055,0.12535604782055,94858,run-20260628-215500
2026-06-28T23:02:16Z,12.4555301702533,0.124555301702533,85086,run-20260628-225500
2026-06-29T00:02:00Z,12.877898880347,0.12877898880347,82339,run-20260628-235500
2026-06-29T01:02:00Z,12.3010394053964,0.123010394053964,82457,run-20260629-005500
2026-06-29T02:01:46Z,12.4195637315824,0.124195637315824,80040,run-20260629-015500
2026-06-29T03:01:22Z,12.363326568521,0.12363326568521,75013,run-20260629-025500
2026-06-29T04:00:42Z,12.2966820226069,0.122966820226069,67035,run-20260629-035500
2026-06-29T04:59:50Z,11.6023231896749,0.116023231896749,56635,run-20260629-045500
2026-06-29T05:58:56Z,12.7405427261824,0.127405427261824,45999,run-20260629-055500
2026-06-29T06:58:40Z,11.609844396476,0.11609844396476,42646,run-20260629-065500
2026-06-29T07:58:27Z,12.1572948808872,0.121572948808872,40243,run-20260629-075500
2026-06-29T08:58:18Z,12.1578249123426,0.121578249123426,38819,run-20260629-085500
2026-06-29T09:58:26Z,12.0901058039502,0.120901058039502,40648,run-20260629-095500
2026-06-29T10:58:57Z,12.1601757120363,0.121601757120363,46599,run-20260629-105500
2026-06-29T12:00:07Z,12.8328274672409,0.128328274672409,60652,run-20260629-115500
2026-06-29T13:01:24Z,12.7208639501334,0.127208639501334,76101,run-20260629-125500
2026-06-29T14:02:19Z,12.5459598472332,0.125459598472332,86571,run-20260629-135500
2026-06-29T15:03:34Z,11.908056687008,0.11908056687008,101647,run-20260629-145500
2026-06-29T16:03:51Z,12.0325949439043,0.120325949439043,104928,run-20260629-155500
2026-06-29T17:04:05Z,11.7918295041128,0.117918295041128,107528,run-20260629-165500
2026-06-29T18:04:22Z,11.2993822440201,0.112993822440201,111027,run-20260629-175500
2026-06-29T19:04:23Z,11.054959976778,0.11054959976778,110992,run-20260629-185500
2026-06-29T20:04:36Z,10.2228616625016,0.102228616625016,113489,run-20260629-195500
2026-06-29T21:04:17Z,10.5361299111237,0.105361299111237,109432,run-20260629-205500
2026-06-29T22:04:19Z,10.3398552479701,0.103398552479701,110058,run-20260629-215500
2026-06-29T23:03:39Z,10.243082556879,0.10243082556879,101677,run-20260629-225500
2026-06-30T00:04:21Z,8.74735134350311,0.0874735134350311,110629,run-20260629-235500
2026-06-30T01:02:29Z,10.4063197670787,0.104063197670787,88396,run-20260630-005500
2026-06-30T02:02:41Z,10.471573922907,0.10471573922907,90598,run-20260630-015500
2026-06-30T03:02:05Z,11.2581498892653,0.112581498892653,83521,run-20260630-025500
2026-06-30T04:01:53Z,9.69031822418958,0.0969031822418958,80976,run-20260630-035500
2026-06-30T05:00:22Z,10.9804971817629,0.109804971817629,62827,run-20260630-045500
2026-06-30T05:59:05Z,11.6332175777686,0.116332175777686,47508,run-20260630-055500
2026-06-30T06:58:56Z,10.8359503635074,0.108359503635074,45967,run-20260630-065500
2026-06-30T07:58:38Z,11.3889199260243,0.113889199260243,42627,run-20260630-075500
2026-06-30T08:58:24Z,11.2707737798497,0.112707737798497,40095,run-20260630-085500
2026-06-30T09:58:32Z,11.939422517375,0.11939422517375,41688,run-20260630-095500
2026-06-30T10:59:05Z,12.3252014009485,0.123252014009485,48382,run-20260630-105500
2026-06-30T12:00:05Z,12.8371008193951,0.128371008193951,60155,run-20260630-115500
2026-06-30T13:01:26Z,12.9710971027404,0.129710971027404,76331,run-20260630-125500
2026-06-30T14:02:32Z,11.7477292743123,0.117477292743123,89100,run-20260630-135500
2026-06-30T15:04:32Z,10.2348441929998,0.102348441929998,112611,run-20260630-145500
2026-06-30T16:05:27Z,9.44749351722295,0.0944749351722295,123323,run-20260630-155500
2026-06-30T17:05:11Z,10.1315850466282,0.101315850466282,120193,run-20260630-165500
2026-06-30T18:05:08Z,10.2501206680586,0.102501206680586,119224,run-20260630-175500
2026-06-30T19:04:41Z,10.7311234024997,0.107311234024997,114336,run-20260630-185500
2026-06-30T20:04:28Z,11.4383313226485,0.114383313226485,111239,run-20260630-195500
2026-06-30T21:04:17Z,11.2827853760759,0.112827853760759,109268,run-20260630-205500
2026-06-30T22:04:34Z,11.2797865287369,0.112797865287369,112508,run-20260630-215500
2026-06-30T23:03:58Z,11.0677991113778,0.110677991113778,105296,run-20260630-225500
2026-07-01T00:03:34Z,11.0513584682752,0.110513584682752,100880,run-20260630-235500
2026-07-01T01:03:10Z,10.5992374639072,0.105992374639072,96407,run-20260701-005500
2026-07-01T02:02:57Z,10.3970654439418,0.103970654439418,93297,run-20260701-015500
2026-07-01T03:02:35Z,11.4955770384218,0.114955770384218,89518,run-20260701-025500
2026-07-01T04:01:18Z,12.0228408683911,0.120228408683911,73805,run-20260701-035500
2026-07-01T05:00:24Z,11.8579248294645,0.118579248294645,63171,run-20260701-045500
2026-07-01T05:59:42Z,11.8873903684227,0.118873903684227,50914,run-20260701-055500
2026-07-01T06:59:03Z,11.5553723237452,0.115553723237452,47381,run-20260701-065500
2026-07-01T07:58:38Z,12.4045004003939,0.124045004003939,42772,run-20260701-075500
2026-07-01T08:58:33Z,12.1631841852181,0.121631841852181,41968,run-20260701-085500
2026-07-01T09:58:45Z,12.2559489879862,0.122559489879862,43932,run-20260701-095500
2026-07-01T10:59:20Z,12.6561345552192,0.126561345552192,51196,run-20260701-105500
2026-07-01T12:00:23Z,13.3938921550418,0.133938921550418,63846,run-20260701-115500
2026-07-01T13:02:09Z,11.9668505520188,0.119668505520188,84813,run-20260701-125500
2026-07-01T14:03:21Z,12.0737883280509,0.120737883280509,99217,run-20260701-135500
2026-07-01T15:04:12Z,12.1175318510147,0.121175318510147,108847,run-20260701-145500
2026-07-01T16:04:49Z,12.150262184241,0.12150262184241,116094,run-20260701-155500
2026-07-01T17:06:23Z,11.1485045656539,0.111485045656539,134361,run-20260701-165500
2026-07-01T18:06:18Z,10.8719461956777,0.108719461956777,132967,run-20260701-175500
2026-07-01T19:05:28Z,11.6366198935505,0.116366198935505,123576,run-20260701-185500
2026-07-01T20:05:00Z,11.1671977012009,0.111671977012009,117484,run-20260701-195500
2026-07-01T21:05:01Z,11.0721637359871,0.110721637359871,117706,run-20260701-205500
2026-07-01T22:04:53Z,10.607706341932,0.10607706341932,116015,run-20260701-215500
2026-07-01T23:04:50Z,8.81458427890748,0.0881458427890748,115948,run-20260701-225500
2026-07-02T00:03:44Z,10.5356877948728,0.105356877948728,102621,run-20260701-235500
2026-07-02T01:03:42Z,10.3720734460838,0.103720734460838,102941,run-20260702-005500
2026-07-02T02:04:16Z,8.43240106870045,0.0843240106870045,109928,run-20260702-015500
2026-07-02T03:03:13Z,11.1083153870745,0.111083153870745,96835,run-20260702-025500
2026-07-02T04:01:10Z,11.2969953084848,0.112969953084848,72172,run-20260702-035500
2026-07-02T05:00:01Z,11.0676688122538,0.110676688122538,58423,run-20260702-045500
2026-07-02T05:59:10Z,10.6880808442587,0.106880808442587,48520,run-20260702-055500
2026-07-02T06:58:57Z,10.5064295413981,0.105064295413981,45249,run-20260702-065500
2026-07-02T07:58:37Z,11.5254030092089,0.115254030092089,42119,run-20260702-075500
2026-07-02T08:58:27Z,11.3337843188761,0.113337843188761,40603,run-20260702-085500
2026-07-02T09:58:43Z,11.1385048538473,0.111385048538473,43841,run-20260702-095500
2026-07-02T10:59:16Z,12.2172794512092,0.122172794512092,50468,run-20260702-105500
2026-07-02T12:00:21Z,11.8552856046613,0.118552856046613,63168,run-20260702-115500
2026-07-02T13:01:35Z,11.7155932506605,0.117155932506605,77893,run-20260702-125500
2026-07-02T14:02:45Z,11.6035784745452,0.116035784745452,91742,run-20260702-135500
2026-07-02T15:03:57Z,12.1371683529116,0.121371683529116,105719,run-20260702-145500
2026-07-02T16:04:20Z,11.9250733009535,0.119250733009535,110133,run-20260702-155500
2026-07-02T17:04:32Z,11.2649053156243,0.112649053156243,112231,run-20260702-165500
2026-07-02T18:04:29Z,11.1775463133663,0.111775463133663,111429,run-20260702-175500
2026-07-02T19:04:29Z,11.2138261212487,0.112138261212487,110771,run-20260702-185500
2026-07-02T20:04:45Z,10.5571118565701,0.105571118565701,114088,run-20260702-195500
2026-07-02T21:04:37Z,10.6617559179967,0.106617559179967,112378,run-20260702-205500
2026-07-02T22:04:14Z,10.310900324168,0.10310900324168,108554,run-20260702-215500
2026-07-02T23:03:28Z,10.2806911967515,0.102806911967515,99385,run-20260702-225500
2026-07-03T00:03:10Z,10.5145500822544,0.105145500822544,95818,run-20260702-235500
2026-07-03T01:03:13Z,9.70472756493649,0.0970472756493649,96336,run-20260703-005500
2026-07-03T02:03:27Z,8.88124704247313,0.0888124704247313,99618,run-20260703-015500
2026-07-03T03:01:55Z,10.2151670404076,0.102151670404076,80835,run-20260703-025500
2026-07-03T04:00:59Z,10.8597720628799,0.108597720628799,69805,run-20260703-035500
2026-07-03T05:00:12Z,11.0395827394546,0.110395827394546,60565,run-20260703-045500
2026-07-03T05:59:19Z,11.8476448058854,0.118476448058854,50316,run-20260703-055500
2026-07-03T06:59:00Z,11.3842027440087,0.113842027440087,46398,run-20260703-065500
2026-07-03T07:58:40Z,11.3190872708463,0.113190872708463,42878,run-20260703-075500
2026-07-03T08:58:32Z,12.3096970240575,0.123096970240575,41451,run-20260703-085500
2026-07-03T09:58:45Z,12.0740828301004,0.120740828301004,43948,run-20260703-095500
2026-07-03T10:59:10Z,12.4799977537086,0.124799977537086,49083,run-20260703-105500
2026-07-03T12:00:00Z,12.647542921333,0.12647542921333,58999,run-20260703-115500
2026-07-03T13:01:08Z,12.3203134626728,0.123203134626728,72449,run-20260703-125500
2026-07-03T14:02:14Z,12.6634805263629,0.126634805263629,85257,run-20260703-135500
2026-07-03T15:02:55Z,12.1975225553978,0.121975225553978,92863,run-20260703-145500
2026-07-03T16:03:15Z,11.9583370635899,0.119583370635899,96149,run-20260703-155500
2026-07-03T17:03:18Z,11.9019792375811,0.119019792375811,96464,run-20260703-165500
2026-07-03T18:03:31Z,11.1708860756753,0.111708860756753,99168,run-20260703-175500
2026-07-03T19:03:29Z,10.5590990698121,0.105590990698121,98654,run-20260703-185500
2026-07-03T20:03:39Z,10.2679555923044,0.102679555923044,100896,run-20260703-195500
2026-07-03T21:04:29Z,11.0360889388086,0.110360889388085,111760,run-20260703-205500
2026-07-03T22:03:52Z,11.6660624479888,0.116660624479888,104042,run-20260703-215500
2026-07-03T23:03:35Z,11.3014596246905,0.113014596246905,100760,run-20260703-225500
2026-07-04T00:03:35Z,11.2219626296095,0.112219626296095,101118,run-20260703-235500
2026-07-04T01:05:06Z,10.4511952096909,0.104511952096909,119471,run-20260704-005500
2026-07-04T02:02:26Z,12.5493382806689,0.125493382806689,87296,run-20260704-015500
2026-07-04T03:01:50Z,11.5529126337056,0.115529126337056,80141,run-20260704-025500
2026-07-04T04:01:07Z,11.2121844023125,0.112121844023125,71072,run-20260704-035500
2026-07-04T05:00:05Z,12.6151845541335,0.126151845541335,59362,run-20260704-045500
2026-07-04T05:59:13Z,12.9897962570389,0.129897962570389,48922,run-20260704-055500
2026-07-04T06:58:49Z,13.2405392552421,0.132405392552421,44249,run-20260704-065500
2026-07-04T07:58:35Z,14.5024728167549,0.145024728167549,41733,run-20260704-075500
2026-07-04T08:58:23Z,13.9824345517105,0.139824345517105,39626,run-20260704-085500
2026-07-04T09:58:27Z,14.1958278554677,0.141958278554677,40285,run-20260704-095500
2026-07-04T10:58:52Z,14.2819377104249,0.142819377104249,45469,run-20260704-105500
2026-07-04T11:59:40Z,14.8975134524476,0.148975134524476,55393,run-20260704-115500
2026-07-04T13:00:37Z,14.803196359275,0.14803196359275,66480,run-20260704-125500
2026-07-04T15:02:49Z,14.6457263763484,0.146457263763484,92745,run-20260704-145500
2026-07-04T17:03:46Z,13.8519659407578,0.138519659407578,103887,run-20260704-165500
2026-07-04T20:03:38Z,12.7577657661179,0.127577657661179,102184,run-20260704-195500
2026-07-04T22:03:19Z,12.0944312975188,0.120944312975188,99007,run-20260704-215500
2026-07-05T00:02:45Z,11.1967923455625,0.111967923455625,92349,run-20260704-235500
2026-07-05T01:02:27Z,11.1836501501318,0.111836501501318,88792,run-20260705-005500
2026-07-05T03:01:35Z,11.499261858414,0.11499261858414,78492,run-20260705-025500
2026-07-05T05:00:21Z,10.5090763015306,0.105090763015306,63277,run-20260705-045500
2026-07-05T06:58:34Z,11.236246172009,0.11236246172009,41819,run-20260705-065500
2026-07-05T07:58:19Z,12.8632713213832,0.128632713213832,38903,run-20260705-075500
2026-07-05T08:58:11Z,13.0444978749352,0.130444978749352,37272,run-20260705-085500
2026-07-05T09:58:15Z,12.6997947523994,0.126997947523994,38265,run-20260705-095500
2026-07-05T10:58:28Z,12.8165253240333,0.128165253240333,40870,run-20260705-105500
2026-07-05T11:59:03Z,12.9664306204988,0.129664306204988,47956,run-20260705-115500
2026-07-05T12:59:56Z,12.735576473952,0.12735576473952,58322,run-20260705-125500
2026-07-05T14:00:54Z,12.4999740420959,0.124999740420959,69775,run-20260705-135500
2026-07-05T15:01:57Z,11.3241520199006,0.113241520199006,82507,run-20260705-145500
2026-07-05T16:02:56Z,11.4221188686849,0.114221188686849,93948,run-20260705-155500
2026-07-05T17:03:11Z,11.8529157239361,0.118529157239361,95998,run-20260705-165500
2026-07-05T18:03:26Z,11.7169272644252,0.117169272644252,99615,run-20260705-175500
2026-07-05T19:03:34Z,11.5000815193308,0.115000815193308,100986,run-20260705-185500
2026-07-05T20:03:23Z,11.3388932390758,0.113388932390758,98755,run-20260705-195500
2026-07-05T21:04:02Z,10.250781950288,0.10250781950288,106641,run-20260705-205500
2026-07-05T22:04:25Z,10.4330200818735,0.104330200818735,111443,run-20260705-215500
2026-07-05T23:04:07Z,9.93522934161863,0.0993522934161863,108212,run-20260705-225500
2026-07-06T00:02:52Z,10.0032161706847,0.100032161706847,92814,run-20260705-235500
2026-07-06T01:02:21Z,10.1623917818832,0.101623917818832,87000,run-20260706-005500
2026-07-06T02:03:37Z,9.35383183921469,0.0935383183921469,102195,run-20260706-015500
2026-07-06T03:03:40Z,8.13814561583995,0.0813814561583995,102540,run-20260706-025500
2026-07-06T04:02:21Z,10.2324797598529,0.102324797598529,87095,run-20260706-035500
2026-07-06T04:59:51Z,12.6837346830686,0.126837346830686,56591,run-20260706-045500
2026-07-06T05:59:01Z,11.5441106991786,0.115441106991786,46767,run-20260706-055500
2026-07-06T06:58:36Z,11.7475878023225,0.117475878023225,41928,run-20260706-065500
2026-07-06T07:58:29Z,11.9264590693833,0.119264590693833,39948,run-20260706-075500
2026-07-06T08:58:23Z,13.0748574205773,0.130748574205773,39953,run-20260706-085500
2026-07-06T09:58:35Z,13.0259019575192,0.130259019575192,42472,run-20260706-095500
2026-07-06T10:59:02Z,13.2597930226952,0.132597930226952,47723,run-20260706-105500
2026-07-06T11:59:59Z,12.4005387531561,0.124005387531561,59261,run-20260706-115500
2026-07-06T13:01:10Z,12.2020572904216,0.122020572904216,73429,run-20260706-125500
2026-07-06T14:02:23Z,11.4934120658709,0.114934120658709,87874,run-20260706-135500
2026-07-06T15:03:45Z,10.4437280438807,0.104437280438807,103904,run-20260706-145500
2026-07-06T16:04:15Z,10.9407233787375,0.109407233787375,109852,run-20260706-155500
2026-07-06T17:04:41Z,10.4360099704678,0.104360099704678,115011,run-20260706-165500
2026-07-06T18:04:46Z,10.7274268033341,0.107274268033341,115625,run-20260706-175500
2026-07-06T19:04:35Z,10.1765367188006,0.101765367188006,112806,run-20260706-185500
2026-07-06T20:04:47Z,9.70968483030009,0.0970968483030009,115494,run-20260706-195500
2026-07-06T21:05:42Z,8.07422609978883,0.0807422609978883,126247,run-20260706-205500
2026-07-06T22:05:25Z,8.06978845204516,0.0806978845204516,123138,run-20260706-215500
2026-07-06T23:04:40Z,8.3200054097649,0.083200054097649,112256,run-20260706-225500
2026-07-07T00:04:12Z,8.37869855831222,0.0837869855831222,108487,run-20260706-235500
2026-07-07T01:05:36Z,7.48419401496181,0.0748419401496181,125502,run-20260707-005500
2026-07-07T02:05:30Z,7.01232190819174,0.0701232190819174,124726,run-20260707-015500
2026-07-07T03:05:39Z,8.36318588132335,0.0836318588132335,126523,run-20260707-025500
2026-07-07T04:01:57Z,9.37960369593019,0.0937960369593019,81247,run-20260707-035500
2026-07-07T05:00:25Z,10.0572113598767,0.100572113598767,62638,run-20260707-045500
2026-07-07T05:59:34Z,10.8387054793191,0.108387054793191,52446,run-20260707-055500
2026-07-07T06:59:15Z,9.828265118659,0.09828265118659,49644,run-20260707-065500
2026-07-07T07:58:48Z,12.0350194831331,0.120350194831331,44673,run-20260707-075500
2026-07-07T08:58:35Z,11.9825085707378,0.119825085707378,41923,run-20260707-085500
2026-07-07T09:58:43Z,11.1236096404968,0.111236096404968,43695,run-20260707-095500
2026-07-07T10:59:14Z,11.5417558081747,0.115417558081747,50148,run-20260707-105500
2026-07-07T12:00:28Z,10.5627765209013,0.105627765209013,64621,run-20260707-115500
2026-07-07T13:01:33Z,10.8557203814528,0.108557203814528,77534,run-20260707-125500
2026-07-07T14:03:53Z,8.71463295957458,0.0871463295957458,105489,run-20260707-135500
2026-07-07T15:04:01Z,10.2704987277435,0.102704987277435,107237,run-20260707-145500
2026-07-07T16:04:27Z,10.6162615804511,0.106162615804511,112222,run-20260707-155500
2026-07-07T17:05:17Z,10.1829535917277,0.101829535917277,121299,run-20260707-165500
2026-07-07T18:06:22Z,8.97138858874922,0.0897138858874922,134370,run-20260707-175500
2026-07-07T19:05:49Z,8.38909830326017,0.0838909830326017,127611,run-20260707-185500
2026-07-07T20:04:35Z,10.0353884592769,0.100353884592769,112267,run-20260707-195500
2026-07-07T21:04:54Z,10.1953338307424,0.101953338307424,116434,run-20260707-205500
2026-07-07T22:04:54Z,9.31405221191353,0.0931405221191353,116102,run-20260707-215500
2026-07-07T23:04:44Z,8.98676736254526,0.0898676736254526,114193,run-20260707-225500
2026-07-08T00:03:26Z,9.80958347099892,0.0980958347099892,99006,run-20260707-235500
2026-07-08T01:02:53Z,9.61038302402521,0.0961038302402521,93117,run-20260708-005500
2026-07-08T02:02:43Z,9.91153952486019,0.0991153952486019,90990,run-20260708-015500
2026-07-08T03:02:19Z,9.9939792573645,0.099939792573645,85508,run-20260708-025500
2026-07-08T04:01:18Z,10.1935653029112,0.101935653029112,72949,run-20260708-035500
2026-07-08T05:00:07Z,10.5679599338942,0.105679599338942,59094,run-20260708-045500
2026-07-08T05:59:28Z,11.0511130051596,0.110511130051596,50358,run-20260708-055500
2026-07-08T06:58:57Z,10.9095613029088,0.109095613029088,46314,run-20260708-065500
2026-07-08T07:58:44Z,11.8112954958969,0.118112954958969,43640,run-20260708-075500
2026-07-08T08:58:37Z,11.8429799495946,0.118429799495946,42558,run-20260708-085500
2026-07-08T09:58:47Z,11.4675399378196,0.114675399378196,44566,run-20260708-095500
2026-07-08T10:59:25Z,11.9450094450832,0.119450094450832,52044,run-20260708-105500
2026-07-08T12:00:27Z,11.846083305948,0.11846083305948,64585,run-20260708-115500
2026-07-08T13:01:44Z,11.286916449231,0.11286916449231,79868,run-20260708-125500
2026-07-08T14:03:07Z,10.428034860339,0.10428034860339,95999,run-20260708-135500
2026-07-08T15:04:02Z,10.4168378331008,0.104168378331008,107055,run-20260708-145500
2026-07-08T16:04:32Z,10.6376226152867,0.106376226152867,112179,run-20260708-155500
2026-07-08T17:05:01Z,10.1997417498152,0.101997417498152,117883,run-20260708-165500
2026-07-08T18:04:48Z,10.3237403742487,0.103237403742487,115399,run-20260708-175500
2026-07-08T19:04:50Z,9.70752928159104,0.0970752928159104,115555,run-20260708-185500
2026-07-08T20:04:35Z,9.61887924759407,0.0961887924759407,111967,run-20260708-195500
2026-07-08T21:04:39Z,9.57153711791994,0.0957153711791994,113410,run-20260708-205500
2026-07-08T22:04:16Z,9.43826112498613,0.0943826112498613,109018,run-20260708-215500
2026-07-08T23:03:44Z,9.18374634248282,0.0918374634248282,102600,run-20260708-225500
2026-07-09T00:03:10Z,9.48396105289467,0.0948396105289467,96087,run-20260708-235500
2026-07-09T01:03:39Z,8.84969850148966,0.0884969850148966,102217,run-20260709-005500
2026-07-09T02:03:28Z,9.36298520103682,0.0936298520103682,99990,run-20260709-015500
2026-07-09T03:02:16Z,9.69182934054643,0.0969182934054643,85840,run-20260709-025500
2026-07-09T04:01:12Z,9.67816026148306,0.0967816026148307,72892,run-20260709-035500
2026-07-09T05:00:10Z,10.1928202503911,0.101928202503911,60611,run-20260709-045500
2026-07-09T05:59:18Z,10.6239452847991,0.106239452847991,49504,run-20260709-055500
2026-07-09T06:58:54Z,10.6158139708725,0.106158139708725,45866,run-20260709-065500
2026-07-09T07:58:44Z,11.1675671064937,0.111675671064937,43698,run-20260709-075500
2026-07-09T08:58:28Z,10.8659004299737,0.108659004299737,39760,run-20260709-085500
2026-07-09T09:58:40Z,10.6175759391963,0.106175759391963,42482,run-20260709-095500
2026-07-09T10:59:16Z,10.7822968723426,0.107822968723426,50215,run-20260709-105500
2026-07-09T12:00:15Z,10.9204575657998,0.109204575657998,62319,run-20260709-115500
2026-07-09T13:01:26Z,11.4343274991137,0.114343274991137,76244,run-20260709-125500
2026-07-09T14:02:41Z,10.9670124880102,0.109670124880102,90694,run-20260709-135500
2026-07-09T15:03:36Z,10.3594291176535,0.103594291176535,102002,run-20260709-145500
2026-07-09T16:04:20Z,10.8391594778198,0.108391594778198,110118,run-20260709-155500
2026-07-09T17:04:23Z,10.6650028891307,0.106650028891307,110527,run-20260709-165500
2026-07-09T18:04:23Z,10.7986316091,0.107986316091,110811,run-20260709-175500
2026-07-09T19:04:10Z,10.4924606218332,0.104924606218332,107830,run-20260709-185500
2026-07-09T20:04:00Z,10.644553089149,0.10644553089149,105699,run-20260709-195500
2026-07-09T21:04:43Z,9.47836377751112,0.0947836377751112,114332,run-20260709-205500
2026-07-09T22:04:32Z,9.56106922702346,0.0956106922702346,112645,run-20260709-215500
2026-07-09T23:03:40Z,9.56809647273587,0.0956809647273587,101835,run-20260709-225500
2026-07-10T00:03:00Z,9.17311272452056,0.0917311272452056,94046,run-20260709-235500
2026-07-10T01:02:55Z,9.07950190885503,0.0907950190885503,93286,run-20260710-005500
2026-07-10T02:02:48Z,8.47440968487489,0.0847440968487489,92205,run-20260710-015500
2026-07-10T03:02:02Z,9.27649005448644,0.0927649005448644,82644,run-20260710-025500
2026-07-10T04:01:06Z,9.46882714607677,0.0946882714607677,71607,run-20260710-035500
2026-07-10T05:00:07Z,10.1054511931065,0.101054511931065,59768,run-20260710-045500
2026-07-10T05:59:23Z,10.3091373965246,0.103091373965246,50800,run-20260710-055500
2026-07-10T06:59:06Z,10.1934697432869,0.101934697432869,47632,run-20260710-065500
2026-07-10T07:58:52Z,10.7891227904809,0.107891227904809,45233,run-20260710-075500
2026-07-10T08:58:39Z,11.086122160364,0.11086122160364,42776,run-20260710-085500
2026-07-10T09:58:49Z,11.0171503875603,0.110171503875603,44717,run-20260710-095500
2026-07-10T10:59:28Z,11.456773457545,0.11456773457545,52876,run-20260710-105500
2026-07-10T12:00:21Z,11.9605918108131,0.119605918108131,63043,run-20260710-115500
2026-07-10T13:01:28Z,11.2475701527481,0.112475701527481,76260,run-20260710-125500
2026-07-10T14:02:44Z,11.3489618895818,0.113489618895818,91341,run-20260710-135500
2026-07-10T15:03:39Z,10.9829797349972,0.109829797349972,102033,run-20260710-145500
2026-07-10T16:04:09Z,10.280152167466,0.10280152167466,107915,run-20260710-155500
2026-07-10T17:04:12Z,10.2657797869364,0.102657797869364,108065,run-20260710-165500
2026-07-10T18:04:17Z,10.1477584318883,0.101477584318883,109179,run-20260710-175500
2026-07-10T19:04:03Z,10.2480342994379,0.102480342994379,106191,run-20260710-185500
2026-07-10T20:04:23Z,10.3018323976485,0.103018323976485,109940,run-20260710-195500
2026-07-10T21:04:16Z,9.96530498433931,0.0996530498433931,108844,run-20260710-205500
2026-07-10T22:04:12Z,10.0491416588412,0.100491416588412,108461,run-20260710-215500
2026-07-10T23:03:21Z,10.3969577795839,0.103969577795839,97562,run-20260710-225500
2026-07-11T00:02:49Z,9.92449529938281,0.099244952993828,91907,run-20260710-235500
2026-07-11T01:02:34Z,9.95527436978567,0.0995527436978567,89474,run-20260711-005500
2026-07-11T02:02:32Z,9.87324947643146,0.0987324947643146,88719,run-20260711-015500
2026-07-11T03:01:59Z,9.83686173564468,0.0983686173564468,81655,run-20260711-025500
2026-07-11T04:01:11Z,10.5206052945222,0.105206052945222,72314,run-20260711-035500
2026-07-11T05:00:09Z,10.3851458599839,0.103851458599839,60669,run-20260711-045500
2026-07-11T05:59:10Z,10.548682089865,0.10548682089865,48706,run-20260711-055500
2026-07-11T06:58:43Z,10.6037950653293,0.106037950653293,43322,run-20260711-065500
2026-07-11T07:58:27Z,11.4264821775154,0.114264821775154,40522,run-20260711-075500
2026-07-11T08:58:23Z,10.9859606818092,0.109859606818092,39658,run-20260711-085500
2026-07-11T09:58:26Z,11.2096802334442,0.112096802334442,40155,run-20260711-095500
2026-07-11T10:58:45Z,11.549969210722,0.11549969210722,43996,run-20260711-105500
2026-07-11T11:59:29Z,11.9350196909279,0.119350196909279,53007,run-20260711-115500
2026-07-11T13:00:27Z,11.5984302088656,0.115984302088656,64221,run-20260711-125500
2026-07-11T14:01:28Z,11.3087026917369,0.113087026917369,76244,run-20260711-135500
2026-07-11T15:02:21Z,11.1565270997833,0.111565270997833,86800,run-20260711-145500
2026-07-11T16:02:49Z,11.3227918720313,0.113227918720313,92216,run-20260711-155500
2026-07-11T17:03:07Z,11.0998780499444,0.110998780499444,95468,run-20260711-165500
2026-07-11T18:03:17Z,11.5408490949457,0.115408490949457,97258,run-20260711-175500
2026-07-11T19:03:05Z,11.7634429109889,0.117634429109889,94731,run-20260711-185500
2026-07-11T20:02:47Z,10.9265870913012,0.109265870913012,91337,run-20260711-195500
2026-07-11T21:02:58Z,11.0586734905145,0.110586734905145,93620,run-20260711-205500
2026-07-11T22:03:58Z,9.67090331199771,0.0967090331199771,105629,run-20260711-215500
2026-07-11T23:03:48Z,9.67039093546645,0.0967039093546645,103459,run-20260711-225500
2026-07-12T00:04:28Z,8.40270851846217,0.0840270851846217,112106,run-20260711-235500
2026-07-12T01:02:58Z,10.7118124205221,0.107118124205221,94741,run-20260712-005500
2026-07-12T02:02:02Z,10.5197776291288,0.105197776291288,83246,run-20260712-015500
2026-07-12T03:02:03Z,9.19440537326625,0.0919440537326625,83315,run-20260712-025500
2026-07-12T04:01:26Z,9.9232756766288,0.099232756766288,75643,run-20260712-035500
2026-07-12T05:00:03Z,10.0182352287606,0.100182352287606,59354,run-20260712-045500
2026-07-12T05:59:00Z,10.3559324164936,0.103559324164936,46472,run-20260712-055500
2026-07-12T06:59:23Z,7.80672670088328,0.0780672670088327,51274,run-20260712-065500
2026-07-12T07:59:43Z,7.37626057480355,0.0737626057480355,55293,run-20260712-075500
2026-07-12T08:58:54Z,9.12253155672115,0.0912253155672115,45884,run-20260712-085500
2026-07-12T09:58:44Z,9.33834737537112,0.0933834737537112,43967,run-20260712-095500
2026-07-12T10:59:08Z,9.81087673079542,0.0981087673079542,48701,run-20260712-105500
2026-07-12T12:00:06Z,9.89081843234697,0.0989081843234697,60369,run-20260712-115500
2026-07-12T13:01:14Z,9.41508616917272,0.0941508616917272,73894,run-20260712-125500
2026-07-12T14:02:28Z,9.67561660762393,0.0967561660762394,88721,run-20260712-135500
2026-07-12T15:03:11Z,9.53104996278926,0.0953104996278926,96950,run-20260712-145500
2026-07-12T16:03:45Z,9.17819658049713,0.0917819658049713,103195,run-20260712-155500
2026-07-12T17:04:05Z,9.14151203464429,0.0914151203464429,107479,run-20260712-165500
2026-07-12T18:03:45Z,9.43655162505432,0.0943655162505432,103316,run-20260712-175500
2026-07-12T19:03:35Z,9.72225228137125,0.0972225228137125,101127,run-20260712-185500
2026-07-12T20:03:22Z,10.5533817625202,0.105533817625202,98674,run-20260712-195500
2026-07-12T21:03:06Z,10.6490093351732,0.106490093351732,95485,run-20260712-205500
2026-07-12T22:03:15Z,9.88929984233172,0.0988929984233172,96971,run-20260712-215500
2026-07-12T23:03:06Z,9.65337699469643,0.0965337699469643,95225,run-20260712-225500
2026-07-13T00:02:33Z,10.096021147207,0.10096021147207,88290,run-20260712-235500
2026-07-13T01:02:13Z,10.1846351418585,0.101846351418585,85086,run-20260713-005500
2026-07-13T02:01:47Z,10.6610025802139,0.106610025802139,79252,run-20260713-015500
2026-07-13T03:01:23Z,11.1879526623756,0.111879526623756,74839,run-20260713-025500
2026-07-13T04:00:37Z,11.1532960706609,0.111532960706609,65837,run-20260713-035500
2026-07-13T04:59:43Z,10.9486681974882,0.109486681974882,55016,run-20260713-045500
2026-07-13T05:59:10Z,10.2839584153468,0.102839584153468,48357,run-20260713-055500
2026-07-13T06:59:06Z,8.71738245718693,0.0871738245718693,47913,run-20260713-065500
2026-07-13T07:58:41Z,11.1761486783897,0.111761486783897,43156,run-20260713-075500
2026-07-13T08:58:30Z,11.851170398412,0.11851170398412,40844,run-20260713-085500
2026-07-13T09:58:36Z,12.1481512550861,0.121481512550861,42375,run-20260713-095500
2026-07-13T10:59:09Z,12.7041353261271,0.127041353261271,48754,run-20260713-105500
2026-07-13T12:00:01Z,11.5876333782518,0.115876333782518,59500,run-20260713-115500
2026-07-13T13:01:12Z,11.3691785050223,0.113691785050223,73675,run-20260713-125500
2026-07-13T14:02:07Z,10.9325207254007,0.109325207254007,84103,run-20260713-135500
2026-07-13T15:03:10Z,10.1278317907974,0.101278317907974,96557,run-20260713-145500
2026-07-13T16:03:45Z,10.2573412514888,0.102573412514888,103195,run-20260713-155500
2026-07-13T17:04:08Z,10.2681646728713,0.102681646728713,107638,run-20260713-165500
2026-07-13T18:04:03Z,10.4105942160178,0.104105942160178,106633,run-20260713-175500
2026-07-13T19:04:00Z,10.2346683402314,0.102346683402314,106035,run-20260713-185500
2026-07-13T20:03:44Z,10.1793699380113,0.101793699380113,102877,run-20260713-195500
2026-07-13T21:04:05Z,9.7106646965978,0.097106646965978,107183,run-20260713-205500
2026-07-13T22:03:47Z,8.9954253425867,0.089954253425867,103382,run-20260713-215500
2026-07-13T23:03:21Z,9.02293829843717,0.0902293829843717,98479,run-20260713-225500
2026-07-14T00:03:03Z,8.55291215397617,0.0855291215397617,94849,run-20260713-235500
2026-07-14T01:02:59Z,8.44906443440953,0.0844906443440953,94739,run-20260714-005500
2026-07-14T02:02:39Z,8.20351624519484,0.0820351624519484,90809,run-20260714-015500
2026-07-14T03:02:09Z,8.98784305318047,0.0898784305318047,84555,run-20260714-025500
2026-07-14T04:00:46Z,9.49180072371289,0.0949180072371289,67526,run-20260714-035500
2026-07-14T04:59:55Z,9.52571531747456,0.0952571531747456,57643,run-20260714-045500
2026-07-14T05:59:08Z,9.57991247146265,0.0957991247146265,48372,run-20260714-055500
2026-07-14T06:59:07Z,9.40256008773546,0.0940256008773546,48448,run-20260714-065500
2026-07-14T07:58:46Z,10.4753924660322,0.104753924660322,44285,run-20260714-075500
2026-07-14T08:58:39Z,11.2156757230184,0.112156757230184,42817,run-20260714-085500
2026-07-14T09:58:45Z,10.8386836768784,0.108386836768784,44269,run-20260714-095500
2026-07-14T10:59:17Z,11.1807353709212,0.111807353709212,50670,run-20260714-105500
2026-07-14T12:00:15Z,10.6739644383016,0.106739644383016,62320,run-20260714-115500
2026-07-14T13:01:26Z,10.1590576526426,0.101590576526426,76460,run-20260714-125500
2026-07-14T14:02:32Z,9.83315653552933,0.0983315653552933,89174,run-20260714-135500
2026-07-14T15:03:28Z,10.0877146918964,0.100877146918964,99941,run-20260714-145500
2026-07-14T16:04:24Z,9.89080909732375,0.0989080909732375,111566,run-20260714-155500
2026-07-14T17:04:51Z,9.28432066662034,0.0928432066662034,116494,run-20260714-165500
2026-07-14T18:04:47Z,9.52002903624465,0.0952002903624465,115587,run-20260714-175500
2026-07-14T19:04:36Z,9.6426572334737,0.096426572334737,112829,run-20260714-185500
2026-07-14T20:05:04Z,9.27745881200917,0.0927745881200917,118967,run-20260714-195500
2026-07-14T21:05:23Z,9.15590483849952,0.0915590483849952,122165,run-20260714-205500
2026-07-14T22:04:56Z,8.79041255608979,0.0879041255608979,117366,run-20260714-215500
2026-07-14T23:03:41Z,8.9519673621807,0.089519673621807,101811,run-20260714-225500
2026-07-15T00:03:09Z,9.26764446178137,0.0926764446178137,95730,run-20260714-235500
2026-07-15T01:03:15Z,9.11971189307995,0.0911971189307995,97546,run-20260715-005500
2026-07-15T02:02:51Z,9.15656365713395,0.0915656365713395,92708,run-20260715-015500
2026-07-15T03:02:26Z,8.66609871772727,0.0866609871772727,87923,run-20260715-025500
2026-07-15T04:01:20Z,9.03915648388485,0.0903915648388485,73998,run-20260715-035500
2026-07-15T05:00:15Z,9.60004686752322,0.0960004686752322,61522,run-20260715-045500
2026-07-15T05:59:25Z,9.60944022578554,0.0960944022578554,51819,run-20260715-055500
2026-07-15T06:59:14Z,9.79585695964178,0.0979585695964178,49771,run-20260715-065500
2026-07-15T07:59:01Z,9.80846521676401,0.0980846521676401,47498,run-20260715-075500
2026-07-15T08:58:43Z,10.52932490602,0.1052932490602,43885,run-20260715-085500
2026-07-15T09:58:40Z,10.6657940387361,0.106657940387361,43442,run-20260715-095500
2026-07-15T10:59:15Z,10.6325805985991,0.106325805985991,50488,run-20260715-105500
2026-07-15T12:00:18Z,10.8368809157466,0.108368809157466,63031,run-20260715-115500
2026-07-15T13:01:41Z,9.56016529411615,0.0956016529411615,79486,run-20260715-125500
2026-07-15T14:02:54Z,9.5733584581377,0.095733584581377,93505,run-20260715-135500
2026-07-15T15:03:51Z,8.75395282268472,0.0875395282268472,104637,run-20260715-145500
2026-07-15T16:04:27Z,8.73603288779779,0.0873603288779779,111985,run-20260715-155500
2026-07-15T17:04:48Z,8.40208410142464,0.0840208410142464,115702,run-20260715-165500
2026-07-15T18:05:02Z,8.27168044083895,0.0827168044083895,118192,run-20260715-175500
2026-07-15T19:05:02Z,9.08692611878394,0.0908692611878394,117721,run-20260715-185500
2026-07-15T20:05:34Z,8.39143347088002,0.0839143347088002,124771,run-20260715-195500
2026-07-15T21:06:50Z,7.42278637439882,0.0742278637439882,139630,run-20260715-205500
2026-07-15T22:07:04Z,7.22366623533964,0.0722366623533964,142478,run-20260715-215500
2026-07-15T23:04:03Z,8.49722160514462,0.0849722160514462,105918,run-20260715-225500
2026-07-16T00:02:56Z,8.90490916417508,0.0890490916417507,92879,run-20260715-235500
2026-07-16T01:02:53Z,8.70680130205526,0.0870680130205526,92826,run-20260716-005500
2026-07-16T02:02:51Z,9.08984494853239,0.0908984494853239,92559,run-20260716-015500
2026-07-16T03:02:05Z,9.0749212779589,0.090749212779589,83423,run-20260716-025500
2026-07-16T04:01:07Z,9.03486395472862,0.0903486395472863,71800,run-20260716-035500
2026-07-16T05:00:15Z,9.49189862338342,0.0949189862338342,61380,run-20260716-045500
2026-07-16T05:59:18Z,9.50946046512716,0.0950946046512716,50401,run-20260716-055500
2026-07-16T06:59:02Z,9.67177684787253,0.0967177684787253,47100,run-20260716-065500
2026-07-16T07:58:52Z,9.67220990185096,0.0967220990185095,45846,run-20260716-075500
2026-07-16T08:58:41Z,9.32923888692317,0.0932923888692317,43625,run-20260716-085500
2026-07-16T09:58:44Z,10.6769641771454,0.106769641771454,44127,run-20260716-095500
2026-07-16T10:59:15Z,10.1135503730445,0.101135503730445,50235,run-20260716-105500
2026-07-16T12:00:22Z,9.47286040983042,0.0947286040983042,63507,run-20260716-115500
2026-07-16T13:01:43Z,9.09287796778266,0.0909287796778266,79507,run-20260716-125500
2026-07-16T14:02:51Z,9.32653630259871,0.0932653630259871,92903,run-20260716-135500
2026-07-16T15:03:46Z,8.45073297584192,0.0845073297584192,103858,run-20260716-145500
2026-07-16T16:04:17Z,8.46003317543381,0.0846003317543381,109225,run-20260716-155500
2026-07-16T17:04:36Z,8.93333894082836,0.0893333894082836,112949,run-20260716-165500
2026-07-16T18:04:51Z,9.01020031360557,0.0901020031360557,116125,run-20260716-175500
2026-07-16T19:04:42Z,8.54564607789795,0.0854564607789795,114121,run-20260716-185500
2026-07-16T20:04:32Z,8.36103786464006,0.0836103786464006,112237,run-20260716-195500
2026-07-16T21:04:28Z,8.62424549183053,0.0862424549183053,111293,run-20260716-205500
2026-07-16T22:04:10Z,8.64646872665234,0.0864646872665234,106867,run-20260716-215500
2026-07-16T23:03:46Z,8.7594921211098,0.087594921211098,101716,run-20260716-225500
2026-07-17T00:03:21Z,7.8999575845309,0.078999575845309,96889,run-20260716-235500
2026-07-17T01:03:09Z,8.26040821841768,0.0826040821841768,96025,run-20260717-005500
2026-07-17T02:03:49Z,5.7260899152308,0.0572608991523079,103933,run-20260717-015500
2026-07-17T03:02:39Z,7.25791538831113,0.0725791538831113,90418,run-20260717-025500
2026-07-17T04:01:25Z,8.27976684035239,0.0827976684035239,75275,run-20260717-035500
2026-07-17T05:00:28Z,8.26142196027116,0.0826142196027116,64326,run-20260717-045500
2026-07-17T05:59:27Z,9.08627384634082,0.0908627384634082,51973,run-20260717-055500
2026-07-17T06:59:17Z,9.23920126642999,0.0923920126642998,50375,run-20260717-065500
2026-07-17T07:58:47Z,10.6836573523871,0.106836573523871,44617,run-20260717-075500
2026-07-17T08:58:53Z,9.50308756072515,0.0950308756072515,44017,run-20260717-085500
2026-07-17T09:58:43Z,10.0234830587814,0.100234830587814,43861,run-20260717-095500
2026-07-17T10:59:30Z,10.3173544384213,0.103173544384213,52887,run-20260717-105500
2026-07-17T12:00:39Z,10.3998230136601,0.103998230136601,66620,run-20260717-115500
2026-07-17T13:01:51Z,10.5926987870387,0.105926987870387,80922,run-20260717-125500
2026-07-17T14:02:55Z,10.5686287194368,0.105686287194368,93751,run-20260717-135500
2026-07-17T15:03:47Z,10.2084307948951,0.102084307948951,103713,run-20260717-145500
2026-07-17T16:04:45Z,9.62136931885969,0.0962136931885969,114978,run-20260717-155500
2026-07-17T17:04:39Z,9.65378129371439,0.0965378129371439,113489,run-20260717-165500
2026-07-17T18:04:33Z,9.87766398182324,0.0987766398182324,111653,run-20260717-175500
2026-07-17T19:04:33Z,9.91085499131326,0.0991085499131326,112114,run-20260717-185500
2026-07-17T20:04:26Z,9.25166724792982,0.0925166724792982,110726,run-20260717-195500
2026-07-17T21:04:08Z,9.61526672368736,0.0961526672368736,107226,run-20260717-205500
2026-07-17T22:03:58Z,9.94047280732009,0.0994047280732009,105432,run-20260717-215500
2026-07-17T23:03:24Z,9.86770251511672,0.0986770251511672,98358,run-20260717-225500
2026-07-18T00:02:48Z,9.71844110629731,0.0971844110629731,91175,run-20260717-235500
2026-07-18T01:02:35Z,9.81729012223464,0.0981729012223464,89425,run-20260718-005500
2026-07-18T02:02:15Z,9.67281637064477,0.0967281637064477,85290,run-20260718-015500
2026-07-18T03:01:44Z,10.2531343324974,0.102531343324974,78995,run-20260718-025500
2026-07-18T04:00:58Z,9.60897382263848,0.0960897382263848,69670,run-20260718-035500
2026-07-18T05:00:04Z,10.0200705629282,0.100200705629282,59193,run-20260718-045500
2026-07-18T05:59:22Z,9.8717530706915,0.098717530706915,49753,run-20260718-055500
2026-07-18T06:58:50Z,10.0212476408532,0.100212476408532,44990,run-20260718-065500
2026-07-18T07:58:45Z,10.1601384222896,0.101601384222896,44129,run-20260718-075500
2026-07-18T08:58:32Z,11.277341708781,0.11277341708781,41657,run-20260718-085500
2026-07-18T09:58:39Z,10.1238564080881,0.101238564080881,42889,run-20260718-095500
2026-07-18T10:58:52Z,10.0174444701434,0.100174444701434,45529,run-20260718-105500
2026-07-18T11:59:33Z,11.1618054687665,0.111618054687665,53741,run-20260718-115500
2026-07-18T13:00:30Z,11.5897334506227,0.115897334506227,64922,run-20260718-125500
2026-07-18T14:01:23Z,11.1795525770791,0.111795525770791,75165,run-20260718-135500
2026-07-18T15:02:33Z,10.9225072842031,0.109225072842031,89014,run-20260718-145500
2026-07-18T16:03:02Z,10.9266298325431,0.109266298325431,94563,run-20260718-155500
2026-07-18T17:03:13Z,10.8735250349995,0.108735250349995,96446,run-20260718-165500
2026-07-18T18:03:18Z,10.8733598812773,0.108733598812773,97486,run-20260718-175500
2026-07-18T19:03:12Z,9.80251509066737,0.0980251509066737,96417,run-20260718-185500
2026-07-18T20:02:57Z,10.1187595774178,0.101187595774178,93342,run-20260718-195500
2026-07-18T21:02:57Z,10.2083034092679,0.102083034092679,93491,run-20260718-205500
2026-07-18T22:03:58Z,10.1490915743394,0.101490915743394,105621,run-20260718-215500
2026-07-18T23:03:53Z,10.2302323408688,0.102302323408688,104777,run-20260718-225500
2026-07-19T00:03:11Z,11.0004251140938,0.110004251140938,96482,run-20260718-235500
2026-07-19T01:02:02Z,10.3326369854325,0.103326369854325,83710,run-20260719-005500
2026-07-19T02:01:46Z,10.8546479079957,0.108546479079957,79756,run-20260719-015500
2026-07-19T03:01:16Z,10.3941048604808,0.103941048604808,73810,run-20260719-025500
2026-07-19T04:00:26Z,10.5932452657274,0.105932452657274,63826,run-20260719-035500
2026-07-19T04:59:47Z,10.1112083401236,0.101112083401236,55934,run-20260719-045500
2026-07-19T05:59:08Z,10.1556065073826,0.101556065073826,48493,run-20260719-055500
2026-07-19T06:58:37Z,10.6140246220788,0.106140246220788,42372,run-20260719-065500
2026-07-19T07:58:24Z,11.1826897243909,0.111826897243909,39914,run-20260719-075500
2026-07-19T08:58:23Z,11.2796270154139,0.112796270154139,40114,run-20260719-085500
2026-07-19T09:58:21Z,10.4548057037025,0.104548057037025,39739,run-20260719-095500
2026-07-19T10:58:35Z,10.7158466116801,0.107158466116801,42451,run-20260719-105500
2026-07-19T11:59:22Z,11.3264318773905,0.113264318773905,51854,run-20260719-115500
2026-07-19T13:00:22Z,11.6894639013489,0.116894639013489,63440,run-20260719-125500
2026-07-19T14:01:21Z,10.5462663825809,0.105462663825809,75333,run-20260719-135500
2026-07-19T15:02:04Z,11.4564920002244,0.114564920002244,83491,run-20260719-145500
2026-07-19T16:02:48Z,11.3411978631538,0.113411978631538,92433,run-20260719-155500
2026-07-19T17:03:01Z,11.4778552663793,0.114778552663793,94633,run-20260719-165500
2026-07-19T18:03:04Z,11.7880641315019,0.117880641315019,95179,run-20260719-175500
2026-07-19T19:03:50Z,10.5486875054561,0.105486875054561,104216,run-20260719-185500
2026-07-19T20:04:35Z,10.2566162109232,0.102566162109232,113412,run-20260719-195500
2026-07-19T21:06:36Z,9.43154375303315,0.0943154375303315,138034,run-20260719-205500
2026-07-19T22:06:51Z,7.45827331530314,0.0745827331530314,140890,run-20260719-215500
2026-07-19T23:06:41Z,10.4360500483316,0.104360500483316,138821,run-20260719-225500
2026-07-20T00:02:49Z,10.6475329246666,0.106475329246666,91670,run-20260719-235500
2026-07-20T01:02:13Z,11.2364488510277,0.112364488510277,84806,run-20260720-005500
2026-07-20T02:01:46Z,10.9231256500393,0.109231256500393,79196,run-20260720-015500
2026-07-20T03:01:11Z,10.9993668836019,0.109993668836019,72391,run-20260720-025500
2026-07-20T04:00:17Z,11.158176868226,0.11158176868226,61858,run-20260720-035500
2026-07-20T04:59:28Z,11.3279452419323,0.113279452419323,52244,run-20260720-045500
2026-07-20T05:58:59Z,10.7132316478563,0.107132316478563,46651,run-20260720-055500
2026-07-20T06:58:41Z,11.1572990114741,0.111572990114741,43294,run-20260720-065500
2026-07-20T07:58:28Z,11.3646879587661,0.113646879587661,41001,run-20260720-075500
2026-07-20T08:58:28Z,11.3959177285145,0.113959177285145,41080,run-20260720-085500
2026-07-20T09:58:40Z,10.8990878138139,0.108990878138139,43641,run-20260720-095500
2026-07-20T10:59:20Z,11.7921162004995,0.117921162004995,51432,run-20260720-105500
2026-07-20T12:00:10Z,12.1614446114081,0.121614446114081,61489,run-20260720-115500
2026-07-20T13:01:20Z,11.2702396726258,0.112702396726258,75273,run-20260720-125500
2026-07-20T14:02:17Z,10.8503351360418,0.108503351360418,86622,run-20260720-135500
2026-07-20T15:03:10Z,10.5491420775609,0.105491420775609,97052,run-20260720-145500
2026-07-20T16:03:47Z,10.8449993612993,0.108449993612993,104163,run-20260720-155500
2026-07-20T17:03:54Z,10.5908325708185,0.105908325708185,105456,run-20260720-165500
2026-07-20T18:04:07Z,9.90194986915632,0.0990194986915632,107807,run-20260720-175500
2026-07-20T19:03:53Z,9.75780843848088,0.0975780843848088,104784,run-20260720-185500
2026-07-20T20:03:48Z,9.67223862716488,0.0967223862716488,103729,run-20260720-195500
2026-07-20T21:03:59Z,9.39022294514211,0.0939022294514211,105429,run-20260720-205500
2026-07-20T22:04:02Z,8.69257901088351,0.0869257901088351,105894,run-20260720-215500
2026-07-20T23:03:31Z,8.75268635899387,0.0875268635899387,98774,run-20260720-225500
2026-07-21T00:03:05Z,8.52989758317012,0.0852989758317012,93244,run-20260720-235500
2026-07-21T01:02:51Z,8.90693465265256,0.0890693465265256,91092,run-20260721-005500
2026-07-21T02:02:30Z,9.15654400595139,0.0915654400595139,88439,run-20260721-015500
2026-07-21T03:01:56Z,9.25094170694323,0.0925094170694323,81614,run-20260721-025500
2026-07-21T04:01:02Z,9.59390911988666,0.0959390911988666,71142,run-20260721-035500
2026-07-21T05:00:01Z,9.63292386076151,0.0963292386076151,58909,run-20260721-045500
2026-07-21T05:59:12Z,10.2313827370387,0.102313827370387,48462,run-20260721-055500
2026-07-21T06:59:03Z,9.99037439507086,0.0999037439507086,47489,run-20260721-065500
2026-07-21T07:58:41Z,10.3275533149633,0.103275533149633,43598,run-20260721-075500
2026-07-21T08:58:38Z,10.7292328713558,0.107292328713558,42988,run-20260721-085500
2026-07-21T09:58:45Z,10.2591117330078,0.102591117330078,44443,run-20260721-095500
2026-07-21T10:59:20Z,10.9101774630863,0.109101774630863,51642,run-20260721-105500
2026-07-21T12:00:09Z,10.7839857737896,0.107839857737896,61106,run-20260721-115500
2026-07-21T13:01:12Z,10.8177292030516,0.108177292030516,73482,run-20260721-125500
2026-07-21T14:02:34Z,9.65032717558372,0.0965032717558372,89665,run-20260721-135500
2026-07-21T15:03:34Z,9.50150065953433,0.0950150065953433,101683,run-20260721-145500
2026-07-21T16:04:17Z,8.9133926738975,0.089133926738975,109690,run-20260721-155500
2026-07-21T17:04:23Z,9.14124918580704,0.0914124918580704,110907,run-20260721-165500
2026-07-21T18:04:16Z,9.63184700662944,0.0963184700662944,109452,run-20260721-175500
2026-07-21T19:04:19Z,8.91763842375947,0.0891763842375947,109769,run-20260721-185500
2026-07-21T20:04:29Z,8.7976167612521,0.087976167612521,111656,run-20260721-195500
2026-07-21T21:04:29Z,8.47222145942702,0.0847222145942702,111662,run-20260721-205500
2026-07-21T22:04:04Z,8.37533860747565,0.0837533860747565,106560,run-20260721-215500
2026-07-21T23:03:34Z,8.40407112882853,0.0840407112882853,100903,run-20260721-225500
2026-07-22T00:03:09Z,8.36074673385916,0.0836074673385916,95643,run-20260721-235500
2026-07-22T01:02:49Z,8.55683937091886,0.0855683937091886,92229,run-20260722-005500
2026-07-22T02:02:25Z,9.2462633892882,0.092462633892882,87443,run-20260722-015500
2026-07-22T03:01:58Z,9.05318301962436,0.0905318301962436,81690,run-20260722-025500
2026-07-22T04:01:01Z,8.94946863672022,0.0894946863672022,70301,run-20260722-035500
2026-07-22T04:59:58Z,9.71966439964063,0.0971966439964063,57928,run-20260722-045500
2026-07-22T05:59:15Z,9.78710141340856,0.0978710141340856,49761,run-20260722-055500
2026-07-22T06:59:11Z,9.45351221319345,0.0945351221319345,49230,run-20260722-065500
2026-07-22T07:58:54Z,10.2190288105254,0.102190288105254,45984,run-20260722-075500
2026-07-22T08:58:44Z,10.3645458884558,0.103645458884558,44468,run-20260722-085500
2026-07-22T09:58:51Z,10.7316956709453,0.107316956709453,45642,run-20260722-095500
2026-07-22T10:59:23Z,10.9309736706201,0.109309736706201,51386,run-20260722-105500
2026-07-22T12:00:19Z,10.258747321619,0.10258747321619,62790,run-20260722-115500
2026-07-22T13:01:38Z,10.3299616189698,0.103299616189698,78798,run-20260722-125500
2026-07-22T14:02:49Z,9.89524409689768,0.0989524409689768,92771,run-20260722-135500
2026-07-22T15:03:29Z,9.72838418241413,0.0972838418241413,100609,run-20260722-145500
2026-07-22T16:03:49Z,9.75849388753871,0.0975849388753871,104210,run-20260722-155500
2026-07-22T17:03:58Z,10.047347174369,0.10047347174369,105251,run-20260722-165500
2026-07-22T18:03:59Z,9.79565761161235,0.0979565761161235,105807,run-20260722-175500
2026-07-22T19:04:03Z,9.97186324106923,0.0997186324106923,106607,run-20260722-185500
2026-07-22T20:04:00Z,10.0151131093903,0.100151131093903,105802,run-20260722-195500
2026-07-22T21:04:20Z,9.48044100070335,0.0948044100070335,110114,run-20260722-205500
2026-07-22T22:03:56Z,9.55772042445492,0.0955772042445492,105152,run-20260722-215500
2026-07-22T23:03:15Z,9.5435517897938,0.095435517897938,96510,run-20260722-225500
2026-07-23T00:02:43Z,9.72704159553339,0.0972704159553339,90488,run-20260722-235500
2026-07-23T01:02:49Z,9.42773295781181,0.0942773295781181,92478,run-20260723-005500
2026-07-23T02:02:34Z,9.84393772356502,0.0984393772356502,89132,run-20260723-015500
2026-07-23T03:01:54Z,9.57419274123494,0.0957419274123494,81265,run-20260723-025500
2026-07-23T04:00:51Z,9.29879566975128,0.0929879566975128,68604,run-20260723-035500
2026-07-23T04:59:58Z,9.41938396367049,0.0941938396367049,57934,run-20260723-045500
2026-07-23T05:59:09Z,10.2667403974308,0.102667403974308,48532,run-20260723-055500
2026-07-23T06:58:56Z,9.95151476056132,0.0995151476056132,46049,run-20260723-065500
2026-07-23T07:58:46Z,9.92375867130184,0.0992375867130184,44082,run-20260723-075500
2026-07-23T08:58:39Z,10.1959454537076,0.101959454537076,43308,run-20260723-085500
2026-07-23T09:58:48Z,10.7798866066899,0.107798866066899,45081,run-20260723-095500
2026-07-23T10:59:18Z,11.466634682658,0.11466634682658,50818,run-20260723-105500
2026-07-23T12:00:19Z,11.3921014935128,0.113921014935128,63073,run-20260723-115500
2026-07-23T13:01:34Z,10.8640111784485,0.108640111784485,78015,run-20260723-125500
2026-07-23T14:02:47Z,9.77926114009333,0.0977926114009333,92314,run-20260723-135500
2026-07-23T15:03:32Z,9.58749304073273,0.0958749304073273,101249,run-20260723-145500
2026-07-23T16:03:58Z,10.0106876379046,0.100106876379046,105806,run-20260723-155500
2026-07-23T17:04:25Z,10.0110871885746,0.100110871885746,111042,run-20260723-165500
2026-07-23T18:04:27Z,9.71399056836507,0.0971399056836507,111084,run-20260723-175500
2026-07-23T19:04:32Z,9.96396914574735,0.0996396914574735,111102,run-20260723-185500
2026-07-23T20:04:09Z,9.56342148309701,0.0956342148309701,107782,run-20260723-195500
2026-07-23T21:03:58Z,10.4061089404908,0.104061089404908,105285,run-20260723-205500
2026-07-23T22:03:39Z,9.72669648005858,0.0972669648005858,101450,run-20260723-215500
2026-07-23T23:03:03Z,9.62355478660896,0.0962355478660896,94297,run-20260723-225500
2026-07-24T00:02:34Z,9.80512885050434,0.0980512885050434,88800,run-20260723-235500
2026-07-24T01:02:40Z,10.1642691184071,0.101642691184071,90813,run-20260724-005500
2026-07-24T02:02:10Z,10.044708526552,0.10044708526552,84298,run-20260724-015500
2026-07-24T03:01:43Z,9.80516568602775,0.0980516568602775,78888,run-20260724-025500
2026-07-24T04:00:40Z,10.1898044827918,0.101898044827918,66228,run-20260724-035500
2026-07-24T04:59:53Z,10.4652433233635,0.104652433233635,57003,run-20260724-045500
2026-07-24T05:59:10Z,10.6000969658648,0.106000969658648,48476,run-20260724-055500
2026-07-24T06:58:50Z,10.4967248535647,0.104967248535647,45037,run-20260724-065500
2026-07-24T07:58:50Z,10.7941707775417,0.107941707775417,45117,run-20260724-075500
2026-07-24T08:58:44Z,10.3331108986461,0.103331108986461,44302,run-20260724-085500
2026-07-24T09:58:50Z,10.7239509699067,0.107239509699067,45268,run-20260724-095500
2026-07-24T10:59:20Z,10.6586764708767,0.106586764708767,51391,run-20260724-105500
2026-07-24T12:00:17Z,11.0973135303623,0.110973135303623,62532,run-20260724-115500
2026-07-24T13:01:36Z,11.3537222931113,0.113537222931113,78335,run-20260724-125500
2026-07-24T14:02:42Z,10.8774211936772,0.108774211936772,91110,run-20260724-135500
2026-07-24T15:03:32Z,10.5008882954345,0.105008882954345,101233,run-20260724-145500
2026-07-24T16:04:18Z,10.8238815228094,0.108238815228094,110019,run-20260724-155500
2026-07-24T17:04:23Z,11.304107686295,0.11304107686295,110779,run-20260724-165500
2026-07-24T18:04:15Z,10.7854089094588,0.107854089094588,109049,run-20260724-175500
2026-07-24T19:04:12Z,10.2588902138071,0.102588902138071,108224,run-20260724-185500
2026-07-24T20:04:11Z,10.123701531343,0.10123701531343,108016,run-20260724-195500
2026-07-24T21:04:14Z,9.89210593957868,0.0989210593957868,107870,run-20260724-205500
2026-07-24T22:03:46Z,10.1108166772203,0.101108166772203,102474,run-20260724-215500
2026-07-24T23:03:04Z,10.6120749524371,0.106120749524371,94427,run-20260724-225500
2026-07-25T00:02:36Z,10.1834350538045,0.101834350538045,89074,run-20260724-235500
2026-07-25T01:02:27Z,10.2152625949551,0.102152625949551,87731,run-20260725-005500
2026-07-25T02:02:11Z,9.58162919252161,0.0958162919252161,84626,run-20260725-015500
2026-07-25T03:01:39Z,9.21592403947111,0.0921592403947111,78085,run-20260725-025500
2026-07-25T04:00:32Z,10.2004735887493,0.102004735887493,64901,run-20260725-035500
2026-07-25T04:59:44Z,10.1126124318706,0.101126124318706,55375,run-20260725-045500
2026-07-25T05:58:59Z,10.4151009472046,0.104151009472046,46264,run-20260725-055500
2026-07-25T06:58:37Z,10.4236194792091,0.104236194792091,42127,run-20260725-065500
2026-07-25T07:58:27Z,11.2927335578989,0.112927335578989,40417,run-20260725-075500
2026-07-25T08:58:56Z,10.938809139611,0.10938809139611,46510,run-20260725-085500
2026-07-25T09:59:04Z,10.5892710034744,0.105892710034744,48313,run-20260725-095500
2026-07-25T10:59:36Z,10.289073516678,0.10289073516678,54573,run-20260725-105500
2026-07-25T11:59:48Z,11.5407222641807,0.115407222641807,56607,run-20260725-115500
2026-07-25T13:00:30Z,11.2077029245608,0.112077029245608,64850,run-20260725-125500
2026-07-25T14:01:34Z,11.2234863177567,0.112234863177567,77668,run-20260725-135500
2026-07-25T15:02:30Z,11.1565848513929,0.111565848513929,88284,run-20260725-145500
2026-07-25T16:02:49Z,11.0694060073853,0.110694060073853,92168,run-20260725-155500
2026-07-25T17:02:56Z,11.4042941192946,0.114042941192946,93037,run-20260725-165500
2026-07-25T18:02:53Z,11.3587631286928,0.113587631286928,92361,run-20260725-175500
2026-07-25T19:02:48Z,11.3964603849706,0.113964603849706,91040,run-20260725-185500
2026-07-25T20:02:27Z,11.3439445372622,0.113439445372622,87115,run-20260725-195500
2026-07-25T21:02:26Z,11.4643868476321,0.114643868476321,86697,run-20260725-205500
2026-07-25T22:02:22Z,11.450676484976,0.11450676484976,86225,run-20260725-215500
2026-07-25T23:02:09Z,10.9111810448525,0.109111810448525,83868,run-20260725-225500
2026-07-26T00:01:52Z,11.0078034620109,0.110078034620109,80268,run-20260725-235500
2026-07-26T01:01:52Z,11.3408217107571,0.113408217107571,81386,run-20260726-005500
2026-07-26T02:01:43Z,10.7860616261821,0.107860616261821,79326,run-20260726-015500
2026-07-26T03:01:00Z,11.4063580616829,0.114063580616829,70367,run-20260726-025500
2026-07-26T04:00:20Z,11.0372169694502,0.110372169694502,62407,run-20260726-035500
2026-07-26T04:59:38Z,11.1449128874224,0.111449128874224,54165,run-20260726-045500
2026-07-26T05:58:49Z,11.1653623535583,0.111653623535583,44820,run-20260726-055500
2026-07-26T06:58:22Z,11.3587575860914,0.113587575860915,39459,run-20260726-065500
2026-07-26T07:58:11Z,10.7303749345908,0.107303749345908,37369,run-20260726-075500
2026-07-26T08:58:10Z,11.3006465557624,0.113006465557624,36920,run-20260726-085500
2026-07-26T09:58:23Z,10.531895962573,0.10531895962573,39648,run-20260726-095500
2026-07-26T10:58:39Z,10.871313345951,0.10871313345951,43152,run-20260726-105500
2026-07-26T11:59:16Z,11.2016459904982,0.112016459904982,50336,run-20260726-115500
2026-07-26T13:00:08Z,10.9192236714791,0.109192236714791,60481,run-20260726-125500
2026-07-26T14:01:16Z,10.7005765472704,0.107005765472704,74449,run-20260726-135500
2026-07-26T15:02:07Z,10.1727391288284,0.101727391288284,84234,run-20260726-145500
2026-07-26T16:02:50Z,10.0199704891769,0.100199704891769,92591,run-20260726-155500
2026-07-26T17:03:04Z,10.1536194733067,0.101536194733067,95498,run-20260726-165500
2026-07-26T18:02:50Z,10.9405332040258,0.109405332040258,92121,run-20260726-175500
2026-07-26T19:02:48Z,11.672612027954,0.11672612027954,91853,run-20260726-185500
2026-07-26T20:02:41Z,11.2294125789483,0.112294125789483,90119,run-20260726-195500
2026-07-26T21:02:42Z,11.2016474316466,0.112016474316466,90359,run-20260726-205500
2026-07-26T22:02:28Z,10.707927853294,0.10707927853294,87987,run-20260726-215500
2026-07-26T23:02:10Z,11.1186571820892,0.111186571820892,84270,run-20260726-225500
2026-07-27T00:02:00Z,10.9869414599229,0.109869414599229,82220,run-20260726-235500
2026-07-27T01:01:54Z,10.5373643385188,0.105373643385188,81548,run-20260727-005500
2026-07-27T02:01:49Z,10.9412713087866,0.109412713087866,80240,run-20260727-015500
2026-07-27T03:01:46Z,10.5170997620479,0.105170997620479,79504,run-20260727-025500
2026-07-27T04:00:43Z,10.0843797879744,0.100843797879744,67142,run-20260727-035500
2026-07-27T04:59:43Z,10.4407575273984,0.104407575273984,55137,run-20260727-045500
2026-07-27T05:58:51Z,10.8837409792851,0.108837409792851,44777,run-20260727-055500
2026-07-27T06:58:38Z,10.5777205316728,0.105777205316728,42338,run-20260727-065500
2026-07-27T07:58:24Z,10.4398708212901,0.104398708212901,39712,run-20260727-075500
2026-07-27T08:58:15Z,11.3865387614227,0.113865387614227,38169,run-20260727-085500
2026-07-27T09:58:27Z,10.6234415221402,0.106234415221402,40822,run-20260727-095500
2026-07-27T10:58:59Z,11.338396479987,0.11338396479987,47341,run-20260727-105500
2026-07-27T11:59:55Z,10.5828790386179,0.105828790386178,58279,run-20260727-115500
2026-07-27T13:01:04Z,11.1457537151416,0.111457537151416,72038,run-20260727-125500
2026-07-27T14:02:11Z,10.3585609505796,0.103585609505796,85446,run-20260727-135500
2026-07-27T15:02:55Z,10.466427723783,0.10466427723783,93889,run-20260727-145500
2026-07-27T16:03:29Z,10.445665454678,0.10445665454678,100545,run-20260727-155500
2026-07-27T17:04:00Z,9.95998546951146,0.0995998546951146,106347,run-20260727-165500
2026-07-27T18:04:10Z,9.9838725231958,0.099838725231958,108237,run-20260727-175500
2026-07-27T19:03:52Z,9.93577758837554,0.0993577758837554,104558,run-20260727-185500
2026-07-27T20:03:49Z,9.98552082551185,0.0998552082551185,103846,run-20260727-195500
2026-07-27T21:03:54Z,9.77972162924682,0.0977972162924682,104977,run-20260727-205500
2026-07-27T22:03:26Z,9.60293803199773,0.0960293803199773,99375,run-20260727-215500
2026-07-27T23:02:57Z,9.7347243002103,0.097347243002103,93261,run-20260727-225500
2026-07-28T00:02:29Z,9.44509026225891,0.0944509026225891,87831,run-20260727-235500
2026-07-28T01:02:15Z,10.004250754281,0.10004250754281,85542,run-20260728-005500
2026-07-28T02:02:06Z,9.97973843941756,0.0997973843941756,83851,run-20260728-015500
2026-07-28T03:01:36Z,9.88888890378021,0.0988888890378021,77805,run-20260728-025500
2026-07-28T04:00:36Z,10.1472757661001,0.101472757661001,65478,run-20260728-035500
2026-07-28T04:59:45Z,10.2963660458267,0.102963660458267,55404,run-20260728-045500
2026-07-28T05:59:02Z,9.69742374752734,0.0969742374752734,46939,run-20260728-055500
2026-07-28T06:58:52Z,10.5480026787293,0.105480026787293,45284,run-20260728-065500
2026-07-28T07:58:37Z,10.6082444516189,0.106082444516189,42541,run-20260728-075500
2026-07-28T08:58:33Z,10.0990040005124,0.100990040005124,42075,run-20260728-085500
2026-07-28T09:58:38Z,10.9402324582117,0.109402324582117,43038,run-20260728-095500
2026-07-28T10:59:02Z,11.1061999020395,0.111061999020395,47824,run-20260728-105500
2026-07-28T12:00:07Z,10.4978424341804,0.104978424341804,60761,run-20260728-115500
2026-07-28T13:01:21Z,10.4517533337229,0.104517533337229,75065,run-20260728-125500
2026-07-28T14:02:17Z,10.0297556184009,0.100297556184009,86481,run-20260728-135500
2026-07-28T15:03:14Z,10.2026742381003,0.102026742381003,97704,run-20260728-145500
2026-07-28T16:03:47Z,10.2401320985832,0.102401320985832,103737,run-20260728-155500
2026-07-28T17:04:24Z,10.1940948185483,0.101940948185483,107890,run-20260728-165500
2026-07-28T18:04:00Z,10.1585073272585,0.101585073272585,106253,run-20260728-175500
2026-07-28T19:04:15Z,10.2963680019644,0.102963680019644,108642,run-20260728-185500
2026-07-28T20:04:10Z,10.0657968232178,0.100657968232178,108081,run-20260728-195500
2026-07-28T21:04:13Z,9.91162000410284,0.0991162000410284,108376,run-20260728-205500
2026-07-28T22:03:38Z,9.69153940927881,0.0969153940927881,101550,run-20260728-215500
2026-07-28T23:03:03Z,9.06609274585869,0.0906609274585869,94677,run-20260728-225500
2026-07-29T00:02:40Z,9.37882670815746,0.0937882670815746,90191,run-20260728-235500
2026-07-29T01:02:31Z,9.36630800779074,0.0936630800779074,88696,run-20260729-005500
2026-07-29T02:02:04Z,9.46240232849263,0.0946240232849263,83433,run-20260729-015500
2026-07-29T03:01:35Z,9.92501629643673,0.0992501629643673,77652,run-20260729-025500
2026-07-29T04:00:40Z,10.15037367138,0.1015037367138,66462,run-20260729-035500
2026-07-29T04:59:47Z,10.2361134031811,0.102361134031811,55874,run-20260729-045500
2026-07-29T05:58:59Z,10.4297833337599,0.104297833337599,46783,run-20260729-055500
2026-07-29T06:58:47Z,10.6665429119847,0.106665429119847,44070,run-20260729-065500
2026-07-29T07:58:29Z,11.0893265883233,0.110893265883233,41017,run-20260729-075500
2026-07-29T08:58:23Z,10.1193808750923,0.101193808750923,39891,run-20260729-085500
2026-07-29T09:58:34Z,11.0440675137279,0.110440675137279,42219,run-20260729-095500
2026-07-29T10:59:10Z,11.3585639882522,0.113585639882522,49034,run-20260729-105500
2026-07-29T12:00:13Z,10.5888130974248,0.105888130974248,61766,run-20260729-115500
2026-07-29T13:01:38Z,9.37360956977272,0.0937360956977272,78470,run-20260729-125500
2026-07-29T14:02:54Z,8.87549776338144,0.0887549776338144,93712,run-20260729-135500
2026-07-29T15:03:49Z,8.02187559023382,0.0802187559023382,104514,run-20260729-145500
2026-07-29T16:04:22Z,8.46894378019593,0.0846894378019593,111142,run-20260729-155500
2026-07-29T17:04:26Z,8.77653134284743,0.0877653134284743,111508,run-20260729-165500
2026-07-29T18:04:28Z,9.05259607621253,0.0905259607621253,111653,run-20260729-175500
2026-07-29T19:04:22Z,9.56838860974069,0.0956838860974069,110649,run-20260729-185500
2026-07-29T20:04:27Z,8.83735489458786,0.0883735489458786,111327,run-20260729-195500
2026-07-29T21:04:15Z,9.31959785543012,0.0931959785543012,108557,run-20260729-205500
2026-07-29T22:03:47Z,8.80054610316791,0.0880054610316791,103096,run-20260729-215500
2026-07-29T23:03:11Z,8.67368685576892,0.0867368685576892,95986,run-20260729-225500
2026-07-30T00:02:51Z,9.16807602174112,0.0916807602174112,92278,run-20260729-235500
2026-07-30T01:02:54Z,9.27880325961224,0.0927880325961224,93546,run-20260730-005500
2026-07-30T02:02:27Z,9.13853066599382,0.0913853066599382,88363,run-20260730-015500
2026-07-30T03:02:05Z,8.22536524854721,0.0822536524854721,83598,run-20260730-025500
2026-07-30T07:58:35Z,9.80737718127626,0.0980737718127626,42281,run-20260730-075500
2026-07-30T09:58:38Z,10.0383602035329,0.100383602035329,43208,run-20260730-095500
2026-07-30T12:00:09Z,10.5637128584687,0.105637128584687,61079,run-20260730-115500
2026-07-30T14:02:42Z,9.2179956159347,0.092179956159347,91396,run-20260730-135500
2026-07-30T16:04:10Z,9.53972484904444,0.0953972484904444,108995,run-20260730-155500
2026-07-30T18:04:24Z,9.93811074615555,0.0993811074615555,111682,run-20260730-175500
2026-07-30T19:04:15Z,9.49281523361155,0.0949281523361155,108891,run-20260730-185500
2026-07-30T20:04:02Z,9.95389211127157,0.0995389211127157,106592,run-20260730-195500
2026-07-30T21:03:59Z,9.88347267239669,0.0988347267239669,105626,run-20260730-205500
2026-07-30T23:02:55Z,10.1906333940312,0.101906333940312,93955,run-20260730-225500
2026-07-31T00:02:32Z,10.0741695937102,0.100741695937102,89818,run-20260730-235500
2026-07-31T01:02:34Z,9.30625567834794,0.0930625567834794,89833,run-20260731-005500
2026-07-31T02:02:15Z,9.95154693256635,0.0995154693256635,85201,run-20260731-015500
2026-07-31T03:01:38Z,10.4438813944019,0.104438813944019,77753,run-20260731-025500
2026-07-31T04:00:42Z,9.96838042332551,0.0996838042332551,66819,run-20260731-035500
2026-07-31T04:59:47Z,10.4824471703625,0.104824471703625,55758,run-20260731-045500
2026-07-31T05:58:59Z,10.3936875515247,0.103936875515247,46441,run-20260731-055500
2026-07-31T06:59:03Z,10.4054646401413,0.104054646401413,45551,run-20260731-065500
2026-07-31T07:58:41Z,11.0138865037389,0.110138865037389,43033,run-20260731-075500
2026-07-31T08:58:32Z,11.633131657945,0.11633131657945,41589,run-20260731-085500
2026-07-31T09:58:41Z,10.6704312496052,0.106704312496052,43264,run-20260731-095500
2026-07-31T10:59:09Z,11.4782554152197,0.114782554152197,48902,run-20260731-105500
2026-07-31T12:00:05Z,10.9722397580131,0.109722397580131,59930,run-20260731-115500
2026-07-31T13:01:22Z,11.7158478247015,0.117158478247015,75155,run-20260731-125500
2026-07-31T14:02:31Z,11.185705607589,0.11185705607589,88899,run-20260731-135500
2026-07-31T15:03:30Z,10.7755709325435,0.107755709325435,100466,run-20260731-145500
2026-07-31T16:04:09Z,10.0272225582854,0.100272225582854,107983,run-20260731-155500
2026-07-31T17:04:26Z,10.0952232343194,0.100952232343194,111157,run-20260731-165500
2026-07-31T18:04:22Z,9.88683823445166,0.0988683823445166,110373,run-20260731-175500
2026-07-31T19:04:09Z,10.1093127807197,0.101093127807197,107489,run-20260731-185500
2026-07-31T20:04:00Z,10.2999938925953,0.102999938925953,106286,run-20260731-195500
2026-07-31T21:04:03Z,9.9447505932928,0.099447505932928,106884,run-20260731-205500
2026-07-31T22:03:41Z,10.2590771552543,0.102590771552543,102397,run-20260731-215500
2026-07-31T23:03:24Z,9.02640192617894,0.0902640192617894,98955,run-20260731-225500
2026-08-01T00:02:57Z,9.06155332866121,0.0906155332866121,93415,run-20260731-235500
2026-08-01T01:02:31Z,9.77417899991512,0.0977417899991511,88732,run-20260801-005500
2026-08-01T02:02:14Z,9.88175184799929,0.0988175184799929,85228,run-20260801-015500
2026-08-01T03:01:41Z,10.4824627556671,0.104824627556671,78624,run-20260801-025500
2026-08-01T04:00:47Z,10.0999837072588,0.100999837072588,67643,run-20260801-035500
2026-08-01T04:59:58Z,10.7485507461014,0.107485507461014,57943,run-20260801-045500
2026-08-01T05:59:10Z,11.0419145706631,0.110419145706631,48604,run-20260801-055500
2026-08-01T06:58:38Z,11.2100192898865,0.112100192898865,42557,run-20260801-065500
2026-08-01T07:58:32Z,11.7436011568326,0.117436011568326,41529,run-20260801-075500
2026-08-01T08:58:22Z,12.215330476172,0.12215330476172,39652,run-20260801-085500
2026-08-01T09:58:24Z,11.4297386501449,0.114297386501449,39771,run-20260801-095500
2026-08-01T10:58:39Z,10.849552953032,0.10849552953032,42877,run-20260801-105500
2026-08-01T11:59:29Z,11.6132339593232,0.116132339593232,52639,run-20260801-115500
2026-08-01T13:00:32Z,11.0391757472571,0.110391757472571,65305,run-20260801-125500
2026-08-01T14:01:35Z,11.4555996046362,0.114555996046362,77785,run-20260801-135500
2026-08-01T15:02:22Z,11.9860432634481,0.119860432634481,86782,run-20260801-145500
2026-08-01T16:03:02Z,11.7147918024152,0.117147918024152,94285,run-20260801-155500
2026-08-01T17:03:16Z,11.3000799212762,0.113000799212762,97220,run-20260801-165500
2026-08-01T18:03:19Z,10.878599091176,0.10878599091176,97568,run-20260801-175500
2026-08-01T19:03:17Z,11.1930245574968,0.111930245574968,97093,run-20260801-185500
2026-08-01T20:03:09Z,11.2806647885545,0.112806647885545,95246,run-20260801-195500
2026-08-01T21:02:50Z,10.8788938807212,0.108788938807212,91559,run-20260801-205500
2026-08-01T22:02:43Z,10.7211550777887,0.107211550777887,90379,run-20260801-215500
2026-08-01T23:02:24Z,10.699829567527,0.10699829567527,86491,run-20260801-225500
2026-08-02T00:02:17Z,10.5778250269744,0.105778250269744,85233,run-20260801-235500
2026-08-02T01:01:50Z,10.5605677597982,0.105605677597982,81231,run-20260802-005500
2026-08-02T02:01:49Z,9.9228041978955,0.099228041978955,80327,run-20260802-015500
2026-08-02T03:01:19Z,10.273460752888,0.10273460752888,74488,run-20260802-025500
2026-08-02T04:00:38Z,10.3783790160856,0.103783790160856,66267,run-20260802-035500
2026-08-02T04:59:46Z,10.2814338669965,0.102814338669965,55883,run-20260802-045500
2026-08-02T05:58:58Z,10.7466646219932,0.107466646219932,46221,run-20260802-055500
2026-08-02T06:58:36Z,10.0680202359481,0.100680202359481,42004,run-20260802-065500
2026-08-02T07:58:30Z,10.9364198587528,0.109364198587528,40560,run-20260802-075500
2026-08-02T08:58:19Z,10.9976622814821,0.109976622814821,38625,run-20260802-085500
2026-08-02T09:58:15Z,10.4461266911181,0.104461266911181,38300,run-20260802-095500
2026-08-02T10:58:29Z,10.8712543560621,0.108712543560621,40945,run-20260802-105500
2026-08-02T11:59:11Z,11.367816290114,0.11367816290114,49415,run-20260802-115500
2026-08-02T13:00:06Z,11.7187683721647,0.117187683721647,60293,run-20260802-125500
2026-08-02T14:01:13Z,10.5157833305439,0.105157833305439,73776,run-20260802-135500
2026-08-02T15:02:17Z,9.40886317471991,0.0940886317471991,86216,run-20260802-145500
2026-08-02T16:03:02Z,9.77991900936517,0.0977991900936517,94908,run-20260802-155500
2026-08-02T17:03:19Z,9.67419224380549,0.0967419224380549,98416,run-20260802-165500
2026-08-02T18:03:27Z,9.91815585502687,0.0991815585502687,100169,run-20260802-175500
2026-08-02T19:03:31Z,10.1482076670696,0.101482076670696,100853,run-20260802-185500
2026-08-02T20:03:12Z,10.4671291431384,0.104671291431384,96789,run-20260802-195500
2026-08-02T21:03:10Z,10.451599462169,0.10451599462169,95766,run-20260802-205500
2026-08-02T22:02:51Z,10.7568710141586,0.107568710141586,92416,run-20260802-215500
2026-08-02T23:02:28Z,10.7231855767991,0.107231855767991,88038,run-20260802-225500
2026-08-03T00:01:59Z,10.7513323477594,0.107513323477594,82169,run-20260802-235500
2026-08-03T01:02:07Z,10.3929381647756,0.103929381647756,83803,run-20260803-005500
2026-08-03T02:01:45Z,10.5694474072762,0.105694474072762,79280,run-20260803-015500
2026-08-03T03:01:09Z,10.8827110207993,0.108827110207993,72047,run-20260803-025500
2026-08-03T04:00:17Z,10.6262531747733,0.106262531747733,61869,run-20260803-035500
2026-08-03T04:59:32Z,10.410277815352,0.10410277815352,52881,run-20260803-045500
2026-08-03T05:58:52Z,10.7344788379818,0.107344788379818,44777,run-20260803-055500
2026-08-03T06:58:38Z,10.3857929904502,0.103857929904502,42583,run-20260803-065500
2026-08-03T07:58:31Z,10.6788381856296,0.106788381856296,41384,run-20260803-075500
2026-08-03T08:58:26Z,11.0685362446691,0.110685362446691,40546,run-20260803-085500
2026-08-03T09:58:34Z,11.2020159106968,0.112020159106968,41983,run-20260803-095500
2026-08-03T10:58:55Z,11.2259299159962,0.112259299159962,46279,run-20260803-105500
2026-08-03T11:59:49Z,10.8007668426253,0.108007668426253,57098,run-20260803-115500
2026-08-03T13:01:02Z,11.0529903787413,0.110529903787413,71703,run-20260803-125500
2026-08-03T14:02:09Z,10.1112534385686,0.101112534385686,84592,run-20260803-135500
2026-08-03T15:03:08Z,10.4054239255099,0.104054239255099,96500,run-20260803-145500
2026-08-03T16:03:50Z,9.9589398508236,0.0995893985082359,104905,run-20260803-155500
2026-08-03T17:04:06Z,9.87658870338497,0.0987658870338497,107612,run-20260803-165500
2026-08-03T18:03:56Z,10.2164194514486,0.102164194514486,105848,run-20260803-175500
2026-08-03T19:04:24Z,9.08226700604376,0.0908226700604376,110973,run-20260803-185500
2026-08-03T20:04:12Z,9.2652282412543,0.092652282412543,108850,run-20260803-195500
2026-08-03T21:04:08Z,9.91512173994368,0.0991512173994368,107919,run-20260803-205500
2026-08-03T22:03:55Z,9.28246868982667,0.0928246868982667,105212,run-20260803-215500
2026-08-03T23:03:25Z,9.78569024546364,0.0978569024546364,99125,run-20260803-225500
2026-08-04T00:02:56Z,9.45473483114679,0.0945473483114679,93725,run-20260803-235500
2026-08-04T01:02:30Z,9.68475355372686,0.0968475355372686,88824,run-20260804-005500
2026-08-04T02:02:15Z,9.9538604464147,0.099538604464147,84442,run-20260804-015500
2026-08-04T03:01:44Z,9.82631684807794,0.0982631684807794,79066,run-20260804-025500
2026-08-04T04:00:46Z,10.1202465982205,0.101202465982205,67541,run-20260804-035500
2026-08-04T04:59:36Z,10.4079430101148,0.104079430101148,53957,run-20260804-045500
2026-08-04T05:58:56Z,10.5151086203881,0.105151086203881,45991,run-20260804-055500
2026-08-04T06:58:50Z,10.6086804648909,0.106086804648909,44970,run-20260804-065500
2026-08-04T07:58:31Z,10.5936785883419,0.105936785883419,41224,run-20260804-075500
2026-08-04T08:58:24Z,10.6669130986925,0.106669130986925,39968,run-20260804-085500
2026-08-04T09:58:40Z,10.8106454054863,0.108106454054863,43433,run-20260804-095500
2026-08-04T10:59:06Z,10.9177860205673,0.109177860205673,48230,run-20260804-105500
2026-08-04T12:00:04Z,10.8104059057634,0.108104059057634,60038,run-20260804-115500
2026-08-04T13:01:16Z,10.0910320267048,0.100910320267048,74128,run-20260804-125500
2026-08-04T14:02:18Z,9.97553227715125,0.0997553227715125,86103,run-20260804-135500
2026-08-04T15:03:27Z,9.92370190584765,0.0992370190584765,99940,run-20260804-145500
2026-08-04T16:03:57Z,9.76332736980028,0.0976332736980028,105721,run-20260804-155500
2026-08-04T17:04:00Z,10.355332840199,0.10355332840199,106252,run-20260804-165500
2026-08-04T18:03:48Z,10.2420391363497,0.102420391363497,103563,run-20260804-175500
2026-08-04T19:04:06Z,10.2102339303929,0.102102339303929,107347,run-20260804-185500
2026-08-04T20:04:04Z,9.92436417648982,0.0992436417648982,106880,run-20260804-195500
2026-08-04T21:04:04Z,9.8277062646374,0.098277062646374,106783,run-20260804-205500
2026-08-04T22:04:05Z,8.58651724204099,0.0858651724204099,106065,run-20260804-215500
2026-08-04T23:03:27Z,8.77350632797151,0.0877350632797151,99437,run-20260804-225500
2026-08-05T00:03:05Z,8.58308626753952,0.0858308626753952,94794,run-20260804-235500
2026-08-05T01:02:53Z,9.1283905337022,0.091283905337022,93227,run-20260805-005500
2026-08-05T02:02:35Z,9.76480885943527,0.0976480885943527,89434,run-20260805-015500
2026-08-05T03:02:03Z,9.98199055915743,0.0998199055915743,82948,run-20260805-025500
2026-08-05T04:01:14Z,10.0614785834529,0.100614785834529,73137,run-20260805-035500
2026-08-05T05:00:21Z,9.48549303996178,0.0948549303996178,62510,run-20260805-045500
2026-08-05T05:59:25Z,9.45127137819749,0.0945127137819749,51693,run-20260805-055500
2026-08-05T06:59:19Z,10.4020773184571,0.104020773184571,50366,run-20260805-065500
2026-08-05T07:58:48Z,10.7662517720742,0.107662517720742,44612,run-20260805-075500
2026-08-05T08:58:36Z,10.582886903492,0.10582886903492,42548,run-20260805-085500
2026-08-05T09:58:47Z,10.4148117157472,0.104148117157472,44500,run-20260805-095500
2026-08-05T10:59:13Z,10.6534927559234,0.106534927559234,49866,run-20260805-105500
2026-08-05T12:00:11Z,11.1601504230129,0.111601504230129,61639,run-20260805-115500
2026-08-05T13:01:19Z,10.3321005085847,0.103321005085847,74836,run-20260805-125500
2026-08-05T14:02:04Z,10.7793034439446,0.107793034439446,83792,run-20260805-135500
2026-08-05T15:02:53Z,11.0918305901085,0.110918305901085,93060,run-20260805-145500
2026-08-05T16:03:26Z,11.1803860207571,0.111803860207571,99573,run-20260805-155500
2026-08-05T17:04:20Z,11.155768543827,0.11155768543827,109876,run-20260805-165500
2026-08-05T18:04:18Z,11.1894889469167,0.111894889469167,109650,run-20260805-175500
2026-08-05T19:03:50Z,10.6835274224539,0.106835274224539,103695,run-20260805-185500
2026-08-05T20:04:06Z,10.7404380305599,0.107404380305599,107169,run-20260805-195500
2026-08-05T21:04:12Z,10.1593938214952,0.101593938214952,108102,run-20260805-205500
2026-08-05T22:04:00Z,9.86342997688052,0.0986342997688052,105903,run-20260805-215500
2026-08-05T23:03:18Z,9.65031245411369,0.0965031245411369,97707,run-20260805-225500
2026-08-06T00:02:55Z,9.71537134563673,0.0971537134563673,93107,run-20260805-235500
2026-08-06T01:02:56Z,10.0535569816914,0.100535569816914,94083,run-20260806-005500
2026-08-06T02:02:33Z,9.99927437761789,0.0999927437761789,88938,run-20260806-015500
2026-08-06T03:01:59Z,9.46324204208218,0.0946324204208218,82416,run-20260806-025500
2026-08-06T04:00:54Z,10.5481819717265,0.105481819717265,69193,run-20260806-035500
2026-08-06T04:59:54Z,10.1135661464448,0.101135661464448,57189,run-20260806-045500
2026-08-06T05:59:10Z,10.0559697240382,0.100559697240382,48621,run-20260806-055500
2026-08-06T06:58:53Z,10.7090766285536,0.107090766285536,45495,run-20260806-065500
2026-08-06T07:58:39Z,10.6406467900173,0.106406467900173,42710,run-20260806-075500
2026-08-06T08:58:34Z,10.9587359416754,0.109587359416754,41753,run-20260806-085500
2026-08-06T09:58:43Z,9.92367914686804,0.0992367914686804,43689,run-20260806-095500
2026-08-06T10:59:06Z,10.8028265620032,0.108028265620032,48327,run-20260806-105500
2026-08-06T11:59:59Z,10.6046181013377,0.106046181013377,58936,run-20260806-115500
2026-08-06T13:01:18Z,10.6805883227188,0.106805883227188,74697,run-20260806-125500
2026-08-06T14:02:33Z,9.6874730671906,0.096874730671906,89569,run-20260806-135500
2026-08-06T15:03:20Z,9.65415825566616,0.0965415825566616,98867,run-20260806-145500
2026-08-06T16:03:55Z,9.60268936276189,0.0960268936276189,105376,run-20260806-155500
2026-08-06T17:04:12Z,9.78058296097826,0.0978058296097827,108075,run-20260806-165500
2026-08-06T18:04:16Z,9.81605878254173,0.0981605878254173,109440,run-20260806-175500
2026-08-06T19:04:12Z,10.0202296327175,0.100202296327175,108382,run-20260806-185500
2026-08-06T20:03:58Z,10.0302900247132,0.100302900247132,105697,run-20260806-195500
2026-08-06T21:04:16Z,9.94914777982478,0.0994914777982478,108989,run-20260806-205500
2026-08-06T22:04:02Z,9.75788853029595,0.0975788853029595,106693,run-20260806-215500
2026-08-06T23:03:09Z,9.95467986933806,0.0995467986933806,95788,run-20260806-225500
2026-08-07T00:02:56Z,9.83986629003556,0.0983986629003556,93489,run-20260806-235500
2026-08-07T01:03:08Z,9.81292149678599,0.0981292149678599,96224,run-20260807-005500
2026-08-07T02:02:46Z,10.240616978741,0.10240616978741,91643,run-20260807-015500
2026-08-07T03:02:03Z,9.91128344236249,0.0991128344236249,82930,run-20260807-025500
2026-08-07T04:01:02Z,10.5921818924261,0.105921818924261,70952,run-20260807-035500
2026-08-07T05:00:00Z,10.2593377880089,0.102593377880089,58387,run-20260807-045500
2026-08-07T05:59:34Z,9.64870954094236,0.0964870954094236,51786,run-20260807-055500
2026-08-07T06:59:22Z,9.88107563418835,0.0988107563418835,51122,run-20260807-065500
2026-08-07T07:58:46Z,11.2523371061029,0.112523371061029,44367,run-20260807-075500
2026-08-07T08:58:31Z,10.9710892444947,0.109710892444947,41328,run-20260807-085500
2026-08-07T09:58:42Z,10.3706233067675,0.103706233067675,43148,run-20260807-095500
2026-08-07T10:59:09Z,10.960340969725,0.10960340969725,49103,run-20260807-105500
2026-08-07T12:00:03Z,11.5702859316103,0.115702859316103,59685,run-20260807-115500
2026-08-07T13:01:22Z,11.401980412874,0.11401980412874,75173,run-20260807-125500
2026-08-07T14:02:31Z,11.2082250949678,0.112082250949678,88792,run-20260807-135500
2026-08-07T15:03:37Z,11.1973747209671,0.111973747209671,101916,run-20260807-145500
2026-08-07T16:04:16Z,10.3024420048715,0.103024420048715,109199,run-20260807-155500
2026-08-07T17:04:20Z,10.886031515772,0.10886031515772,108869,run-20260807-165500
2026-08-07T18:04:01Z,11.1779418630833,0.111779418630833,106136,run-20260807-175500
2026-08-07T19:03:54Z,11.2000490927546,0.112000490927546,104477,run-20260807-185500
2026-08-07T20:04:09Z,10.6501614928058,0.106501614928058,107376,run-20260807-195500
2026-08-07T21:04:00Z,10.9983659002673,0.109983659002673,105799,run-20260807-205500
2026-08-07T22:03:30Z,11.0262597107956,0.110262597107956,100017,run-20260807-215500
2026-08-07T23:03:26Z,9.68604901536528,0.0968604901536528,98892,run-20260807-225500
2026-08-08T00:02:43Z,10.0909500799617,0.100909500799617,90746,run-20260807-235500
2026-08-08T01:02:26Z,10.1728897213868,0.101728897213868,87883,run-20260808-005500
2026-08-08T02:02:01Z,10.6600126512002,0.106600126512002,82484,run-20260808-015500
2026-08-08T03:01:42Z,10.4733013882394,0.104733013882394,78467,run-20260808-025500
2026-08-08T04:00:39Z,10.9595197170011,0.109595197170011,65835,run-20260808-035500
2026-08-08T04:59:45Z,11.1716117103305,0.111716117103305,55287,run-20260808-045500
2026-08-08T05:59:04Z,11.2826705755877,0.112826705755877,47159,run-20260808-055500
2026-08-08T06:58:36Z,11.6178365517811,0.116178365517811,41847,run-20260808-065500
2026-08-08T07:58:31Z,12.2596711109079,0.122596711109079,40845,run-20260808-075500
2026-08-08T08:58:20Z,12.2857374635126,0.122857374635126,39034,run-20260808-085500
2026-08-08T09:58:21Z,12.1247551195799,0.121247551195799,39119,run-20260808-095500
2026-08-08T10:58:37Z,11.9336781211448,0.119336781211448,42451,run-20260808-105500
2026-08-08T11:59:26Z,11.9198761508463,0.119198761508463,52346,run-20260808-115500
2026-08-08T13:00:22Z,11.4902997325001,0.114902997325001,63227,run-20260808-125500
2026-08-08T14:01:22Z,10.895659229508,0.10895659229508,75291,run-20260808-135500
2026-08-08T15:02:19Z,12.1405998192617,0.121405998192617,86144,run-20260808-145500
2026-08-08T16:02:55Z,11.7436006980058,0.117436006980058,92635,run-20260808-155500
2026-08-08T17:03:17Z,11.7629339505548,0.117629339505548,97179,run-20260808-165500
2026-08-08T18:03:08Z,11.6976307304236,0.116976307304236,95527,run-20260808-175500
2026-08-08T19:02:56Z,11.7700190588976,0.117700190588976,93054,run-20260808-185500
2026-08-08T20:02:47Z,11.4399579331952,0.114399579331952,91085,run-20260808-195500
2026-08-08T21:02:49Z,11.1601700738769,0.111601700738769,91700,run-20260808-205500
2026-08-08T22:02:29Z,11.0486217961065,0.110486217961065,87576,run-20260808-215500
2026-08-08T23:02:07Z,11.8616231128583,0.118616231128583,83131,run-20260808-225500
2026-08-09T00:02:01Z,11.4658199710434,0.114658199710434,82031,run-20260808-235500
2026-08-09T01:01:55Z,11.0534453456352,0.110534453456352,82167,run-20260809-005500
2026-08-09T02:01:41Z,11.4045758334634,0.114045758334634,78833,run-20260809-015500
2026-08-09T03:01:15Z,11.2988880839163,0.112988880839163,73604,run-20260809-025500
2026-08-09T04:00:25Z,11.1102171804065,0.111102171804065,63966,run-20260809-035500
2026-08-09T04:59:27Z,10.981391579214,0.10981391579214,52050,run-20260809-045500
2026-08-09T05:58:48Z,11.5941676984943,0.115941676984943,44213,run-20260809-055500
2026-08-09T06:58:31Z,11.4417617240287,0.114417617240287,40950,run-20260809-065500
2026-08-09T07:58:19Z,11.752281084852,0.11752281084852,38843,run-20260809-075500
2026-08-09T08:58:17Z,11.6298072430682,0.116298072430682,38383,run-20260809-085500
2026-08-09T09:58:18Z,11.2066854816695,0.112066854816695,38645,run-20260809-095500
2026-08-09T10:58:30Z,11.8732274260517,0.118732274260517,41082,run-20260809-105500
2026-08-09T11:59:10Z,12.2609793824071,0.122609793824071,49138,run-20260809-115500
2026-08-09T13:00:03Z,11.8662554800749,0.118662554800749,59377,run-20260809-125500
2026-08-09T14:01:01Z,11.7173773110807,0.117173773110807,71170,run-20260809-135500
2026-08-09T15:02:02Z,11.3015139350569,0.113015139350569,83234,run-20260809-145500
2026-08-09T16:02:28Z,11.4249342379798,0.114249342379798,88219,run-20260809-155500
2026-08-09T17:02:51Z,10.5919032250762,0.105919032250762,92627,run-20260809-165500
2026-08-09T18:02:58Z,11.4938046482644,0.114938046482644,93722,run-20260809-175500
2026-08-09T19:02:54Z,11.2433852266114,0.112433852266114,92982,run-20260809-185500
2026-08-09T20:02:41Z,11.4577344628178,0.114577344628178,90413,run-20260809-195500
2026-08-09T21:02:52Z,11.1540103374801,0.111540103374801,92740,run-20260809-205500
2026-08-09T22:02:45Z,11.2400350933088,0.112400350933088,91048,run-20260809-215500
2026-08-09T23:02:08Z,10.6284136266568,0.106284136266568,83839,run-20260809-225500
2026-08-10T00:01:58Z,10.692114951406,0.10692114951406,81973,run-20260809-235500
2026-08-10T01:01:41Z,10.5791764204244,0.105791764204244,78887,run-20260810-005500
2026-08-10T02:01:27Z,10.4006342808495,0.104006342808495,76259,run-20260810-015500
2026-08-10T03:00:56Z,10.7458795737505,0.107458795737505,69684,run-20260810-025500
2026-08-10T04:00:17Z,10.3411733753005,0.103411733753005,62166,run-20260810-035500
2026-08-10T04:59:19Z,11.1597883347097,0.111597883347097,50901,run-20260810-045500
2026-08-10T05:58:45Z,10.541363538877,0.10541363538877,43984,run-20260810-055500
2026-08-10T06:58:32Z,10.8247634261233,0.108247634261233,41275,run-20260810-065500
2026-08-10T07:58:23Z,10.8588945228715,0.108588945228715,39729,run-20260810-075500
2026-08-10T08:58:13Z,10.9342511390375,0.109342511390375,38160,run-20260810-085500
2026-08-10T09:58:22Z,11.508330606523,0.11508330606523,39645,run-20260810-095500
2026-08-10T10:58:48Z,11.9205202552308,0.119205202552308,44887,run-20260810-105500
2026-08-10T11:59:38Z,11.8359451005763,0.118359451005763,54867,run-20260810-115500
2026-08-10T13:00:44Z,11.2836540797231,0.112836540797231,68055,run-20260810-125500
2026-08-10T14:01:54Z,10.5171377275439,0.105171377275439,82151,run-20260810-135500
2026-08-10T15:02:45Z,10.9837876455038,0.109837876455038,92051,run-20260810-145500
2026-08-10T16:03:22Z,9.91924954729255,0.0991924954729255,99317,run-20260810-155500
2026-08-10T17:03:41Z,10.7203817228595,0.107203817228595,102570,run-20260810-165500
2026-08-10T18:03:49Z,10.6579113190443,0.106579113190443,104062,run-20260810-175500
2026-08-10T19:03:47Z,10.8065994440613,0.108065994440613,103449,run-20260810-185500
2026-08-10T20:04:05Z,9.53888967432406,0.0953888967432406,107249,run-20260810-195500
2026-08-10T21:03:54Z,9.78430868649662,0.0978430868649662,104914,run-20260810-205500
2026-08-10T22:03:37Z,9.28058653620357,0.0928058653620357,101727,run-20260810-215500
2026-08-10T23:02:57Z,9.35697284074642,0.0935697284074642,93874,run-20260810-225500
2026-08-11T00:02:23Z,9.52068181525977,0.0952068181525977,87040,run-20260810-235500
2026-08-11T01:02:19Z,9.33482684060665,0.0933482684060665,86340,run-20260811-005500
2026-08-11T02:02:13Z,9.28610676335312,0.0928610676335312,84816,run-20260811-015500
2026-08-11T03:01:42Z,9.59557493553222,0.0959557493553222,78673,run-20260811-025500
2026-08-11T04:00:40Z,9.45327010940998,0.0945327010940998,66703,run-20260811-035500
2026-08-11T04:59:46Z,9.71655047707711,0.0971655047707711,55629,run-20260811-045500
2026-08-11T05:58:54Z,10.2057374739382,0.102057374739382,45825,run-20260811-055500
2026-08-11T06:58:48Z,10.2096334900391,0.102096334900391,44664,run-20260811-065500
2026-08-11T07:58:32Z,10.520055816289,0.10520055816289,41618,run-20260811-075500
2026-08-11T08:58:24Z,10.4353030608036,0.104353030608036,40004,run-20260811-085500
2026-08-11T09:58:30Z,10.2997592059249,0.102997592059249,40990,run-20260811-095500
2026-08-11T10:59:00Z,10.7054407491587,0.107054407491587,47548,run-20260811-105500
2026-08-11T11:59:53Z,10.6167831389588,0.106167831389588,57906,run-20260811-115500
2026-08-11T13:01:09Z,9.90972612598978,0.0990972612598978,73083,run-20260811-125500
2026-08-11T14:02:07Z,10.5220978004956,0.105220978004956,84317,run-20260811-135500
2026-08-11T15:03:00Z,10.2425290940874,0.102425290940874,94663,run-20260811-145500
2026-08-11T16:03:33Z,9.90022683514052,0.0990022683514052,101570,run-20260811-155500
2026-08-11T17:04:05Z,9.46338704093534,0.0946338704093534,107379,run-20260811-165500
2026-08-11T18:03:58Z,10.1996563173077,0.101996563173077,105658,run-20260811-175500
2026-08-11T19:03:50Z,9.89194153317954,0.0989194153317954,103919,run-20260811-185500
2026-08-11T20:03:40Z,10.1606522533754,0.101606522533754,101864,run-20260811-195500
2026-08-11T21:03:43Z,9.90841719326962,0.0990841719326962,102372,run-20260811-205500
2026-08-11T22:03:33Z,9.06938675599229,0.0906938675599229,100701,run-20260811-215500
2026-08-11T23:02:59Z,9.21706254873852,0.0921706254873852,93607,run-20260811-225500
2026-08-12T00:02:45Z,8.92471197004154,0.0892471197004154,91220,run-20260811-235500
2026-08-12T01:02:31Z,8.75753769728549,0.0875753769728549,88947,run-20260812-005500
2026-08-12T02:02:25Z,9.59806273656316,0.0959806273656316,87061,run-20260812-015500
2026-08-12T03:01:59Z,9.98102081847352,0.0998102081847352,82299,run-20260812-025500
2026-08-12T04:01:13Z,10.4671593710044,0.104671593710044,73069,run-20260812-035500
2026-08-12T05:00:09Z,10.2972486749446,0.102972486749446,60421,run-20260812-045500
2026-08-12T05:59:17Z,10.1503749124096,0.101503749124096,50099,run-20260812-055500
2026-08-12T06:58:46Z,11.8448860998816,0.118448860998816,43962,run-20260812-065500
2026-08-12T07:58:36Z,11.7235946993024,0.117235946993024,41984,run-20260812-075500
2026-08-12T08:58:26Z,11.8885786845807,0.118885786845807,40419,run-20260812-085500
2026-08-12T09:58:35Z,11.473868371211,0.11473868371211,42226,run-20260812-095500
2026-08-12T10:59:15Z,10.8239750708227,0.108239750708227,50135,run-20260812-105500
2026-08-12T12:00:10Z,10.4261080248299,0.104261080248299,61117,run-20260812-115500
2026-08-12T13:01:28Z,11.3082559256792,0.113082559256792,76448,run-20260812-125500
2026-08-12T14:02:18Z,11.5512007438996,0.115512007438996,86078,run-20260812-135500
2026-08-12T15:03:16Z,11.3455171158457,0.113455171158457,97832,run-20260812-145500
2026-08-12T16:03:49Z,10.6958311866765,0.106958311866765,103937,run-20260812-155500
2026-08-12T17:04:09Z,10.3554733784159,0.103554733784159,107451,run-20260812-165500
2026-08-12T18:04:19Z,10.0908984276039,0.100908984276039,109452,run-20260812-175500
2026-08-12T19:04:41Z,10.7764136551018,0.107764136551018,113992,run-20260812-185500
2026-08-12T20:04:21Z,11.047099430228,0.11047099430228,110324,run-20260812-195500
2026-08-12T21:04:19Z,10.4757150816639,0.104757150816639,109513,run-20260812-205500
2026-08-12T22:03:41Z,10.2825552926288,0.102825552926288,102123,run-20260812-215500
2026-08-12T23:02:56Z,9.62700420423735,0.0962700420423735,93298,run-20260812-225500
2026-08-13T00:02:42Z,9.89785560948888,0.0989785560948888,90693,run-20260812-235500
2026-08-13T01:02:50Z,9.92608688512092,0.0992608688512092,92815,run-20260813-005500
2026-08-13T02:02:30Z,10.0459927712513,0.100459927712513,88350,run-20260813-015500
2026-08-13T03:01:45Z,9.96505928453131,0.0996505928453131,79434,run-20260813-025500
2026-08-13T04:00:49Z,10.0872493179113,0.100872493179113,68227,run-20260813-035500
2026-08-13T04:59:55Z,10.3587757003842,0.103587757003842,57327,run-20260813-045500
2026-08-13T05:59:10Z,11.2937967202291,0.112937967202291,48750,run-20260813-055500
2026-08-13T06:59:02Z,10.940401451474,0.10940401451474,47342,run-20260813-065500
2026-08-13T07:58:41Z,12.0358609024597,0.120358609024597,43258,run-20260813-075500
2026-08-13T08:58:38Z,12.113087897416,0.12113087897416,42324,run-20260813-085500
2026-08-13T09:58:42Z,11.3280190377875,0.113280190377875,43452,run-20260813-095500
2026-08-13T10:59:08Z,10.6667788215903,0.106667788215903,48733,run-20260813-105500
2026-08-13T12:00:16Z,11.2556521781948,0.112556521781948,62393,run-20260813-115500
2026-08-13T13:01:27Z,10.7340041749165,0.107340041749165,75802,run-20260813-125500
2026-08-13T14:02:34Z,10.0367652762893,0.100367652762893,89354,run-20260813-135500
2026-08-13T15:03:27Z,10.1020342495239,0.101020342495239,99443,run-20260813-145500
2026-08-13T16:03:51Z,10.3045364026628,0.103045364026628,104589,run-20260813-155500
2026-08-13T17:04:08Z,10.208454068492,0.10208454068492,107645,run-20260813-165500
2026-08-13T18:04:09Z,10.1687714795801,0.101687714795801,107572,run-20260813-175500
2026-08-13T19:03:58Z,10.0401807357629,0.100401807357629,105449,run-20260813-185500
2026-08-13T20:03:47Z,9.89304629478342,0.0989304629478342,103000,run-20260813-195500
2026-08-13T21:03:54Z,10.3289470169232,0.103289470169232,104228,run-20260813-205500
2026-08-13T22:03:30Z,10.1809526171668,0.101809526171668,99285,run-20260813-215500
2026-08-13T23:02:51Z,9.94054741463918,0.0994054741463918,91871,run-20260813-225500
2026-08-14T00:02:38Z,10.1026664539046,0.101026664539046,89469,run-20260813-235500
2026-08-14T01:02:40Z,9.93472729661886,0.0993472729661886,90636,run-20260814-005500
2026-08-14T02:02:17Z,9.93568730224793,0.0993568730224794,85865,run-20260814-015500
2026-08-14T03:01:36Z,9.86611051540468,0.0986611051540468,77364,run-20260814-025500
2026-08-14T04:00:39Z,9.38795577812279,0.0938795577812279,65747,run-20260814-035500
2026-08-14T04:59:53Z,9.31151464092964,0.0931151464092964,57077,run-20260814-045500
2026-08-14T05:59:25Z,9.56158738711494,0.0956158738711494,51380,run-20260814-055500
2026-08-14T06:59:07Z,9.14413628545981,0.0914413628545981,48363,run-20260814-065500
2026-08-14T07:58:53Z,9.58665692437155,0.0958665692437155,45886,run-20260814-075500
2026-08-14T08:58:36Z,10.1595667188461,0.101595667188461,42292,run-20260814-085500
2026-08-14T09:58:47Z,10.4726926066123,0.104726926066123,43859,run-20260814-095500
2026-08-14T10:59:07Z,10.8667723903286,0.108667723903286,48314,run-20260814-105500
2026-08-14T12:00:05Z,11.3249453959821,0.113249453959821,60183,run-20260814-115500
2026-08-14T13:01:14Z,11.2694721459996,0.112694721459996,73449,run-20260814-125500
2026-08-14T14:02:23Z,11.0853631124221,0.110853631124221,87096,run-20260814-135500
2026-08-14T15:03:15Z,10.4042677551367,0.104042677551367,97376,run-20260814-145500
2026-08-14T16:03:51Z,9.91838507901169,0.0991838507901169,104099,run-20260814-155500
2026-08-14T17:04:11Z,9.71014903356184,0.0971014903356184,107970,run-20260814-165500
2026-08-14T18:04:06Z,9.77574665810037,0.0977574665810037,106987,run-20260814-175500
2026-08-14T19:05:11Z,8.21991759379116,0.0821991759379116,119730,run-20260814-185500
2026-08-14T20:04:22Z,8.50344951483587,0.0850344951483587,109257,run-20260814-195500
2026-08-14T21:04:14Z,8.21905998346184,0.0821905998346184,108357,run-20260814-205500
2026-08-14T22:03:45Z,8.29303200647902,0.0829303200647902,102440,run-20260814-215500
2026-08-14T23:03:01Z,8.60293408156907,0.0860293408156907,94062,run-20260814-225500
2026-08-15T00:02:30Z,9.69675654390607,0.0969675654390607,87825,run-20260814-235500
2026-08-15T01:02:02Z,10.0853383429363,0.100853383429363,82909,run-20260815-005500
2026-08-15T02:01:47Z,9.9046891481628,0.099046891481628,79856,run-20260815-015500
2026-08-15T03:01:21Z,10.3209413148688,0.103209413148688,74478,run-20260815-025500
2026-08-15T04:00:56Z,10.0956077428875,0.100956077428875,69836,run-20260815-035500
2026-08-15T05:00:06Z,9.63832359304553,0.0963832359304553,59655,run-20260815-045500
2026-08-15T05:59:14Z,9.52171010965377,0.0952171010965377,49641,run-20260815-055500
2026-08-15T06:58:44Z,9.29645091544302,0.0929645091544302,43549,run-20260815-065500
2026-08-15T07:58:37Z,9.73881988903674,0.0973881988903674,42299,run-20260815-075500
2026-08-15T08:58:28Z,9.26266173211999,0.0926266173211999,40619,run-20260815-085500
2026-08-15T09:58:22Z,10.4911812282341,0.104911812282341,39289,run-20260815-095500
2026-08-15T10:58:38Z,10.2754655647108,0.102754655647108,42459,run-20260815-105500
2026-08-15T11:59:19Z,11.284923007587,0.11284923007587,50587,run-20260815-115500
2026-08-15T13:00:19Z,10.7443025949999,0.107443025949999,62012,run-20260815-125500
2026-08-15T14:01:14Z,10.4861186170014,0.104861186170014,73074,run-20260815-135500
2026-08-15T15:02:13Z,10.6800238788507,0.106800238788507,84609,run-20260815-145500
2026-08-15T16:02:46Z,10.7610086087729,0.107610086087729,90809,run-20260815-155500
2026-08-15T17:03:05Z,10.652401650838,0.10652401650838,94646,run-20260815-165500
2026-08-15T18:02:58Z,11.3050535005485,0.113050535005485,93175,run-20260815-175500
2026-08-15T19:02:47Z,11.2233225105929,0.112233225105929,90763,run-20260815-185500
2026-08-15T20:02:33Z,11.3945204328496,0.113945204328496,87941,run-20260815-195500
2026-08-15T21:02:30Z,11.4338672397487,0.114338672397487,87268,run-20260815-205500
2026-08-15T22:02:12Z,10.929343330415,0.10929343330415,83887,run-20260815-215500
2026-08-15T23:02:19Z,11.4248496783419,0.114248496783419,81582,run-20260815-225500
2026-08-16T00:02:02Z,11.2462904259066,0.112462904259066,81747,run-20260815-235500
2026-08-16T01:01:46Z,10.7617769706303,0.107617769706303,80209,run-20260816-005500
2026-08-16T02:01:33Z,11.0638787666049,0.110638787666049,77476,run-20260816-015500
2026-08-16T03:01:02Z,10.9944816383645,0.109944816383645,70962,run-20260816-025500
2026-08-16T04:00:14Z,11.456253167147,0.11456253167147,61428,run-20260816-035500
2026-08-16T04:59:34Z,11.1561869278855,0.111561869278855,53768,run-20260816-045500
2026-08-16T05:58:58Z,10.8859876318692,0.108859876318692,45950,run-20260816-055500
2026-08-16T06:58:35Z,10.9234413934505,0.109234413934505,41830,run-20260816-065500
2026-08-16T07:58:26Z,10.4604671805234,0.104604671805234,40092,run-20260816-075500
2026-08-16T08:58:21Z,10.8698217278395,0.108698217278395,39337,run-20260816-085500
2026-08-16T09:58:13Z,10.6519392513808,0.106519392513808,37790,run-20260816-095500
2026-08-16T10:58:28Z,10.8336838808679,0.108336838808679,40410,run-20260816-105500
2026-08-16T11:59:08Z,10.8040657543614,0.108040657543614,48492,run-20260816-115500
2026-08-16T12:59:59Z,10.8123143737147,0.108123143737147,58624,run-20260816-125500
2026-08-16T14:01:09Z,10.663508176529,0.10663508176529,72605,run-20260816-135500
2026-08-16T15:07:01Z,9.81337880610316,0.0981337880610316,16192,run-20260816-145500
2026-08-16T16:07:01Z,8.9758751665717,0.089758751665717,7570,run-20260816-155500
2026-08-16T17:02:36Z,10.5386937982856,0.105386937982856,41468,run-20260816-165500
2026-08-16T18:07:00Z,11.9665841277202,0.119665841277202,145,run-20260816-175500
2026-08-16T19:00:14Z,10.2777088528133,0.102777088528133,5460,run-20260816-185500
2026-08-16T19:55:02Z,4.8271775281406,0.048271775281406,17,run-20260816-195500
2026-08-16T20:55:01Z,2.19722057156,0.0219722057156,30,run-20260816-205500
2026-08-16T22:02:28Z,10.135876529688,0.10135876529688,88263,run-20260816-215500
2026-08-16T23:02:29Z,9.35115234223845,0.0935115234223845,88565,run-20260816-225500
2026-08-17T00:02:15Z,9.71276503142461,0.0971276503142461,86229,run-20260816-235500
2026-08-17T01:02:05Z,9.72937224694667,0.0972937224694667,84354,run-20260817-005500
2026-08-17T02:01:41Z,9.63042302378431,0.0963042302378431,79504,run-20260817-015500
2026-08-17T03:01:19Z,10.0180990833779,0.100180990833779,75235,run-20260817-025500
2026-08-17T04:00:47Z,7.35443260709242,0.0735443260709242,68695,run-20260817-035500
2026-08-17T04:59:37Z,8.10424554421306,0.0810424554421307,54908,run-20260817-045500
2026-08-17T05:58:51Z,9.59996247227424,0.0959996247227424,45468,run-20260817-055500
2026-08-17T06:58:48Z,9.54995534542102,0.0954995534542102,44981,run-20260817-065500
2026-08-17T07:58:41Z,9.22837428767998,0.0922837428767998,42691,run-20260817-075500
2026-08-17T08:58:26Z,9.91365890896416,0.0991365890896416,40551,run-20260817-085500
2026-08-17T09:58:30Z,9.93686125970506,0.0993686125970506,41626,run-20260817-095500
2026-08-17T10:58:56Z,10.3871843535751,0.103871843535751,46541,run-20260817-105500
2026-08-17T11:59:51Z,11.0072664007652,0.110072664007652,57654,run-20260817-115500
2026-08-17T13:00:57Z,10.760064048558,0.107600640485581,70827,run-20260817-125500
2026-08-17T14:01:56Z,9.95603292717238,0.0995603292717238,82715,run-20260817-135500
2026-08-17T15:02:49Z,9.4017963382807,0.094017963382807,93040,run-20260817-145500
2026-08-17T16:03:25Z,9.84682384207597,0.0984682384207597,100285,run-20260817-155500
2026-08-17T17:03:46Z,9.89049503497743,0.0989049503497743,104417,run-20260817-165500
2026-08-17T18:03:45Z,9.45808246664636,0.0945808246664636,104434,run-20260817-175500
2026-08-17T19:03:44Z,9.45935686247746,0.0945935686247746,103867,run-20260817-185500
2026-08-17T20:03:33Z,9.42735990556316,0.0942735990556316,102093,run-20260817-195500
2026-08-17T21:03:32Z,9.80148518991743,0.0980148518991743,102074,run-20260817-205500
2026-08-17T22:03:14Z,9.88956651378137,0.0988956651378137,98161,run-20260817-215500
2026-08-17T23:02:42Z,9.68065174771721,0.0968065174771721,91926,run-20260817-225500
2026-08-18T00:02:21Z,9.60560977446518,0.0960560977446518,87674,run-20260817-235500
2026-08-18T01:02:15Z,9.97887496439286,0.0997887496439286,86618,run-20260818-005500
2026-08-18T02:01:57Z,9.36621783915404,0.0936621783915404,83075,run-20260818-015500
2026-08-18T03:01:18Z,10.0286229513709,0.100286229513709,75355,run-20260818-025500
2026-08-18T04:00:40Z,9.47779063869456,0.0947779063869456,67666,run-20260818-035500
2026-08-18T04:59:42Z,10.1944381012913,0.101944381012913,55803,run-20260818-045500
2026-08-18T05:58:53Z,10.0411866061466,0.100411866061466,45940,run-20260818-055500
2026-08-18T06:58:45Z,9.64464154027913,0.0964464154027913,44551,run-20260818-065500
2026-08-18T07:58:26Z,10.6184448692481,0.106184448692481,40785,run-20260818-075500
2026-08-18T08:58:24Z,10.8862336572746,0.108862336572746,40551,run-20260818-085500
2026-08-18T09:58:31Z,10.0501143483272,0.100501143483272,41920,run-20260818-095500
2026-08-18T10:59:00Z,10.3936349781576,0.103936349781575,47667,run-20260818-105500
2026-08-18T11:59:48Z,10.8857049537342,0.108857049537342,57348,run-20260818-115500
2026-08-18T13:00:57Z,10.6218743361759,0.106218743361759,70746,run-20260818-125500
2026-08-18T14:02:03Z,11.0756938718493,0.110756938718493,84515,run-20260818-135500
2026-08-18T15:02:54Z,11.0259922835769,0.110259922835769,94375,run-20260818-145500
2026-08-18T16:03:16Z,10.4522793063403,0.104522793063403,98539,run-20260818-155500
2026-08-18T17:03:40Z,10.4260044509849,0.104260044509849,103439,run-20260818-165500
2026-08-18T18:03:42Z,10.3102634983968,0.103102634983968,103878,run-20260818-175500
2026-08-18T19:03:35Z,10.8772971359644,0.108772971359644,102239,run-20260818-185500
2026-08-18T20:03:32Z,10.4756252342067,0.104756252342067,101672,run-20260818-195500
2026-08-18T21:03:27Z,10.1491643856376,0.101491643856376,100679,run-20260818-205500
2026-08-18T22:03:18Z,10.1421423801345,0.101421423801345,98811,run-20260818-215500
2026-08-18T23:03:16Z,10.1350251785361,0.101350251785361,98807,run-20260818-225500
2026-08-19T00:02:35Z,10.2278251688464,0.102278251688464,90129,run-20260818-235500
2026-08-19T01:02:29Z,10.8010645327162,0.108010645327162,89576,run-20260819-005500
2026-08-19T02:02:11Z,10.3521581491114,0.103521581491114,85860,run-20260819-015500
2026-08-19T03:01:35Z,10.810251232665,0.10810251232665,78640,run-20260819-025500
2026-08-19T04:00:41Z,10.0688466732627,0.100688466732627,67630,run-20260819-035500
2026-08-19T04:59:41Z,10.5983568682781,0.105983568682781,55344,run-20260819-045500
2026-08-19T05:58:12Z,10.2163848402113,0.102163848402113,38013,run-20260819-055500
2026-08-19T06:58:49Z,10.3471851707491,0.103471851707491,45212,run-20260819-065500
2026-08-19T07:59:15Z,12.25337524733,0.1225337524733,50732,run-20260819-075500
2026-08-19T08:58:31Z,11.1596690822341,0.111596690822341,41735,run-20260819-085500
2026-08-19T09:58:38Z,11.0546332761006,0.110546332761006,43353,run-20260819-095500
2026-08-19T10:59:19Z,11.2151820752817,0.112151820752817,51531,run-20260819-105500
2026-08-19T11:59:57Z,12.0729505548947,0.120729505548947,59120,run-20260819-115500
2026-08-19T13:01:11Z,11.7801586028711,0.117801586028711,73757,run-20260819-125500
2026-08-19T14:02:12Z,11.0816697889884,0.110816697889884,86089,run-20260819-135500
2026-08-19T15:03:03Z,10.8423616321331,0.108423616321331,96117,run-20260819-145500
2026-08-19T16:04:19Z,10.9701539455656,0.109701539455656,109087,run-20260819-155500
2026-08-19T17:03:55Z,10.6888790249749,0.106888790249749,105581,run-20260819-165500
2026-08-19T18:03:46Z,10.4980412020028,0.104980412020028,104498,run-20260819-175500
2026-08-19T19:03:40Z,10.6085100381062,0.106085100381062,103107,run-20260819-185500
2026-08-19T20:03:47Z,10.8097195886206,0.108097195886206,104227,run-20260819-195500
2026-08-19T21:03:50Z,10.8273869612948,0.108273869612948,104498,run-20260819-205500
2026-08-19T22:03:31Z,10.2642957145652,0.102642957145652,101567,run-20260819-215500
2026-08-19T23:03:03Z,10.385867771018,0.10385867771018,94552,run-20260819-225500
2026-08-20T00:02:35Z,10.0922421771877,0.100922421771877,90509,run-20260819-235500
2026-08-20T01:02:37Z,10.0997275342649,0.100997275342649,91138,run-20260820-005500
2026-08-20T02:02:23Z,9.86950951774495,0.0986950951774495,88352,run-20260820-015500
2026-08-20T03:01:47Z,9.49045230771821,0.0949045230771822,81055,run-20260820-025500
2026-08-20T04:00:40Z,10.2381085297177,0.102381085297177,67222,run-20260820-035500
2026-08-20T04:59:43Z,10.2182026533644,0.102182026533644,56288,run-20260820-045500
2026-08-20T05:58:59Z,10.0283828281628,0.100283828281628,46706,run-20260820-055500
2026-08-20T06:58:55Z,9.77042693203579,0.0977042693203579,46586,run-20260820-065500
2026-08-20T07:58:56Z,11.0490111857581,0.110490111857581,47042,run-20260820-075500
2026-08-20T08:58:28Z,10.0834648482356,0.100834648482356,41191,run-20260820-085500
2026-08-20T09:58:33Z,10.9895362022576,0.109895362022576,42251,run-20260820-095500
2026-08-20T10:59:13Z,10.623410678029,0.10623410678029,49991,run-20260820-105500
2026-08-20T12:00:07Z,10.8922003897823,0.108922003897823,61234,run-20260820-115500
2026-08-20T13:01:08Z,11.6197927153456,0.116197927153456,73425,run-20260820-125500
2026-08-20T14:02:12Z,10.8961019465295,0.108961019465295,86108,run-20260820-135500
2026-08-20T15:02:57Z,10.7947402246626,0.107947402246626,94941,run-20260820-145500
2026-08-20T16:03:48Z,10.2362431604388,0.102362431604388,105100,run-20260820-155500
2026-08-20T17:04:07Z,10.1206367987883,0.101206367987883,107785,run-20260820-165500
2026-08-20T18:03:59Z,10.4616225330096,0.104616225330096,106913,run-20260820-175500
2026-08-20T19:03:50Z,10.2993041355622,0.102993041355622,105264,run-20260820-185500
2026-08-20T20:03:44Z,10.100556784141,0.10100556784141,104229,run-20260820-195500
2026-08-20T21:03:51Z,9.96723147950598,0.0996723147950598,105536,run-20260820-205500
2026-08-20T22:03:33Z,9.91670801037368,0.0991670801037368,101845,run-20260820-215500
2026-08-20T23:02:55Z,9.9686664058764,0.099686664058764,94188,run-20260820-225500
2026-08-21T00:02:31Z,9.5324544850997,0.095324544850997,89553,run-20260820-235500
2026-08-21T01:02:40Z,9.32331912089519,0.0932331912089519,91530,run-20260821-005500
2026-08-21T02:02:24Z,9.48498135443617,0.0948498135443617,88531,run-20260821-015500
2026-08-21T03:01:42Z,9.75608196027508,0.0975608196027508,79943,run-20260821-025500
2026-08-21T04:00:40Z,10.2953059629876,0.102953059629876,67273,run-20260821-035500
2026-08-21T04:59:36Z,10.4244754350131,0.104244754350131,54656,run-20260821-045500
2026-08-21T05:59:09Z,10.4245421014783,0.104245421014783,47378,run-20260821-055500
2026-08-21T06:58:55Z,10.8145787734913,0.108145787734913,46689,run-20260821-065500
2026-08-21T07:58:53Z,11.0000630733674,0.110000630733674,46096,run-20260821-075500
2026-08-21T08:58:35Z,11.71788042765,0.1171788042765,42759,run-20260821-085500
2026-08-21T09:58:46Z,11.0083285977455,0.110083285977455,44125,run-20260821-095500
2026-08-21T10:59:15Z,11.0430786325794,0.110430786325794,49734,run-20260821-105500
2026-08-21T12:00:11Z,11.8011654106552,0.118011654106552,62015,run-20260821-115500
2026-08-21T13:01:20Z,11.7815981764077,0.117815981764077,75136,run-20260821-125500
2026-08-21T14:02:14Z,12.0033888761757,0.120033888761757,86460,run-20260821-135500
2026-08-21T15:03:09Z,11.4541546206689,0.114541546206689,97100,run-20260821-145500
2026-08-21T16:03:46Z,10.5620097517903,0.105620097517903,104519,run-20260821-155500
2026-08-21T17:04:00Z,10.445404320628,0.10445404320628,106911,run-20260821-165500
2026-08-21T18:03:52Z,10.5824965979369,0.105824965979369,105264,run-20260821-175500
2026-08-21T19:03:53Z,10.456411194215,0.10456411194215,105580,run-20260821-185500
2026-08-21T20:03:54Z,10.6251099431518,0.106251099431518,105785,run-20260821-195500
2026-08-21T21:03:42Z,10.5690787659706,0.105690787659706,103075,run-20260821-205500
2026-08-21T22:03:25Z,10.5377257364135,0.105377257364135,100202,run-20260821-215500
2026-08-21T23:02:49Z,10.173700447267,0.10173700447267,93323,run-20260821-225500
2026-08-22T00:02:29Z,10.2774607540097,0.102774607540097,89232,run-20260821-235500
2026-08-22T01:02:13Z,10.0240066125666,0.100240066125666,86225,run-20260822-005500
2026-08-22T02:01:55Z,10.1013608954939,0.101013608954939,82499,run-20260822-015500
2026-08-22T03:01:19Z,10.1121940160159,0.101121940160159,75287,run-20260822-025500
2026-08-22T04:00:24Z,9.94437385330199,0.0994437385330199,63997,run-20260822-035500
2026-08-22T04:59:45Z,9.42976687347982,0.0942976687347982,56264,run-20260822-045500
2026-08-22T05:58:56Z,10.414889798004,0.10414889798004,46506,run-20260822-055500
2026-08-22T06:58:41Z,10.5694147532952,0.105694147532952,43341,run-20260822-065500
2026-08-22T07:58:20Z,10.8751365307379,0.108751365307379,39378,run-20260822-075500
2026-08-22T08:58:14Z,10.6997270889267,0.106997270889267,38161,run-20260822-085500
2026-08-22T09:58:17Z,11.7012820110988,0.117012820110988,38994,run-20260822-095500
2026-08-22T10:58:41Z,10.7004671769835,0.107004671769835,43333,run-20260822-105500
2026-08-22T11:59:24Z,11.2413351240255,0.112413351240255,52185,run-20260822-115500
2026-08-22T13:00:38Z,11.2404125345267,0.112404125345267,66094,run-20260822-125500
2026-08-22T14:01:36Z,11.1960309707425,0.111960309707425,78029,run-20260822-135500
2026-08-22T15:02:04Z,11.6482129633834,0.116482129633834,84070,run-20260822-145500
2026-08-22T16:01:49Z,11.0343462548538,0.110343462548538,80959,run-20260822-155500
2026-08-22T17:02:43Z,11.157103471773,0.11157103471773,91631,run-20260822-165500
2026-08-22T18:03:13Z,11.1786528364121,0.111786528364121,97744,run-20260822-175500
2026-08-22T19:02:48Z,11.1262500500429,0.111262500500429,93224,run-20260822-185500
2026-08-22T20:02:35Z,11.0502218834827,0.110502218834827,90060,run-20260822-195500
2026-08-22T21:02:24Z,10.6837963560552,0.106837963560552,87802,run-20260822-205500
2026-08-22T22:02:15Z,10.5004255590858,0.105004255590858,86269,run-20260822-215500
2026-08-22T23:01:58Z,10.7793198705023,0.107793198705023,82788,run-20260822-225500
2026-08-23T00:01:53Z,10.5553472157112,0.105553472157112,81632,run-20260822-235500
2026-08-23T01:01:44Z,10.0386718373772,0.100386718373772,80389,run-20260823-005500
2026-08-23T02:01:21Z,9.73286794433534,0.0973286794433534,74890,run-20260823-015500
2026-08-23T03:01:01Z,10.7608771660081,0.107608771660081,70627,run-20260823-025500
2026-08-23T04:00:15Z,11.0403200086286,0.110403200086286,61560,run-20260823-035500
2026-08-23T04:59:38Z,10.1492790842603,0.101492790842603,54322,run-20260823-045500
2026-08-23T05:58:48Z,9.97543815271019,0.0997543815271019,44278,run-20260823-055500
2026-08-23T06:58:23Z,10.5209987532961,0.105209987532961,39146,run-20260823-065500
2026-08-23T07:58:23Z,10.8961544657473,0.108961544657473,39687,run-20260823-075500
2026-08-23T08:58:15Z,11.4025645468819,0.114025645468819,38058,run-20260823-085500
2026-08-23T09:58:07Z,11.6383463273111,0.116383463273111,36602,run-20260823-095500
2026-08-23T10:58:31Z,10.725648772947,0.10725648772947,41457,run-20260823-105500
2026-08-23T11:59:13Z,10.9135446587326,0.109135446587326,50022,run-20260823-115500
2026-08-23T13:00:19Z,11.092394800643,0.11092394800643,62976,run-20260823-125500
2026-08-23T14:01:46Z,10.0846326534764,0.100846326534764,80118,run-20260823-135500
2026-08-23T15:02:34Z,9.75458152215318,0.0975458152215318,89765,run-20260823-145500
2026-08-23T16:03:16Z,10.3468285703426,0.103468285703426,96933,run-20260823-155500
2026-08-23T17:03:24Z,9.75201405119893,0.0975201405119893,99583,run-20260823-165500
2026-08-23T18:03:23Z,9.82783593321336,0.0982783593321336,99017,run-20260823-175500
2026-08-23T19:03:11Z,10.620870990702,0.10620870990702,96367,run-20260823-185500
2026-08-23T20:03:01Z,10.4518877720875,0.104518877720875,94032,run-20260823-195500
2026-08-23T21:03:02Z,10.474806097288,0.10474806097288,94339,run-20260823-205500
2026-08-23T22:02:38Z,10.5618223110184,0.105618223110184,89788,run-20260823-215500
2026-08-23T23:02:08Z,10.5565659248597,0.105565659248597,83881,run-20260823-225500
2026-08-24T00:01:55Z,10.188036237574,0.10188036237574,81289,run-20260823-235500
2026-08-24T01:01:49Z,10.0966184087765,0.100966184087765,80735,run-20260824-005500
2026-08-24T02:01:35Z,10.3223274730448,0.103223274730448,77221,run-20260824-015500
2026-08-24T03:01:07Z,10.3853363832274,0.103853363832274,71842,run-20260824-025500
2026-08-24T04:00:12Z,10.2419592612838,0.102419592612838,60765,run-20260824-035500
2026-08-24T04:59:16Z,9.67426626170581,0.0967426626170581,50068,run-20260824-045500
2026-08-24T05:59:30Z,10.3069146324941,0.103069146324941,52567,run-20260824-055500
2026-08-24T06:59:17Z,10.9974061677676,0.109974061677676,50170,run-20260824-065500
2026-08-24T07:59:02Z,11.0743640005632,0.110743640005632,47679,run-20260824-075500
2026-08-24T08:58:52Z,10.7921210934973,0.107921210934973,41472,run-20260824-085500
2026-08-24T09:58:33Z,11.1599440846119,0.111599440846119,42078,run-20260824-095500
2026-08-24T10:58:52Z,11.0957451455752,0.110957451455752,45714,run-20260824-105500
2026-08-24T11:59:45Z,11.6834179070201,0.116834179070201,56267,run-20260824-115500
2026-08-24T13:00:56Z,11.5088917524664,0.115088917524664,70439,run-20260824-125500
2026-08-24T14:02:00Z,11.241192218257,0.11241192218257,81848,run-20260824-135500
2026-08-24T15:02:37Z,10.2709729252833,0.102709729252833,90376,run-20260824-145500
2026-08-24T16:03:24Z,10.4683727275274,0.104683727275274,99359,run-20260824-155500
2026-08-24T17:03:44Z,10.1610526722114,0.101610526722114,103324,run-20260824-165500
2026-08-24T18:03:56Z,9.94806785467436,0.0994806785467436,105013,run-20260824-175500
2026-08-24T19:03:43Z,9.97692393383031,0.0997692393383031,102363,run-20260824-185500
2026-08-24T20:03:56Z,9.85617591684228,0.0985617591684228,104629,run-20260824-195500
2026-08-24T21:04:52Z,9.79952950749469,0.0979952950749469,95188,run-20260824-205500
2026-08-24T22:03:26Z,8.85382623238787,0.0885382623238787,98957,run-20260824-215500
2026-08-24T23:02:54Z,9.03886533774043,0.0903886533774043,92790,run-20260824-225500
2026-08-25T00:02:32Z,9.74800374035054,0.0974800374035054,88476,run-20260824-235500
2026-08-25T01:02:10Z,10.0663763928096,0.100663763928096,84566,run-20260825-005500
2026-08-25T02:01:49Z,9.73032384178207,0.0973032384178207,80215,run-20260825-015500
2026-08-25T03:01:25Z,9.57740606786454,0.0957740606786454,75184,run-20260825-025500
2026-08-25T04:00:29Z,9.79439664836318,0.0979439664836318,64186,run-20260825-035500
2026-08-25T04:59:30Z,9.82705588971291,0.0982705588971291,52324,run-20260825-045500
2026-08-25T05:58:48Z,10.051373774759,0.10051373774759,44052,run-20260825-055500
2026-08-25T06:58:44Z,10.0805692993238,0.100805692993238,43809,run-20260825-065500
2026-08-25T07:58:23Z,10.6403615590787,0.106403615590787,39702,run-20260825-075500
2026-08-25T08:58:11Z,10.9206994969917,0.109206994969917,37572,run-20260825-085500
2026-08-25T09:58:27Z,10.8191628484232,0.108191628484232,40727,run-20260825-095500
2026-08-25T10:59:01Z,11.1546684626923,0.111546684626923,47611,run-20260825-105500
2026-08-25T12:00:01Z,10.4754742609655,0.104754742609655,59642,run-20260825-115500
2026-08-25T13:01:15Z,10.1511357863182,0.101511357863182,73636,run-20260825-125500
2026-08-25T14:02:25Z,9.80990675979417,0.0980990675979417,88166,run-20260825-135500
2026-08-25T15:03:26Z,10.0383492198076,0.100383492198076,99864,run-20260825-145500
2026-08-25T16:03:57Z,9.51349148457852,0.0951349148457852,105739,run-20260825-155500
2026-08-25T17:04:08Z,9.26342634386309,0.0926342634386309,107859,run-20260825-165500
2026-08-25T18:04:00Z,9.74455108755661,0.0974455108755661,106240,run-20260825-175500
2026-08-25T19:07:05Z,5.39960541982603,0.0539960541982603,142762,run-20260825-185500
2026-08-25T21:03:49Z,10.3373747369911,0.103373747369911,104034,run-20260825-205500
2026-08-25T22:03:24Z,10.2180935716801,0.102180935716801,98646,run-20260825-215500
2026-08-25T23:02:51Z,10.0390247894841,0.100390247894841,91753,run-20260825-225500
2026-08-26T00:02:24Z,9.77580276066189,0.0977580276066189,86890,run-20260825-235500
2026-08-26T01:02:15Z,10.1545223545016,0.101545223545016,85718,run-20260826-005500
2026-08-26T02:02:01Z,10.5703140708577,0.105703140708577,82444,run-20260826-015500
2026-08-26T03:01:29Z,10.6753898076151,0.106753898076151,76043,run-20260826-025500
2026-08-26T04:00:23Z,10.8376369721548,0.108376369721548,63225,run-20260826-035500
2026-08-26T04:59:27Z,10.552900351192,0.10552900351192,51962,run-20260826-045500
2026-08-26T05:58:46Z,10.5726328610803,0.105726328610803,43243,run-20260826-055500
2026-08-26T06:58:34Z,11.3518907080077,0.113518907080077,41275,run-20260826-065500
2026-08-26T07:58:17Z,11.6790761541057,0.116790761541057,38459,run-20260826-075500
2026-08-26T08:58:07Z,11.8993919236742,0.118993919236742,36551,run-20260826-085500
2026-08-26T09:58:21Z,11.3509973240207,0.113509973240207,39661,run-20260826-095500
2026-08-26T10:59:03Z,10.8240871302085,0.108240871302085,47727,run-20260826-105500
2026-08-26T11:59:57Z,11.272498101015,0.11272498101015,58736,run-20260826-115500
2026-08-26T13:01:07Z,11.3127692442355,0.113127692442355,72618,run-20260826-125500
2026-08-26T14:02:13Z,10.6269366136589,0.106269366136589,85029,run-20260826-135500
2026-08-26T15:03:22Z,9.82318373380919,0.0982318373380919,98308,run-20260826-145500
2026-08-26T16:05:58Z,5.7148087953635,0.057148087953635,105983,run-20260826-155500
2026-08-26T17:05:44Z,4.47112057134732,0.0447112057134732,125916,run-20260826-165500
2026-08-26T18:04:20Z,7.67139473070695,0.0767139473070695,109944,run-20260826-175500
2026-08-26T19:03:53Z,8.86974659756786,0.0886974659756786,103670,run-20260826-185500
2026-08-26T20:03:43Z,9.56742050140113,0.0956742050140113,102160,run-20260826-195500
2026-08-26T21:03:48Z,9.87912023724834,0.0987912023724834,100916,run-20260826-205500
2026-08-26T22:03:17Z,9.76072658102152,0.0976072658102152,96652,run-20260826-215500
2026-08-26T23:02:51Z,9.71505880611107,0.0971505880611107,91793,run-20260826-225500
2026-08-27T00:02:24Z,10.194924277477,0.10194924277477,86518,run-20260826-235500
2026-08-27T01:02:20Z,9.92691865193422,0.0992691865193422,86455,run-20260827-005500
2026-08-27T02:02:05Z,9.81065479340478,0.0981065479340478,82916,run-20260827-015500
2026-08-27T03:01:26Z,9.90009069210145,0.0990009069210144,75502,run-20260827-025500
2026-08-27T04:00:24Z,10.1789314081449,0.101789314081449,63120,run-20260827-035500
2026-08-27T04:59:38Z,10.0837238028715,0.100837238028715,51718,run-20260827-045500
2026-08-27T05:58:52Z,9.7640365737813,0.097640365737813,44967,run-20260827-055500
2026-08-27T06:58:42Z,10.06756726754,0.1006756726754,43266,run-20260827-065500
2026-08-27T07:58:24Z,11.1278301142316,0.111278301142316,39850,run-20260827-075500
2026-08-27T08:58:11Z,10.7395045689171,0.107395045689171,37406,run-20260827-085500
2026-08-27T09:58:20Z,10.5046074131517,0.105046074131517,39499,run-20260827-095500
2026-08-27T10:58:58Z,10.8870927941732,0.108870927941732,46805,run-20260827-105500
2026-08-27T12:00:02Z,10.8609205880313,0.108609205880313,59146,run-20260827-115500
2026-08-27T13:01:03Z,10.9771230888867,0.109771230888867,71939,run-20260827-125500
2026-08-27T14:02:03Z,9.87796672930246,0.0987796672930246,83503,run-20260827-135500
2026-08-27T15:03:27Z,8.14123009040571,0.0814123009040571,99910,run-20260827-145500
2026-08-27T16:04:06Z,8.14352018687351,0.0814352018687352,107391,run-20260827-155500
2026-08-27T17:04:05Z,9.21502244226726,0.0921502244226726,106912,run-20260827-165500
2026-08-27T18:04:18Z,8.64432754589635,0.0864432754589635,108046,run-20260827-175500
2026-08-27T19:04:45Z,7.89593227904094,0.0789593227904094,114015,run-20260827-185500
2026-08-27T21:04:11Z,9.20787899585452,0.0920787899585452,108532,run-20260827-205500
2026-08-27T22:03:39Z,9.47194893923245,0.0947194893923245,102038,run-20260827-215500
2026-08-27T23:03:02Z,9.53892202903489,0.0953892202903489,94438,run-20260827-225500
2026-08-28T00:02:38Z,9.457584279502,0.09457584279502,88667,run-20260827-235500
2026-08-28T01:02:38Z,9.41769242660337,0.0941769242660337,90245,run-20260828-005500
2026-08-28T02:02:36Z,8.67158568855523,0.0867158568855523,89620,run-20260828-015500
2026-08-28T03:01:27Z,9.59143987101351,0.0959143987101351,75363,run-20260828-025500
2026-08-28T04:00:41Z,10.3279274786971,0.103279274786971,66618,run-20260828-035500
2026-08-28T04:59:49Z,10.7236543181708,0.107236543181708,56292,run-20260828-045500
2026-08-28T05:58:56Z,10.8282615271243,0.108282615271243,45771,run-20260828-055500
2026-08-28T06:58:40Z,10.7871600048354,0.107871600048354,42537,run-20260828-065500
2026-08-28T07:58:31Z,11.2970553846938,0.112970553846938,41158,run-20260828-075500
2026-08-28T08:58:19Z,10.4960191233643,0.104960191233643,39045,run-20260828-085500
2026-08-28T09:58:24Z,10.9083253832823,0.109083253832823,40081,run-20260828-095500
2026-08-28T10:58:52Z,11.6143071369925,0.116143071369925,45644,run-20260828-105500
2026-08-28T11:59:50Z,10.9518272191557,0.109518272191557,56723,run-20260828-115500
2026-08-28T13:00:56Z,11.3217469478554,0.113217469478554,69857,run-20260828-125500
2026-08-28T14:02:13Z,11.4401482220045,0.114401482220045,85347,run-20260828-135500
2026-08-28T15:03:22Z,11.0076295103354,0.110076295103354,98993,run-20260828-145500
2026-08-28T16:03:38Z,11.0040563088346,0.110040563088346,101738,run-20260828-155500
2026-08-28T17:04:12Z,10.4136337391301,0.104136337391301,107451,run-20260828-165500
2026-08-28T18:04:17Z,10.6033727745673,0.106033727745673,108795,run-20260828-175500
2026-08-28T19:04:02Z,10.6982899141862,0.106982899141862,106215,run-20260828-185500
2026-08-28T20:03:36Z,10.9098653598325,0.109098653598325,100692,run-20260828-195500
2026-08-28T21:03:49Z,11.028536544709,0.11028536544709,103134,run-20260828-205500
2026-08-28T22:03:31Z,10.8444879389618,0.108444879389618,100072,run-20260828-215500
2026-08-28T23:02:54Z,11.1170713256395,0.111170713256395,92328,run-20260828-225500
2026-08-29T00:02:40Z,10.6624937997076,0.106624937997076,89668,run-20260828-235500
2026-08-29T01:02:29Z,10.4992355134769,0.104992355134769,88064,run-20260829-005500
2026-08-29T02:02:11Z,10.8445781525862,0.108445781525862,84000,run-20260829-015500
2026-08-29T03:01:28Z,10.7225561085635,0.107225561085635,75370,run-20260829-025500
2026-08-29T04:00:26Z,11.0219417598746,0.110219417598746,62885,run-20260829-035500
2026-08-29T04:59:35Z,10.9033128228975,0.109033128228975,52882,run-20260829-045500
2026-08-29T05:58:52Z,10.8416983781365,0.108416983781365,43248,run-20260829-055500
2026-08-29T06:58:14Z,11.2018035935502,0.112018035935502,17023,run-20260829-065500
2026-08-29T07:58:07Z,11.0797132717226,0.110797132717226,34556,run-20260829-075500
2026-08-29T08:58:10Z,12.8003379445957,0.128003379445957,36774,run-20260829-085500
2026-08-29T09:58:21Z,11.793886217704,0.11793886217704,38905,run-20260829-095500
2026-08-29T10:58:39Z,11.2776545748957,0.112776545748957,42400,run-20260829-105500
2026-08-29T11:59:28Z,12.0133523439113,0.120133523439113,52334,run-20260829-115500
2026-08-29T13:00:43Z,11.2356028836306,0.112356028836306,66905,run-20260829-125500
2026-08-29T14:01:29Z,11.5473756405421,0.115473756405421,76553,run-20260829-135500
2026-08-29T15:02:23Z,11.5815318048042,0.115815318048042,86665,run-20260829-145500
2026-08-29T16:03:01Z,10.7106151242908,0.107106151242908,94289,run-20260829-155500
2026-08-29T17:03:11Z,10.8873758374425,0.108873758374425,95770,run-20260829-165500
2026-08-29T18:03:22Z,10.6462807845488,0.106462807845488,98072,run-20260829-175500
2026-08-29T19:03:15Z,10.8905828761028,0.108905828761028,96504,run-20260829-185500
2026-08-29T20:03:02Z,11.1634709647193,0.111634709647193,93927,run-20260829-195500
2026-08-29T21:02:42Z,11.1540785636271,0.111540785636271,90116,run-20260829-205500
2026-08-29T22:02:25Z,10.5299162733063,0.105299162733063,86564,run-20260829-215500
2026-08-29T23:02:13Z,10.5649600911188,0.105649600911188,83881,run-20260829-225500
2026-08-30T00:01:49Z,11.1801535622613,0.111801535622613,79170,run-20260829-235500
2026-08-30T01:01:44Z,10.4757640425433,0.104757640425433,79343,run-20260830-005500
2026-08-30T02:01:22Z,11.0223154046465,0.110223154046465,74752,run-20260830-015500
2026-08-30T03:00:54Z,11.3378018355926,0.113378018355926,68956,run-20260830-025500
2026-08-30T04:00:14Z,11.1207739725729,0.111207739725729,60863,run-20260830-035500
2026-08-30T04:59:29Z,10.39193739545,0.1039193739545,51894,run-20260830-045500
2026-08-30T05:58:44Z,10.9160465655887,0.109160465655887,43161,run-20260830-055500
2026-08-30T06:58:21Z,10.6483416938757,0.106483416938757,38689,run-20260830-065500
2026-08-30T07:58:10Z,11.6760894342035,0.116760894342035,36672,run-20260830-075500
2026-08-30T08:58:09Z,11.3067205218878,0.113067205218878,36382,run-20260830-085500
2026-08-30T09:58:16Z,11.4227751449391,0.114227751449391,38109,run-20260830-095500
2026-08-30T10:58:28Z,11.7193682830636,0.117193682830636,40275,run-20260830-105500
2026-08-30T11:59:05Z,11.8237465186585,0.118237465186585,47862,run-20260830-115500
2026-08-30T13:00:13Z,12.010965411272,0.12010965411272,60419,run-20260830-125500
2026-08-30T14:01:27Z,10.6401009216541,0.106401009216541,76041,run-20260830-135500
2026-08-30T15:02:26Z,10.4935741331751,0.104935741331751,87670,run-20260830-145500
2026-08-30T16:03:10Z,10.4733312740602,0.104733312740602,96122,run-20260830-155500
2026-08-30T17:03:26Z,10.8211717826806,0.108211717826806,99634,run-20260830-165500
2026-08-30T18:03:34Z,11.205373159993,0.11205373159993,100896,run-20260830-175500
2026-08-30T19:03:13Z,11.1214232750726,0.111214232750726,96506,run-20260830-185500
2026-08-30T20:03:01Z,11.1471417054861,0.111471417054861,94087,run-20260830-195500
2026-08-30T21:02:59Z,10.7476732559068,0.107476732559068,93750,run-20260830-205500
2026-08-30T22:02:20Z,10.9998254745643,0.109998254745643,85879,run-20260830-215500
2026-08-30T23:02:04Z,11.1632810828876,0.111632810828876,82329,run-20260830-225500
2026-08-31T00:01:46Z,11.0663759878587,0.110663759878587,79005,run-20260830-235500
2026-08-31T01:01:34Z,10.9635282355283,0.109635282355283,77230,run-20260831-005500
2026-08-31T02:01:36Z,10.6265227889606,0.106265227889606,77399,run-20260831-015500
2026-08-31T03:01:02Z,10.7236482961269,0.107236482961269,70165,run-20260831-025500
2026-08-31T04:00:18Z,10.9770710160477,0.109770710160477,61191,run-20260831-035500
2026-08-31T04:59:21Z,10.9177380536558,0.109177380536558,50631,run-20260831-045500
2026-08-31T05:58:40Z,11.0264910126463,0.110264910126463,42269,run-20260831-055500
2026-08-31T06:58:24Z,10.983020320777,0.10983020320777,39084,run-20260831-065500
2026-08-31T07:58:15Z,11.3891990481737,0.113891990481737,37502,run-20260831-075500
2026-08-31T08:58:15Z,11.3819620815535,0.113819620815535,37736,run-20260831-085500
2026-08-31T09:58:25Z,11.042272124794,0.11042272124794,39912,run-20260831-095500
2026-08-31T10:58:50Z,11.4648557138808,0.114648557138808,45128,run-20260831-105500
2026-08-31T11:59:43Z,12.0924601253257,0.120924601253257,55438,run-20260831-115500
2026-08-31T13:00:54Z,11.9646150949918,0.119646150949918,69278,run-20260831-125500
2026-08-31T14:02:00Z,11.2070219507517,0.112070219507517,82638,run-20260831-135500
2026-08-31T15:03:01Z,10.1410534414271,0.101410534414271,94397,run-20260831-145500
2026-08-31T16:03:32Z,10.3200766105189,0.103200766105189,100483,run-20260831-155500
2026-08-31T17:03:56Z,10.9221216067125,0.109221216067125,105332,run-20260831-165500
2026-08-31T18:04:02Z,10.4344932269783,0.104344932269783,106217,run-20260831-175500
2026-08-31T19:04:03Z,10.1025316351796,0.101025316351796,106017,run-20260831-185500
2026-08-31T20:04:07Z,10.1009361068155,0.101009361068155,106897,run-20260831-195500
2026-08-31T21:04:16Z,9.5720146765973,0.095720146765973,108474,run-20260831-205500
2026-08-31T22:03:31Z,9.55365909156971,0.0955365909156971,100072,run-20260831-215500
2026-08-31T23:02:48Z,9.38705593122286,0.0938705593122286,91196,run-20260831-225500
2026-09-01T00:02:32Z,9.37399750004207,0.0937399750004207,88287,run-20260831-235500
2026-09-01T01:02:09Z,9.5344763708285,0.095344763708285,84491,run-20260901-005500
2026-09-01T02:02:02Z,9.62824509268456,0.0962824509268456,82696,run-20260901-015500
2026-09-01T03:01:30Z,9.64351395358984,0.0964351395358984,75895,run-20260901-025500
2026-09-01T04:00:27Z,9.93109275320211,0.0993109275320211,63269,run-20260901-035500
2026-09-01T04:59:31Z,10.1863080025468,0.101863080025468,52404,run-20260901-045500
2026-09-01T05:59:03Z,10.8556705463938,0.108556705463938,44283,run-20260901-055500
2026-09-01T06:58:39Z,10.2782089659773,0.102782089659773,42302,run-20260901-065500
2026-09-01T07:58:23Z,10.8656106283283,0.108656106283283,39060,run-20260901-075500
2026-09-01T08:58:14Z,10.6453789554051,0.106453789554051,37699,run-20260901-085500
2026-09-01T09:58:23Z,10.7909296920732,0.107909296920732,39775,run-20260901-095500
2026-09-01T10:59:01Z,11.5626435692823,0.115626435692823,47270,run-20260901-105500
2026-09-01T12:00:02Z,11.7842932176696,0.117842932176696,58965,run-20260901-115500
2026-09-01T13:01:27Z,11.0942089283401,0.110942089283401,76101,run-20260901-125500
2026-09-01T14:02:23Z,10.7108293444855,0.107108293444855,87262,run-20260901-135500
2026-09-01T15:03:31Z,10.3431647053186,0.103431647053186,100331,run-20260901-145500
2026-09-01T16:03:58Z,10.1094037523183,0.101094037523183,105839,run-20260901-155500
2026-09-01T17:04:13Z,9.32878983267229,0.0932878983267229,108565,run-20260901-165500
2026-09-01T18:04:10Z,9.63793571381217,0.0963793571381217,107793,run-20260901-175500
2026-09-01T19:04:01Z,10.0962593336233,0.100962593336233,105867,run-20260901-185500
2026-09-01T20:03:52Z,9.73393496652065,0.0973393496652065,103806,run-20260901-195500
2026-09-01T21:03:54Z,9.83874055237791,0.0983874055237791,103904,run-20260901-205500
2026-09-01T22:03:44Z,9.07206918288013,0.0907206918288013,102533,run-20260901-215500
2026-09-01T23:03:12Z,9.50771360392019,0.0950771360392019,95358,run-20260901-225500
2026-09-02T00:02:45Z,9.06571993083647,0.0906571993083647,90733,run-20260901-235500
2026-09-02T01:02:23Z,9.58767773158723,0.0958767773158723,86668,run-20260902-005500
2026-09-02T02:02:20Z,8.85998042428572,0.0885998042428572,85300,run-20260902-015500
2026-09-02T03:01:37Z,9.58118681735476,0.0958118681735476,77343,run-20260902-025500
2026-09-02T04:00:39Z,9.79648108443294,0.0979648108443294,65605,run-20260902-035500
2026-09-02T04:59:38Z,9.92275797866336,0.0992275797866336,53441,run-20260902-045500
2026-09-02T05:59:05Z,10.1784349830233,0.101784349830233,45701,run-20260902-055500
2026-09-02T06:58:40Z,9.72186348223762,0.0972186348223762,42520,run-20260902-065500
2026-09-02T07:58:32Z,10.6132179639698,0.106132179639698,40777,run-20260902-075500
2026-09-02T08:58:15Z,10.7667007517549,0.107667007517549,37894,run-20260902-085500
2026-09-02T09:58:29Z,11.0620249363217,0.110620249363217,40375,run-20260902-095500
2026-09-02T10:59:04Z,11.140742584293,0.11140742584293,48024,run-20260902-105500
2026-09-02T11:59:55Z,10.4780069204774,0.104780069204774,57904,run-20260902-115500
2026-09-02T13:01:19Z,10.5051534372308,0.105051534372308,74164,run-20260902-125500
2026-09-02T14:02:19Z,9.87477109845945,0.0987477109845945,86069,run-20260902-135500
2026-09-02T15:03:03Z,9.9120881858757,0.099120881858757,94422,run-20260902-145500
2026-09-02T16:03:10Z,9.8407424404502,0.098407424404502,95874,run-20260902-155500
2026-09-02T17:03:18Z,9.39672582418298,0.0939672582418298,97127,run-20260902-165500
2026-09-02T18:03:57Z,9.93410749761113,0.0993410749761113,104831,run-20260902-175500
2026-09-02T19:04:25Z,9.73341532409614,0.0973341532409614,110874,run-20260902-185500
2026-09-02T20:04:08Z,9.89113374388571,0.0989113374388571,107204,run-20260902-195500
2026-09-02T21:04:23Z,9.16179442743609,0.0916179442743608,109992,run-20260902-205500
2026-09-02T22:04:09Z,9.06644896277419,0.0906644896277419,107028,run-20260902-215500
2026-09-02T23:03:26Z,8.71137034660509,0.0871137034660509,98667,run-20260902-225500
2026-09-03T00:02:45Z,9.1110688174295,0.091110688174295,90745,run-20260902-235500
2026-09-03T01:02:50Z,9.04782367302329,0.0904782367302329,83908,run-20260903-005500
2026-09-03T02:02:13Z,9.35072506593609,0.0935072506593609,84548,run-20260903-015500
2026-09-03T03:01:30Z,9.44535350506073,0.0944535350506073,76062,run-20260903-025500
2026-09-03T04:00:23Z,9.29152729236378,0.0929152729236378,62862,run-20260903-035500
2026-09-03T04:59:25Z,9.94867066691024,0.0994867066691024,51473,run-20260903-045500
2026-09-03T05:58:48Z,10.2802595664325,0.102802595664325,44024,run-20260903-055500
2026-09-03T06:58:43Z,9.58838095999723,0.0958838095999723,43165,run-20260903-065500
2026-09-03T07:58:27Z,10.7295471380883,0.107295471380883,40216,run-20260903-075500
2026-09-03T08:58:19Z,10.4370840047789,0.104370840047789,38485,run-20260903-085500
2026-09-03T09:58:26Z,10.6909925088495,0.106909925088495,39993,run-20260903-095500
2026-09-03T10:58:58Z,10.1167748315477,0.101167748315477,46510,run-20260903-105500
2026-09-03T11:59:59Z,11.2329787384235,0.112329787384235,58767,run-20260903-115500
2026-09-03T13:01:15Z,11.004454261044,0.11004454261044,73558,run-20260903-125500
2026-09-03T14:02:37Z,10.717497722858,0.10717497722858,89935,run-20260903-135500
2026-09-03T15:03:28Z,11.1943637098242,0.111943637098242,99829,run-20260903-145500
2026-09-03T16:03:50Z,10.1146985832593,0.101146985832593,103658,run-20260903-155500
2026-09-03T17:04:12Z,10.3881929811363,0.103881929811363,107970,run-20260903-165500
2026-09-03T18:04:02Z,10.3325654346116,0.103325654346116,106162,run-20260903-175500
2026-09-03T19:04:11Z,9.42564095916365,0.0942564095916365,107994,run-20260903-185500
2026-09-03T20:03:53Z,9.74396775066277,0.0974396775066277,104140,run-20260903-195500
2026-09-03T21:03:40Z,10.0313751838271,0.100313751838271,101259,run-20260903-205500
2026-09-03T22:03:30Z,9.97364528651522,0.0997364528651522,99518,run-20260903-215500
2026-09-03T23:02:54Z,9.56598291975734,0.0956598291975734,92076,run-20260903-225500
2026-09-04T00:03:08Z,9.98986910480279,0.0998986910480279,85113,run-20260903-235500
